<?xml version="1.0" encoding="utf-8"?>
<COLLADA xmlns="http://www.collada.org/2005/11/COLLADASchema" version="1.4.1" xmlns:xsi="http://www.w3.org/2001/XMLSchema-instance">
  <asset>
    <contributor>
      <author>Blender User</author>
      <authoring_tool>Blender 2.82.7 commit date:2020-02-12, commit time:16:20, hash:77d23b0bd76f</authoring_tool>
    </contributor>
    <created>2020-03-06T23:03:59</created>
    <modified>2020-03-06T23:03:59</modified>
    <unit name="meter" meter="1"/>
    <up_axis>Z_UP</up_axis>
  </asset>
  <library_effects>
    <effect id="Material_001-effect">
      <profile_COMMON>
        <technique sid="common">
          <lambert>
            <emission>
              <color sid="emission">0 0 0 1</color>
            </emission>
            <diffuse>
              <color sid="diffuse">0.8 0.8 0.8 1</color>
            </diffuse>
            <reflectivity>
              <float sid="specular">0.5</float>
            </reflectivity>
          </lambert>
        </technique>
      </profile_COMMON>
    </effect>
  </library_effects>
  <library_images/>
  <library_materials>
    <material id="Material_001-material" name="Material.001">
      <instance_effect url="#Material_001-effect"/>
    </material>
  </library_materials>
  <library_geometries>
    <geometry id="Cylinder_048-mesh" name="Cylinder.048">
      <mesh>
        <source id="Cylinder_048-mesh-positions">
          <float_array id="Cylinder_048-mesh-positions-array" count="216">1.223244 -17.87046 -11.94066 1.223244 -19.85659 -8.224866 1.223244 -21.07965 -4.192997 1.223244 -21.49262 6.06371e-6 1.223242 -7.9365e-7 21.49262 1.223244 -21.07964 4.193009 1.223244 -19.85659 8.224878 1.223244 -17.87045 11.94067 1.223244 -15.19757 15.19759 1.223243 -11.94065 17.87047 1.223243 -8.224854 19.8566 1.223242 -4.192984 21.07965 -31.33626 -19.85659 8.224878 -31.43174 -4.192988 21.07965 31.36849 -21.07964 4.193009 31.17469 -8.22485 19.8566 -31.24404 -21.07965 -4.192997 -31.38805 -15.19757 15.19759 31.52212 -19.85659 -8.224866 31.15445 2.77443e-6 21.49262 31.27263 -17.87045 11.94067 -31.30632 -21.07965 4.193009 -31.42265 -8.224858 19.8566 31.42037 -21.49262 6.06372e-6 31.19926 -11.94064 17.87047 -31.4348 -4.68679e-6 21.49262 -31.21409 -19.85659 -8.224866 -31.36386 -17.87046 11.94067 31.56809 -17.87046 -11.94066 31.3186 -19.85658 8.224878 31.15956 -4.19298 21.07965 -31.27517 -21.49262 6.0637e-6 -31.40791 -11.94065 17.87047 31.47224 -21.07964 -4.192997 31.23234 -15.19756 15.19759 -31.18649 -17.87046 -11.94066 1.086359 -17.69092 3.563182 1.086358 -16.67213 6.921686 26.11718 -15.0177 10.0169 26.08361 -12.79121 12.72988 -25.9336 -16.67214 -6.780778 1.086358 -16.67214 -6.780778 26.01874 -0.1318021 17.97358 1.086356 -0.131805 17.97358 26.0356 -6.983018 16.61079 26.02299 -3.624512 17.62957 -25.98448 -18.03493 0.07045429 1.086359 -18.03493 0.07045429 1.086358 -10.07824 14.95636 1.086357 -6.983021 16.61079 -26.10733 -6.983024 16.61079 -26.09505 -10.07824 14.95636 1.086359 -17.69093 -3.422274 1.086357 -3.624515 17.62957 26.05606 -10.07823 14.95636 1.086358 -12.79122 12.72988 1.086358 -15.0177 10.0169 26.15548 -16.67213 6.921686 26.19703 -17.69092 3.563182 26.24025 -18.03493 0.07045429 26.28345 -17.69092 -3.422274 26.325 -16.67213 -6.780778 26.36329 -15.01771 -9.875995 1.086358 -15.01771 -9.875994 -26.05836 -15.01771 10.0169 -26.11746 -0.1318083 17.97358 -25.91061 -15.01771 -9.875994 -26.07851 -12.79122 12.72988 -25.95855 -17.69093 -3.422274 -26.1149 -3.624519 17.62957 -26.03537 -16.67213 6.921685 -26.01043 -17.69093 3.563181</float_array>
          <technique_common>
            <accessor source="#Cylinder_048-mesh-positions-array" count="72" stride="3">
              <param name="X" type="float"/>
              <param name="Y" type="float"/>
              <param name="Z" type="float"/>
            </accessor>
          </technique_common>
        </source>
        <source id="Cylinder_048-mesh-normals">
          <float_array id="Cylinder_048-mesh-normals-array" count="216">0 -0.3826816 0.9238803 0.9378253 -0.06708121 0.340564 0 -0.1950772 0.9807879 0 -0.8314677 0.5555732 -0.9414852 -0.3136453 0.1234194 0 -0.9238803 0.3826816 -0.9412909 -0.3322275 0.05996936 0 -0.9807879 0.1950772 0 -0.9807879 -0.1950772 -0.9400151 -0.3133689 -0.1348023 0 -0.9238803 -0.3826816 -0.7921612 0.05832254 -0.6075189 0 -0.2247726 -0.9744114 0 -1 0 0.9394055 -0.3337864 0.07812863 0 0.6853105 0.7282511 -0.9405955 -0.06900346 0.3324434 -0.9410089 -0.1330041 0.3111467 0.9390727 -0.3392808 -0.05505645 0.9390789 -0.2378369 0.2481219 0 -0.7071068 0.7071068 0.7917091 0.5359548 0.2931713 -0.9409645 -0.3384567 -0.005737543 -0.9405322 -0.3321069 -0.07144474 0.9387607 -0.1870502 0.28938 0 -0.5555732 0.8314677 0.9383375 -0.1295226 0.3205412 0.9392896 -0.3429138 0.01205503 -0.9415001 -0.2420433 0.2345052 -0.9415557 -0.2832511 0.1823232 0.9387586 -0.3226754 -0.120885 -0.9413123 -0.1913876 0.2780324 0.9394075 -0.3125458 0.140815 0.9393026 -0.2801396 0.1980723 0 0.3826816 -0.9238803 0.2993326 0.1873881 -0.9355671 0.2978693 0.3670567 -0.881217 -0.2888939 0.883681 -0.3683047 0 0.8314677 -0.5555732 0 0.9238803 -0.3826816 -0.289444 0.9383431 -0.1890358 0 0.9807879 -0.1950772 -0.2931644 0.8842846 0.3634493 0 0.9807879 0.1950772 0 0.9238803 0.3826816 -0.2127155 0.963751 -0.1610473 0 0.9744114 -0.2247726 0 1 0 0.2948192 0.9378669 -0.1829954 0.2952377 0.9554178 0.003418087 -0.2917987 0.1866889 -0.9380837 0 0.7282511 -0.6853105 0 0.1950772 -0.9807879 -0.2905122 0.3657725 -0.884202 0.2959746 0.936205 0.1895238 0.2970135 0.8810608 0.3681234 0.2956731 0.6775028 -0.6734742 0.2950303 0.7962187 -0.528198 0.2184229 0.6675679 -0.7117896 -0.2903554 0.9569155 -0.002533018 -0.2916077 0.9386684 0.1840287 0 0.7071068 -0.7071068 0.2966464 0.5325596 -0.7927051 0 0.5555732 -0.8314677 -0.2889603 0.6759803 -0.6779031 -0.2887095 0.7950803 -0.53338 0.2179334 0.963015 -0.1584526 -0.289564 0.5309996 -0.796362 0.2947516 0.8841328 -0.3625341 -0.2124745 0.6688582 -0.7123786 -0.7945512 0.5351333 0.2869161 0.7957269 0.05469036 -0.6031814</float_array>
          <technique_common>
            <accessor source="#Cylinder_048-mesh-normals-array" count="72" stride="3">
              <param name="X" type="float"/>
              <param name="Y" type="float"/>
              <param name="Z" type="float"/>
            </accessor>
          </technique_common>
        </source>
        <source id="Cylinder_048-mesh-map-0">
          <float_array id="Cylinder_048-mesh-map-0-array" count="840">0.1995083 0.6832562 0.1751534 0.7728005 0.1751534 0.6832562 0.4846524 0.6668292 0.4638877 0.7642198 0.4638877 0.6668292 0.4638877 0.6668292 0.4409447 0.7641303 0.4409447 0.6668292 0.3921003 0.6668292 0.368076 0.7638545 0.3680759 0.6668292 0.3680759 0.6668292 0.3455553 0.7637719 0.3455553 0.6668292 0.416705 0.6668292 0.4409446 0.57666 0.4409447 0.6668292 0.1505759 0.6832562 0.1751534 0.58558 0.1751534 0.6832562 0.1751534 0.6832562 0.1995083 0.5856072 0.1995083 0.6832562 0.3680759 0.6668292 0.3921002 0.5763497 0.3921003 0.6668292 0.2621335 0.6832562 0.2438504 0.7730182 0.2438504 0.6832562 0.1751534 0.6832562 0.1505759 0.7727852 0.1505759 0.6832562 0.4409447 0.6668292 0.4167051 0.7640371 0.416705 0.6668292 0.416705 0.6668292 0.3921003 0.763944 0.3921003 0.6668292 0.2438504 0.6832562 0.2227045 0.7729192 0.2227045 0.6832562 0.2227045 0.6832562 0.1995084 0.7728458 0.1995083 0.6832562 0.3921003 0.6668292 0.416705 0.5765048 0.416705 0.6668292 0.2227045 0.6832562 0.2438504 0.5857107 0.2438504 0.6832562 0.2438504 0.6832562 0.2621335 0.585783 0.2621335 0.6832562 0.3455553 0.6668292 0.3680759 0.5762005 0.3680759 0.6668292 0.1995083 0.6832562 0.2227045 0.5856513 0.2227045 0.6832562 0.4409447 0.6668292 0.4638876 0.5768092 0.4638877 0.6668292 0.4638877 0.6668292 0.4846524 0.5769467 0.4846524 0.6668292 0.8910811 0.8403428 0.9111261 0.9149322 0.8910811 0.9149699 0.8269551 0.2740286 0.8444206 0.355154 0.8269551 0.355154 0.807731 0.2741032 0.8269551 0.355154 0.807731 0.355154 0.7470605 0.274333 0.7670011 0.355154 0.7470605 0.355154 0.7284317 0.2744018 0.7470605 0.355154 0.7284317 0.355154 0.787487 0.355154 0.807731 0.430264 0.787487 0.4303933 0.9111261 0.7589794 0.9316244 0.8403427 0.9111261 0.8403428 0.891081 0.7590021 0.9111261 0.8403428 0.8910811 0.8403428 0.7470605 0.355154 0.7670011 0.4305225 0.7470605 0.4306468 0.8444206 0.355154 0.8594563 0.4299248 0.8444206 0.4300252 0.9111261 0.8403428 0.9316244 0.9149194 0.9111261 0.9149322 0.787487 0.2741808 0.807731 0.355154 0.787487 0.355154 0.7670011 0.2742584 0.787487 0.355154 0.7670011 0.355154 0.8553855 0.8403427 0.8722598 0.9150311 0.8553855 0.9151135 0.8722598 0.8403427 0.8910811 0.9149699 0.8722598 0.9150311 0.7670011 0.355154 0.787487 0.4303933 0.7670011 0.4305225 0.8553855 0.7590883 0.8722598 0.8403427 0.8553855 0.8403427 0.8444206 0.2739598 0.8594563 0.355154 0.8444206 0.355154 0.7284317 0.355154 0.7470605 0.4306468 0.7284317 0.4307613 0.8722598 0.7590388 0.8910811 0.8403428 0.8722598 0.8403427 0.807731 0.355154 0.8269551 0.4301397 0.807731 0.430264 0.8269551 0.355154 0.8444206 0.4300252 0.8269551 0.4301397 0.7885196 0.106149 0.8112751 0.08733892 0.8072863 0.1074514 0.7933082 0.08200401 0.8190996 0.0683785 0.8112751 0.08733892 0.0763933 0.7400429 0.05037873 0.7522817 0.0582084 0.7333526 0.7933082 0.1548594 0.8072863 0.1279432 0.8112751 0.1480267 0.0763933 0.6671366 0.06219995 0.6927427 0.0582084 0.6726225 0.0811851 0.7159082 0.0582084 0.7333526 0.06219995 0.7132487 0.06699377 0.6443738 0.03901177 0.6365878 0.05334782 0.6238772 0.9466897 0.8485008 0.9671618 0.9302812 0.9466898 0.9461862 0.7885196 0.1307493 0.8072863 0.1074514 0.8072863 0.1279432 0.05334782 0.6238772 0.02454441 0.6220582 0.0359798 0.6064345 0.7933082 0.1548594 0.8190996 0.1669301 0.8027015 0.1775529 0.9466897 0.8485008 0.9671617 0.7743335 0.9671618 0.8489102 0.0359798 0.8005796 0.007532656 0.7951368 0.02454441 0.783779 0.8336947 0.02127993 0.8619171 0.02530992 0.8449167 0.03675639 0.8027015 0.1775529 0.830459 0.1839271 0.8163383 0.1979576 0.0763933 0.6671366 0.05037873 0.6536613 0.06699377 0.6443738 0.8163383 0.1979576 0.8449167 0.1983644 0.8336948 0.2152895 0.8336948 0.2152895 0.8619171 0.209687 0.8541037 0.2288823 0.2197654 0.8851584 0.2373746 0.9603562 0.2197654 0.9759246 0.05334782 0.783208 0.02454441 0.783779 0.03901177 0.7693086 0.2197654 0.8851584 0.2373746 0.8039967 0.2373746 0.8847489 0.0359798 0.6064345 0.007532596 0.6106308 0.01555716 0.592716 0.8163383 0.03873813 0.8449167 0.03675639 0.8304589 0.05129891 0.06699377 0.7627672 0.03901177 0.7693086 0.05037873 0.7522817 0.0811851 0.6912908 0.06219995 0.7132487 0.06219995 0.6927427 0.8027014 0.05924212 0.8304589 0.05129891 0.8190996 0.0683785 0.1995083 0.6832562 0.1995084 0.7728458 0.1751534 0.7728005 0.4846524 0.6668292 0.4846524 0.7643024 0.4638877 0.7642198 0.4638877 0.6668292 0.4638877 0.7642198 0.4409447 0.7641303 0.3921003 0.6668292 0.3921003 0.763944 0.368076 0.7638545 0.3680759 0.6668292 0.368076 0.7638545 0.3455553 0.7637719 0.416705 0.6668292 0.416705 0.5765048 0.4409446 0.57666 0.1505759 0.6832562 0.1505759 0.5855708 0.1751534 0.58558 0.1751534 0.6832562 0.1751534 0.58558 0.1995083 0.5856072 0.3680759 0.6668292 0.3680759 0.5762005 0.3921002 0.5763497 0.2621335 0.6832562 0.2621335 0.7731387 0.2438504 0.7730182 0.1751534 0.6832562 0.1751534 0.7728005 0.1505759 0.7727852 0.4409447 0.6668292 0.4409447 0.7641303 0.4167051 0.7640371 0.416705 0.6668292 0.4167051 0.7640371 0.3921003 0.763944 0.2438504 0.6832562 0.2438504 0.7730182 0.2227045 0.7729192 0.2227045 0.6832562 0.2227045 0.7729192 0.1995084 0.7728458 0.3921003 0.6668292 0.3921002 0.5763497 0.416705 0.5765048 0.2227045 0.6832562 0.2227045 0.5856513 0.2438504 0.5857107 0.2438504 0.6832562 0.2438504 0.5857107 0.2621335 0.585783 0.3455553 0.6668292 0.3455553 0.576063 0.3680759 0.5762005 0.1995083 0.6832562 0.1995083 0.5856072 0.2227045 0.5856513 0.4409447 0.6668292 0.4409446 0.57666 0.4638876 0.5768092 0.4638877 0.6668292 0.4638876 0.5768092 0.4846524 0.5769467 0.8910811 0.8403428 0.9111261 0.8403428 0.9111261 0.9149322 0.8269551 0.2740286 0.8444206 0.2739598 0.8444206 0.355154 0.807731 0.2741032 0.8269551 0.2740286 0.8269551 0.355154 0.7470605 0.274333 0.7670011 0.2742584 0.7670011 0.355154 0.7284317 0.2744018 0.7470605 0.274333 0.7470605 0.355154 0.787487 0.355154 0.807731 0.355154 0.807731 0.430264 0.9111261 0.7589794 0.9316244 0.7589718 0.9316244 0.8403427 0.891081 0.7590021 0.9111261 0.7589794 0.9111261 0.8403428 0.7470605 0.355154 0.7670011 0.355154 0.7670011 0.4305225 0.8444206 0.355154 0.8594563 0.355154 0.8594563 0.4299248 0.9111261 0.8403428 0.9316244 0.8403427 0.9316244 0.9149194 0.787487 0.2741808 0.807731 0.2741032 0.807731 0.355154 0.7670011 0.2742584 0.787487 0.2741808 0.787487 0.355154 0.8553855 0.8403427 0.8722598 0.8403427 0.8722598 0.9150311 0.8722598 0.8403427 0.8910811 0.8403428 0.8910811 0.9149699 0.7670011 0.355154 0.787487 0.355154 0.787487 0.4303933 0.8553855 0.7590883 0.8722598 0.7590388 0.8722598 0.8403427 0.8444206 0.2739598 0.8594563 0.2738996 0.8594563 0.355154 0.7284317 0.355154 0.7470605 0.355154 0.7470605 0.4306468 0.8722598 0.7590388 0.891081 0.7590021 0.8910811 0.8403428 0.807731 0.355154 0.8269551 0.355154 0.8269551 0.4301397 0.8269551 0.355154 0.8444206 0.355154 0.8444206 0.4300252 0.7885196 0.106149 0.7933082 0.08200401 0.8112751 0.08733892 0.7933082 0.08200401 0.8027014 0.05924212 0.8190996 0.0683785 0.0763933 0.7400429 0.06699377 0.7627672 0.05037873 0.7522817 0.7933082 0.1548594 0.7885196 0.1307493 0.8072863 0.1279432 0.0763933 0.6671366 0.0811851 0.6912908 0.06219995 0.6927427 0.0811851 0.7159082 0.0763933 0.7400429 0.0582084 0.7333526 0.06699377 0.6443738 0.05037873 0.6536613 0.03901177 0.6365878 0.9466897 0.8485008 0.9671618 0.8489102 0.9671618 0.9302812 0.7885196 0.1307493 0.7885196 0.106149 0.8072863 0.1074514 0.05334782 0.6238772 0.03901177 0.6365878 0.02454441 0.6220582 0.7933082 0.1548594 0.8112751 0.1480267 0.8190996 0.1669301 0.9466897 0.8485008 0.9466897 0.7589718 0.9671617 0.7743335 0.0359798 0.8005796 0.01555728 0.8142144 0.007532656 0.7951368 0.8336947 0.02127993 0.8541037 0.007538497 0.8619171 0.02530992 0.8027015 0.1775529 0.8190996 0.1669301 0.830459 0.1839271 0.0763933 0.6671366 0.0582084 0.6726225 0.05037873 0.6536613 0.8163383 0.1979576 0.830459 0.1839271 0.8449167 0.1983644 0.8336948 0.2152895 0.8449167 0.1983644 0.8619171 0.209687 0.2197654 0.8851584 0.2373746 0.8847489 0.2373746 0.9603562 0.05334782 0.783208 0.0359798 0.8005796 0.02454441 0.783779 0.2197654 0.8851584 0.2197654 0.7882157 0.2373746 0.8039967 0.0359798 0.6064345 0.02454441 0.6220582 0.007532596 0.6106308 0.8163383 0.03873813 0.8336947 0.02127993 0.8449167 0.03675639 0.06699377 0.7627672 0.05334782 0.783208 0.03901177 0.7693086 0.0811851 0.6912908 0.0811851 0.7159082 0.06219995 0.7132487 0.8027014 0.05924212 0.8163383 0.03873813 0.8304589 0.05129891</float_array>
          <technique_common>
            <accessor source="#Cylinder_048-mesh-map-0-array" count="420" stride="2">
              <param name="S" type="float"/>
              <param name="T" type="float"/>
            </accessor>
          </technique_common>
        </source>
        <vertices id="Cylinder_048-mesh-vertices">
          <input semantic="POSITION" source="#Cylinder_048-mesh-positions"/>
        </vertices>
        <triangles material="Material_001-material" count="140">
          <input semantic="VERTEX" source="#Cylinder_048-mesh-vertices" offset="0"/>
          <input semantic="NORMAL" source="#Cylinder_048-mesh-normals" offset="1"/>
          <input semantic="TEXCOORD" source="#Cylinder_048-mesh-map-0" offset="2" set="0"/>
          <p>10 0 0 30 1 1 11 2 2 7 3 3 12 4 4 6 5 5 6 5 6 21 6 7 5 7 8 2 8 9 26 9 10 1 10 11 1 10 12 35 11 13 0 12 14 3 13 15 14 14 16 5 7 17 4 15 18 13 16 19 11 2 20 11 2 21 22 17 22 10 0 23 1 10 24 33 18 25 2 8 26 7 3 27 34 19 28 8 20 29 11 2 30 19 21 31 4 15 32 5 7 33 31 22 34 3 13 35 3 13 36 16 23 37 2 8 38 8 20 39 24 24 40 9 25 41 9 25 42 15 26 43 10 0 44 2 8 45 23 27 46 3 13 47 9 25 48 17 28 49 8 20 50 8 20 51 27 29 52 7 3 53 0 12 54 18 30 55 1 10 56 10 0 57 32 31 58 9 25 59 5 7 60 29 32 61 6 5 62 6 5 63 20 33 64 7 3 65 49 34 66 45 35 67 44 36 68 70 37 69 56 38 70 37 39 71 71 40 72 37 39 73 36 41 74 40 42 75 52 43 76 41 44 77 66 45 78 41 44 79 63 46 80 47 47 81 58 48 82 59 49 83 69 50 84 43 51 85 53 52 86 50 53 87 53 52 88 49 34 89 41 44 90 60 54 91 61 55 92 56 38 93 39 56 94 38 57 95 53 52 96 42 58 97 45 35 98 46 59 99 36 41 100 47 47 101 68 60 102 47 47 103 52 43 104 55 61 105 54 62 106 39 56 107 48 63 108 44 36 109 54 62 110 52 43 111 59 49 112 60 54 113 67 64 114 48 63 115 55 61 116 64 65 117 55 61 118 56 38 119 63 46 120 61 55 121 62 66 122 51 67 123 49 34 124 48 63 125 36 41 126 57 68 127 58 48 128 37 39 129 38 57 130 57 68 131 29 32 132 58 48 133 57 68 134 14 14 135 59 49 136 58 48 137 17 28 138 51 67 139 67 64 140 34 19 141 38 57 142 39 56 143 21 6 144 70 37 145 71 40 146 27 29 147 67 64 148 64 65 149 31 22 150 68 60 151 16 23 152 4 15 153 65 69 154 25 70 155 20 33 156 57 68 157 38 57 158 16 23 159 40 42 160 26 9 161 34 19 162 54 62 163 24 24 164 4 15 165 42 58 166 43 51 167 13 16 168 65 69 169 69 50 170 18 30 171 62 66 172 61 55 173 24 24 174 44 36 175 15 26 176 21 6 177 46 59 178 31 22 179 15 26 180 45 35 181 30 1 182 30 1 183 42 58 184 19 21 185 0 12 186 62 66 187 28 71 188 22 17 189 69 50 190 50 53 191 0 12 192 66 45 193 63 46 194 26 9 195 66 45 196 35 11 197 33 18 198 61 55 199 60 54 200 32 31 201 50 53 202 51 67 203 12 4 204 64 65 205 70 37 206 23 27 207 60 54 208 59 49 209 10 0 210 15 26 211 30 1 212 7 3 213 27 29 214 12 4 215 6 5 216 12 4 217 21 6 218 2 8 219 16 23 220 26 9 221 1 10 222 26 9 223 35 11 224 3 13 225 23 27 226 14 14 227 4 15 228 25 70 229 13 16 230 11 2 231 13 16 232 22 17 233 1 10 234 18 30 235 33 18 236 7 3 237 20 33 238 34 19 239 11 2 240 30 1 241 19 21 242 5 7 243 21 6 244 31 22 245 3 13 246 31 22 247 16 23 248 8 20 249 34 19 250 24 24 251 9 25 252 24 24 253 15 26 254 2 8 255 33 18 256 23 27 257 9 25 258 32 31 259 17 28 260 8 20 261 17 28 262 27 29 263 0 12 264 28 71 265 18 30 266 10 0 267 22 17 268 32 31 269 5 7 270 14 14 271 29 32 272 6 5 273 29 32 274 20 33 275 49 34 276 53 52 277 45 35 278 70 37 279 64 65 280 56 38 281 71 40 282 70 37 283 37 39 284 40 42 285 68 60 286 52 43 287 66 45 288 40 42 289 41 44 290 47 47 291 36 41 292 58 48 293 69 50 294 65 69 295 43 51 296 50 53 297 69 50 298 53 52 299 41 44 300 52 43 301 60 54 302 56 38 303 55 61 304 39 56 305 53 52 306 43 51 307 42 58 308 46 59 309 71 40 310 36 41 311 68 60 312 46 59 313 47 47 314 55 61 315 48 63 316 54 62 317 48 63 318 49 34 319 44 36 320 52 43 321 47 47 322 59 49 323 67 64 324 51 67 325 48 63 326 64 65 327 67 64 328 55 61 329 63 46 330 41 44 331 61 55 332 51 67 333 50 53 334 49 34 335 36 41 336 37 39 337 57 68 338 37 39 339 56 38 340 38 57 341 29 32 342 14 14 343 58 48 344 14 14 345 23 27 346 59 49 347 17 28 348 32 31 349 51 67 350 34 19 351 20 33 352 38 57 353 21 6 354 12 4 355 70 37 356 27 29 357 17 28 358 67 64 359 31 22 360 46 59 361 68 60 362 4 15 363 43 51 364 65 69 365 20 33 366 29 32 367 57 68 368 16 23 369 68 60 370 40 42 371 34 19 372 39 56 373 54 62 374 4 15 375 19 21 376 42 58 377 13 16 378 25 70 379 65 69 380 18 30 381 28 71 382 62 66 383 24 24 384 54 62 385 44 36 386 21 6 387 71 40 388 46 59 389 15 26 390 44 36 391 45 35 392 30 1 393 45 35 394 42 58 395 0 12 396 63 46 397 62 66 398 22 17 399 13 16 400 69 50 401 0 12 402 35 11 403 66 45 404 26 9 405 40 42 406 66 45 407 33 18 408 18 30 409 61 55 410 32 31 411 22 17 412 50 53 413 12 4 414 27 29 415 64 65 416 23 27 417 33 18 418 60 54 419</p>
        </triangles>
      </mesh>
    </geometry>
    <geometry id="Cylinder_050-mesh" name="Cylinder.050">
      <mesh>
        <source id="Cylinder_050-mesh-positions">
          <float_array id="Cylinder_050-mesh-positions-array" count="216">1.223242 1.08529e-6 21.49262 31.15445 4.65337e-6 21.49262 -31.4348 -2.80785e-6 21.49262 1.22324 17.87046 -11.94066 1.223239 19.85659 -8.224866 1.223239 21.07965 -4.192997 1.223239 21.49262 6.06371e-6 1.223239 21.07964 4.193009 1.223239 19.85659 8.224878 1.22324 17.87045 11.94067 1.22324 15.19757 15.19759 1.22324 11.94065 17.87047 1.223241 8.224854 19.8566 1.223241 4.192984 21.07965 -31.33627 19.85658 8.224878 -31.43174 4.19298 21.07965 31.36848 21.07965 4.193009 31.17469 8.224858 19.8566 -31.24404 21.07964 -4.192997 -31.38805 15.19756 15.19759 31.52211 19.85659 -8.224866 31.27263 17.87046 11.94067 -31.30632 21.07964 4.193009 -31.42265 8.22485 19.8566 31.42036 21.49262 6.06371e-6 31.19926 11.94065 17.87047 -31.21409 19.85659 -8.224866 -31.36387 17.87045 11.94067 31.56809 17.87046 -11.94066 31.3186 19.85659 8.224878 31.15956 4.192988 21.07965 -31.27518 21.49262 6.06371e-6 -31.40791 11.94064 17.87047 31.47223 21.07965 -4.192997 31.23233 15.19757 15.19759 -31.1865 17.87046 -11.94066 1.086354 17.69092 3.563182 1.086354 16.67213 6.921686 26.11718 15.01771 10.0169 26.08361 12.79122 12.72988 -25.9336 16.67213 -6.780778 1.086354 16.67214 -6.780778 26.01874 0.1318083 17.97358 1.086356 0.1318053 17.97358 26.0356 6.983024 16.61079 26.02299 3.624519 17.62957 -25.98449 18.03493 0.07045429 1.086354 18.03493 0.07045429 1.086355 10.07824 14.95636 1.086356 6.983021 16.61079 -26.10733 6.983018 16.61079 -26.09505 10.07823 14.95636 1.086354 17.69093 -3.422274 1.086356 3.624515 17.62957 26.05606 10.07824 14.95636 1.086355 12.79122 12.72988 1.086355 15.0177 10.0169 26.15547 16.67213 6.921686 26.19702 17.69093 3.563182 26.24024 18.03493 0.07045429 26.28345 17.69093 -3.422274 26.325 16.67214 -6.780778 26.36329 15.01771 -9.875995 1.086355 15.01771 -9.875994 -26.05836 15.0177 10.0169 -26.11746 0.131802 17.97358 -25.91061 15.01771 -9.875994 -26.07851 12.79121 12.72988 -25.95855 17.69092 -3.422274 -26.1149 3.624512 17.62957 -26.03537 16.67213 6.921685 -26.01043 17.69092 3.563181</float_array>
          <technique_common>
            <accessor source="#Cylinder_050-mesh-positions-array" count="72" stride="3">
              <param name="X" type="float"/>
              <param name="Y" type="float"/>
              <param name="Z" type="float"/>
            </accessor>
          </technique_common>
        </source>
        <source id="Cylinder_050-mesh-normals">
          <float_array id="Cylinder_050-mesh-normals-array" count="216">0 0.3826816 0.9238803 0.9378253 0.06708121 0.340564 0.9383375 0.1295226 0.3205412 -0.9414852 0.3136453 0.1234194 0 0.8314677 0.5555732 0 0.9238803 0.3826816 -0.9412909 0.3322275 0.05996936 0 0.9807879 0.1950772 -0.9400151 0.3133689 -0.1348023 0 0.9807879 -0.1950772 0 0.9238803 -0.3826816 -0.7921612 -0.05832254 -0.6075189 0 0.2247726 -0.9744114 0 1 0 0.9394055 0.3337864 0.07812863 0.9392896 0.3429138 0.01205503 -0.9405955 0.06900346 0.3324434 0 -0.6853105 0.7282511 0 0.1950772 0.9807879 -0.9410089 0.1330041 0.3111467 0.9390727 0.3392808 -0.05505645 0.9387586 0.3226754 -0.120885 0.9390789 0.2378369 0.2481219 0.9393026 0.2801396 0.1980723 0.7917091 -0.5359548 0.2931713 -0.9409645 0.3384567 -0.005737543 -0.9405322 0.3321069 -0.07144474 0 0.7071068 0.7071068 0.9387607 0.1870502 0.28938 0 0.5555732 0.8314677 -0.9415001 0.2420433 0.2345052 -0.9415557 0.2832511 0.1823232 0.7957269 -0.05469036 -0.6031814 -0.9413123 0.1913876 0.2780324 0.9394075 0.3125458 0.140815 0 -0.3826816 -0.9238803 0.2993326 -0.1873881 -0.9355671 0 -0.1950772 -0.9807879 0 -0.8314677 -0.5555732 -0.2888939 -0.883681 -0.3683047 0 -0.9238803 -0.3826816 -0.289444 -0.9383431 -0.1890358 0 -0.9807879 -0.1950772 0 -0.9807879 0.1950772 -0.2931644 -0.8842846 0.3634493 0 -0.9238803 0.3826816 -0.2127155 -0.963751 -0.1610473 0 -0.9744114 -0.2247726 0 -1 0 0.2948192 -0.9378669 -0.1829954 0 -0.7282511 -0.6853105 -0.2917987 -0.1866889 -0.9380837 -0.2905122 -0.3657725 -0.884202 0.2959746 -0.936205 0.1895238 0.2956731 -0.6775028 -0.6734742 0 -0.7071068 -0.7071068 0.2184229 -0.6675679 -0.7117896 -0.2903554 -0.9569155 -0.002533018 -0.2916077 -0.9386684 0.1840287 0.2966464 -0.5325596 -0.7927051 0 -0.5555732 -0.8314677 0.2978693 -0.3670567 -0.881217 0.2952377 -0.9554178 0.003418087 -0.2889603 -0.6759803 -0.6779031 -0.2887095 -0.7950803 -0.53338 0.2970135 -0.8810608 0.3681234 -0.289564 -0.5309996 -0.796362 0.2947516 -0.8841328 -0.3625341 0.2950303 -0.7962187 -0.528198 -0.2124745 -0.6688582 -0.7123786 -0.7945512 -0.5351333 0.2869161 0.2179334 -0.963015 -0.1584526</float_array>
          <technique_common>
            <accessor source="#Cylinder_050-mesh-normals-array" count="72" stride="3">
              <param name="X" type="float"/>
              <param name="Y" type="float"/>
              <param name="Z" type="float"/>
            </accessor>
          </technique_common>
        </source>
        <source id="Cylinder_050-mesh-map-0">
          <float_array id="Cylinder_050-mesh-map-0-array" count="840">0.1995083 0.6832562 0.1751534 0.7728005 0.1995084 0.7728458 0.4638877 0.7642198 0.4846524 0.6668292 0.4638877 0.6668292 0.4409447 0.7641303 0.4638877 0.6668292 0.4409447 0.6668292 0.368076 0.7638545 0.3921003 0.6668292 0.3680759 0.6668292 0.3455553 0.7637719 0.3680759 0.6668292 0.3455553 0.6668292 0.416705 0.6668292 0.4409446 0.57666 0.416705 0.5765048 0.1751534 0.58558 0.1505759 0.6832562 0.1751534 0.6832562 0.1995083 0.5856072 0.1751534 0.6832562 0.1995083 0.6832562 0.3680759 0.6668292 0.3921002 0.5763497 0.3680759 0.5762005 0.2621335 0.6832562 0.2438504 0.7730182 0.2621335 0.7731387 0.1751534 0.6832562 0.1505759 0.7727852 0.1751534 0.7728005 0.4167051 0.7640371 0.4409447 0.6668292 0.416705 0.6668292 0.3921003 0.763944 0.416705 0.6668292 0.3921003 0.6668292 0.2438504 0.6832562 0.2227045 0.7729192 0.2438504 0.7730182 0.2227045 0.6832562 0.1995084 0.7728458 0.2227045 0.7729192 0.3921003 0.6668292 0.416705 0.5765048 0.3921002 0.5763497 0.2438504 0.5857107 0.2227045 0.6832562 0.2438504 0.6832562 0.2621335 0.585783 0.2438504 0.6832562 0.2621335 0.6832562 0.3455553 0.6668292 0.3680759 0.5762005 0.3455553 0.576063 0.2227045 0.5856513 0.1995083 0.6832562 0.2227045 0.6832562 0.4409447 0.6668292 0.4638876 0.5768092 0.4409446 0.57666 0.4638877 0.6668292 0.4846524 0.5769467 0.4638876 0.5768092 0.8910811 0.8403428 0.9111261 0.9149322 0.9111261 0.8403428 0.8444206 0.355154 0.8269551 0.2740286 0.8269551 0.355154 0.8269551 0.355154 0.807731 0.2741032 0.807731 0.355154 0.7670011 0.355154 0.7470605 0.274333 0.7470605 0.355154 0.7470605 0.355154 0.7284317 0.2744018 0.7284317 0.355154 0.787487 0.355154 0.807731 0.430264 0.807731 0.355154 0.9316244 0.8403427 0.9111261 0.7589794 0.9111261 0.8403428 0.9111261 0.8403428 0.891081 0.7590021 0.8910811 0.8403428 0.7470605 0.355154 0.7670011 0.4305225 0.7670011 0.355154 0.8444206 0.355154 0.8594563 0.4299248 0.8594563 0.355154 0.9111261 0.8403428 0.9316244 0.9149194 0.9316244 0.8403427 0.807731 0.355154 0.787487 0.2741808 0.787487 0.355154 0.787487 0.355154 0.7670011 0.2742584 0.7670011 0.355154 0.8553855 0.8403427 0.8722598 0.9150311 0.8722598 0.8403427 0.8722598 0.8403427 0.8910811 0.9149699 0.8910811 0.8403428 0.7670011 0.355154 0.787487 0.4303933 0.787487 0.355154 0.8722598 0.8403427 0.8553855 0.7590883 0.8553855 0.8403427 0.8594563 0.355154 0.8444206 0.2739598 0.8444206 0.355154 0.7284317 0.355154 0.7470605 0.4306468 0.7470605 0.355154 0.8910811 0.8403428 0.8722598 0.7590388 0.8722598 0.8403427 0.807731 0.355154 0.8269551 0.4301397 0.8269551 0.355154 0.8269551 0.355154 0.8444206 0.4300252 0.8444206 0.355154 0.7885196 0.106149 0.8112751 0.08733892 0.7933082 0.08200401 0.7933082 0.08200401 0.8190996 0.0683785 0.8027014 0.05924212 0.0763933 0.7400429 0.05037873 0.7522817 0.06699377 0.7627672 0.7933082 0.1548594 0.8072863 0.1279432 0.7885196 0.1307493 0.0763933 0.6671366 0.06219995 0.6927427 0.0811851 0.6912908 0.0811851 0.7159082 0.0582084 0.7333526 0.0763933 0.7400429 0.03901177 0.6365878 0.06699377 0.6443738 0.05334782 0.6238772 0.9671618 0.9302812 0.9466897 0.8485008 0.9466898 0.9461862 0.7885196 0.1307493 0.8072863 0.1074514 0.7885196 0.106149 0.02454441 0.6220582 0.05334782 0.6238772 0.0359798 0.6064345 0.8190996 0.1669301 0.7933082 0.1548594 0.8027015 0.1775529 0.9466897 0.8485008 0.9671617 0.7743335 0.9466897 0.7589718 0.0359798 0.8005796 0.007532656 0.7951368 0.01555728 0.8142144 0.8336947 0.02127993 0.8619171 0.02530992 0.8541037 0.007538497 0.830459 0.1839271 0.8027015 0.1775529 0.8163383 0.1979576 0.05037873 0.6536613 0.0763933 0.6671366 0.06699377 0.6443738 0.8449167 0.1983644 0.8163383 0.1979576 0.8336948 0.2152895 0.8619171 0.209687 0.8336948 0.2152895 0.8541037 0.2288823 0.2373746 0.9603562 0.2197654 0.8851584 0.2197654 0.9759246 0.05334782 0.783208 0.02454441 0.783779 0.0359798 0.8005796 0.2197654 0.8851584 0.2373746 0.8039967 0.2197654 0.7882157 0.007532596 0.6106308 0.0359798 0.6064345 0.01555716 0.592716 0.8163383 0.03873813 0.8449167 0.03675639 0.8336947 0.02127993 0.06699377 0.7627672 0.03901177 0.7693086 0.05334782 0.783208 0.0811851 0.6912908 0.06219995 0.7132487 0.0811851 0.7159082 0.8027014 0.05924212 0.8304589 0.05129891 0.8163383 0.03873813 0.1995083 0.6832562 0.1751534 0.6832562 0.1751534 0.7728005 0.4638877 0.7642198 0.4846524 0.7643024 0.4846524 0.6668292 0.4409447 0.7641303 0.4638877 0.7642198 0.4638877 0.6668292 0.368076 0.7638545 0.3921003 0.763944 0.3921003 0.6668292 0.3455553 0.7637719 0.368076 0.7638545 0.3680759 0.6668292 0.416705 0.6668292 0.4409447 0.6668292 0.4409446 0.57666 0.1751534 0.58558 0.1505759 0.5855708 0.1505759 0.6832562 0.1995083 0.5856072 0.1751534 0.58558 0.1751534 0.6832562 0.3680759 0.6668292 0.3921003 0.6668292 0.3921002 0.5763497 0.2621335 0.6832562 0.2438504 0.6832562 0.2438504 0.7730182 0.1751534 0.6832562 0.1505759 0.6832562 0.1505759 0.7727852 0.4167051 0.7640371 0.4409447 0.7641303 0.4409447 0.6668292 0.3921003 0.763944 0.4167051 0.7640371 0.416705 0.6668292 0.2438504 0.6832562 0.2227045 0.6832562 0.2227045 0.7729192 0.2227045 0.6832562 0.1995083 0.6832562 0.1995084 0.7728458 0.3921003 0.6668292 0.416705 0.6668292 0.416705 0.5765048 0.2438504 0.5857107 0.2227045 0.5856513 0.2227045 0.6832562 0.2621335 0.585783 0.2438504 0.5857107 0.2438504 0.6832562 0.3455553 0.6668292 0.3680759 0.6668292 0.3680759 0.5762005 0.2227045 0.5856513 0.1995083 0.5856072 0.1995083 0.6832562 0.4409447 0.6668292 0.4638877 0.6668292 0.4638876 0.5768092 0.4638877 0.6668292 0.4846524 0.6668292 0.4846524 0.5769467 0.8910811 0.8403428 0.8910811 0.9149699 0.9111261 0.9149322 0.8444206 0.355154 0.8444206 0.2739598 0.8269551 0.2740286 0.8269551 0.355154 0.8269551 0.2740286 0.807731 0.2741032 0.7670011 0.355154 0.7670011 0.2742584 0.7470605 0.274333 0.7470605 0.355154 0.7470605 0.274333 0.7284317 0.2744018 0.787487 0.355154 0.787487 0.4303933 0.807731 0.430264 0.9316244 0.8403427 0.9316244 0.7589718 0.9111261 0.7589794 0.9111261 0.8403428 0.9111261 0.7589794 0.891081 0.7590021 0.7470605 0.355154 0.7470605 0.4306468 0.7670011 0.4305225 0.8444206 0.355154 0.8444206 0.4300252 0.8594563 0.4299248 0.9111261 0.8403428 0.9111261 0.9149322 0.9316244 0.9149194 0.807731 0.355154 0.807731 0.2741032 0.787487 0.2741808 0.787487 0.355154 0.787487 0.2741808 0.7670011 0.2742584 0.8553855 0.8403427 0.8553855 0.9151135 0.8722598 0.9150311 0.8722598 0.8403427 0.8722598 0.9150311 0.8910811 0.9149699 0.7670011 0.355154 0.7670011 0.4305225 0.787487 0.4303933 0.8722598 0.8403427 0.8722598 0.7590388 0.8553855 0.7590883 0.8594563 0.355154 0.8594563 0.2738996 0.8444206 0.2739598 0.7284317 0.355154 0.7284317 0.4307613 0.7470605 0.4306468 0.8910811 0.8403428 0.891081 0.7590021 0.8722598 0.7590388 0.807731 0.355154 0.807731 0.430264 0.8269551 0.4301397 0.8269551 0.355154 0.8269551 0.4301397 0.8444206 0.4300252 0.7885196 0.106149 0.8072863 0.1074514 0.8112751 0.08733892 0.7933082 0.08200401 0.8112751 0.08733892 0.8190996 0.0683785 0.0763933 0.7400429 0.0582084 0.7333526 0.05037873 0.7522817 0.7933082 0.1548594 0.8112751 0.1480267 0.8072863 0.1279432 0.0763933 0.6671366 0.0582084 0.6726225 0.06219995 0.6927427 0.0811851 0.7159082 0.06219995 0.7132487 0.0582084 0.7333526 0.03901177 0.6365878 0.05037873 0.6536613 0.06699377 0.6443738 0.9671618 0.9302812 0.9671618 0.8489102 0.9466897 0.8485008 0.7885196 0.1307493 0.8072863 0.1279432 0.8072863 0.1074514 0.02454441 0.6220582 0.03901177 0.6365878 0.05334782 0.6238772 0.8190996 0.1669301 0.8112751 0.1480267 0.7933082 0.1548594 0.9466897 0.8485008 0.9671618 0.8489102 0.9671617 0.7743335 0.0359798 0.8005796 0.02454441 0.783779 0.007532656 0.7951368 0.8336947 0.02127993 0.8449167 0.03675639 0.8619171 0.02530992 0.830459 0.1839271 0.8190996 0.1669301 0.8027015 0.1775529 0.05037873 0.6536613 0.0582084 0.6726225 0.0763933 0.6671366 0.8449167 0.1983644 0.830459 0.1839271 0.8163383 0.1979576 0.8619171 0.209687 0.8449167 0.1983644 0.8336948 0.2152895 0.2373746 0.9603562 0.2373746 0.8847489 0.2197654 0.8851584 0.05334782 0.783208 0.03901177 0.7693086 0.02454441 0.783779 0.2197654 0.8851584 0.2373746 0.8847489 0.2373746 0.8039967 0.007532596 0.6106308 0.02454441 0.6220582 0.0359798 0.6064345 0.8163383 0.03873813 0.8304589 0.05129891 0.8449167 0.03675639 0.06699377 0.7627672 0.05037873 0.7522817 0.03901177 0.7693086 0.0811851 0.6912908 0.06219995 0.6927427 0.06219995 0.7132487 0.8027014 0.05924212 0.8190996 0.0683785 0.8304589 0.05129891</float_array>
          <technique_common>
            <accessor source="#Cylinder_050-mesh-map-0-array" count="420" stride="2">
              <param name="S" type="float"/>
              <param name="T" type="float"/>
            </accessor>
          </technique_common>
        </source>
        <vertices id="Cylinder_050-mesh-vertices">
          <input semantic="POSITION" source="#Cylinder_050-mesh-positions"/>
        </vertices>
        <triangles material="Material_001-material" count="140">
          <input semantic="VERTEX" source="#Cylinder_050-mesh-vertices" offset="0"/>
          <input semantic="NORMAL" source="#Cylinder_050-mesh-normals" offset="1"/>
          <input semantic="TEXCOORD" source="#Cylinder_050-mesh-map-0" offset="2" set="0"/>
          <p>12 0 0 30 1 1 17 2 2 14 3 3 9 4 4 8 5 5 22 6 6 8 5 7 7 7 8 26 8 9 5 9 10 4 10 11 35 11 12 4 10 13 3 12 14 6 13 15 16 14 16 24 15 17 15 16 18 0 17 19 13 18 20 23 19 21 13 18 22 12 0 23 4 10 24 33 20 25 20 21 26 9 4 27 34 22 28 21 23 29 13 18 30 1 24 31 30 1 32 31 25 33 7 7 34 6 13 35 18 26 36 6 13 37 5 9 38 10 27 39 25 28 40 34 22 41 11 29 42 17 2 43 25 28 44 5 9 45 24 15 46 33 20 47 19 30 48 11 29 49 10 27 50 27 31 51 10 27 52 9 4 53 3 12 54 20 21 55 28 32 56 32 33 57 12 0 58 11 29 59 7 7 60 29 34 61 16 14 62 8 5 63 21 23 64 29 34 65 49 35 66 45 36 67 53 37 68 56 38 69 70 39 70 37 40 71 37 40 72 71 41 73 36 42 74 52 43 75 40 44 76 41 45 77 41 45 78 66 46 79 63 47 80 47 48 81 58 49 82 36 42 83 43 50 84 69 51 85 53 37 86 53 37 87 50 52 88 49 35 89 41 45 90 60 53 91 52 43 92 56 38 93 39 54 94 55 55 95 53 37 96 42 56 97 43 50 98 36 42 99 46 57 100 47 48 101 47 48 102 68 58 103 52 43 104 55 55 105 54 59 106 48 60 107 48 60 108 44 61 109 49 35 110 52 43 111 59 62 112 47 48 113 48 60 114 67 63 115 55 55 116 55 55 117 64 64 118 56 38 119 63 47 120 61 65 121 41 45 122 49 35 123 51 66 124 48 60 125 36 42 126 57 67 127 37 40 128 37 40 129 38 68 130 56 38 131 29 34 132 58 49 133 16 14 134 16 14 135 59 62 136 24 15 137 19 30 138 51 66 139 32 33 140 34 22 141 38 68 142 21 23 143 22 6 144 70 39 145 14 3 146 27 31 147 67 63 148 19 30 149 68 58 150 31 25 151 18 26 152 65 69 153 0 17 154 2 70 155 21 23 156 57 67 157 29 34 158 40 44 159 18 26 160 26 8 161 54 59 162 34 22 163 25 28 164 0 17 165 42 56 166 1 24 167 15 16 168 65 69 169 2 70 170 20 21 171 62 71 172 28 32 173 44 61 174 25 28 175 17 2 176 46 57 177 22 6 178 31 25 179 45 36 180 17 2 181 30 1 182 42 56 183 30 1 184 1 24 185 62 71 186 3 12 187 28 32 188 23 19 189 69 51 190 15 16 191 3 12 192 66 46 193 35 11 194 66 46 195 26 8 196 35 11 197 33 20 198 61 65 199 20 21 200 32 33 201 50 52 202 23 19 203 14 3 204 64 64 205 27 31 206 24 15 207 60 53 208 33 20 209 12 0 210 13 18 211 30 1 212 14 3 213 27 31 214 9 4 215 22 6 216 14 3 217 8 5 218 26 8 219 18 26 220 5 9 221 35 11 222 26 8 223 4 10 224 6 13 225 7 7 226 16 14 227 15 16 228 2 70 229 0 17 230 23 19 231 15 16 232 13 18 233 4 10 234 5 9 235 33 20 236 9 4 237 10 27 238 34 22 239 13 18 240 0 17 241 1 24 242 31 25 243 22 6 244 7 7 245 18 26 246 31 25 247 6 13 248 10 27 249 11 29 250 25 28 251 11 29 252 12 0 253 17 2 254 5 9 255 6 13 256 24 15 257 19 30 258 32 33 259 11 29 260 27 31 261 19 30 262 10 27 263 3 12 264 4 10 265 20 21 266 32 33 267 23 19 268 12 0 269 7 7 270 8 5 271 29 34 272 8 5 273 9 4 274 21 23 275 49 35 276 44 61 277 45 36 278 56 38 279 64 64 280 70 39 281 37 40 282 70 39 283 71 41 284 52 43 285 68 58 286 40 44 287 41 45 288 40 44 289 66 46 290 47 48 291 59 62 292 58 49 293 43 50 294 65 69 295 69 51 296 53 37 297 69 51 298 50 52 299 41 45 300 61 65 301 60 53 302 56 38 303 38 68 304 39 54 305 53 37 306 45 36 307 42 56 308 36 42 309 71 41 310 46 57 311 47 48 312 46 57 313 68 58 314 55 55 315 39 54 316 54 59 317 48 60 318 54 59 319 44 61 320 52 43 321 60 53 322 59 62 323 48 60 324 51 66 325 67 63 326 55 55 327 67 63 328 64 64 329 63 47 330 62 71 331 61 65 332 49 35 333 50 52 334 51 66 335 36 42 336 58 49 337 57 67 338 37 40 339 57 67 340 38 68 341 29 34 342 57 67 343 58 49 344 16 14 345 58 49 346 59 62 347 19 30 348 67 63 349 51 66 350 34 22 351 39 54 352 38 68 353 22 6 354 71 41 355 70 39 356 27 31 357 64 64 358 67 63 359 68 58 360 46 57 361 31 25 362 65 69 363 43 50 364 0 17 365 21 23 366 38 68 367 57 67 368 40 44 369 68 58 370 18 26 371 54 59 372 39 54 373 34 22 374 0 17 375 43 50 376 42 56 377 15 16 378 69 51 379 65 69 380 20 21 381 61 65 382 62 71 383 44 61 384 54 59 385 25 28 386 46 57 387 71 41 388 22 6 389 45 36 390 44 61 391 17 2 392 42 56 393 45 36 394 30 1 395 62 71 396 63 47 397 3 12 398 23 19 399 50 52 400 69 51 401 3 12 402 63 47 403 66 46 404 66 46 405 40 44 406 26 8 407 33 20 408 60 53 409 61 65 410 32 33 411 51 66 412 50 52 413 14 3 414 70 39 415 64 64 416 24 15 417 59 62 418 60 53 419</p>
        </triangles>
      </mesh>
    </geometry>
    <geometry id="Cylinder_021-mesh" name="Cylinder.021">
      <mesh>
        <source id="Cylinder_021-mesh-positions">
          <float_array id="Cylinder_021-mesh-positions-array" count="72">1.718274 4.035402 -2.708467 -1.099277 4.035402 -2.708467 1.718274 -4.03987 -2.708467 -1.099277 -4.03987 -2.708467 1.718275 4.035402 5.366802 -1.099276 4.035402 5.366802 1.718275 -4.03987 5.366802 -1.099276 -4.03987 5.366802 1.718274 -2.410793 -2.708467 1.718274 2.406324 -2.708467 -1.099277 2.406324 -2.708467 -1.099277 -2.410793 -2.708467 1.718274 -2.410793 -4.995352 1.718274 2.406324 -4.995352 -1.099277 2.406324 -4.995352 -1.099277 -2.410793 -4.995352 -1.099276 -2.529187 5.366802 -1.099276 2.652501 5.366802 1.718275 2.652501 5.366802 1.718275 -2.529187 5.366802 1.718275 -2.529187 2.705421 1.718275 2.652501 2.705421 -1.099276 -2.529187 2.705421 -1.099276 2.652501 2.705421</float_array>
          <technique_common>
            <accessor source="#Cylinder_021-mesh-positions-array" count="24" stride="3">
              <param name="X" type="float"/>
              <param name="Y" type="float"/>
              <param name="Z" type="float"/>
            </accessor>
          </technique_common>
        </source>
        <source id="Cylinder_021-mesh-normals">
          <float_array id="Cylinder_021-mesh-normals-array" count="51">-1 0 0 0 -1 0 0 0 1 0 1 0 -1 0 0 0 0 -1 -1 0 0 1 0 -2.08509e-7 0 -1 0 0 -1 0 -1 0 0 0 1 0 -1 0 0 -1 0 0 0 1 0 -1 0 0 1 0 -2.08509e-7</float_array>
          <technique_common>
            <accessor source="#Cylinder_021-mesh-normals-array" count="17" stride="3">
              <param name="X" type="float"/>
              <param name="Y" type="float"/>
              <param name="Z" type="float"/>
            </accessor>
          </technique_common>
        </source>
        <source id="Cylinder_021-mesh-map-0">
          <float_array id="Cylinder_021-mesh-map-0-array" count="204">0.3228586 0.5414348 0.3020274 0.5044202 0.3020274 0.5405469 0.6681672 0.9104181 0.6893165 0.9415138 0.6893165 0.9104181 0.37636 0.969778 0.3876917 0.9909842 0.3876917 0.96978 0.7255086 0.9104181 0.7043817 0.9415138 0.7255086 0.9415138 0.4847222 0.5462807 0.4950854 0.5151849 0.4847222 0.5151849 0.9179021 0.9301905 0.9292229 0.9612863 0.9292229 0.9301905 0.9822271 0.831435 0.9910264 0.8525784 0.9910264 0.831435 0.977254 0.7180793 0.9894574 0.7392801 0.9894574 0.718076 0.09625041 0.9696516 0.1084539 0.9908524 0.1084538 0.9696483 0.4918651 0.9015372 0.4706776 0.9376448 0.4918651 0.9376506 0.293228 0.5044201 0.3020274 0.5405469 0.3020274 0.5044202 0.07792443 0.9578504 0.06912505 0.9220058 0.06912505 0.9578504 0.9910264 0.7951923 0.9822271 0.816358 0.9910264 0.816358 0.7039129 0.2082737 0.7251005 0.2471682 0.7251005 0.2082698 0.8656257 0.9924287 0.8553855 0.971263 0.8553855 0.9924287 0.8861979 0.9712555 0.8965711 0.9924615 0.8965711 0.9712574 0.9822271 0.7801152 0.9924674 0.7589718 0.9822271 0.7589718 0.3228586 0.5414348 0.3228586 0.5025739 0.3020274 0.5044202 0.6681672 0.9104181 0.6681672 0.9415138 0.6893165 0.9415138 0.37636 0.969778 0.3763599 0.9909821 0.3876917 0.9909842 0.7255086 0.9104181 0.7043817 0.9104181 0.7043817 0.9415138 0.4847222 0.5462807 0.4969303 0.5462807 0.4950854 0.5151849 0.9179021 0.9301905 0.9170149 0.9612863 0.9292229 0.9612863 0.9822271 0.831435 0.9822271 0.8525784 0.9910264 0.8525784 0.977254 0.7180793 0.9772539 0.7392835 0.9894574 0.7392801 0.09625041 0.9696516 0.09625035 0.9908558 0.1084539 0.9908524 0.4918651 0.9015372 0.4706776 0.9015315 0.4706776 0.9376448 0.293228 0.5044201 0.293228 0.5405469 0.3020274 0.5405469 0.07792443 0.9578504 0.07792443 0.9220058 0.06912505 0.9220058 0.9910264 0.7951923 0.9822271 0.7951923 0.9822271 0.816358 0.7039129 0.2082737 0.7039129 0.2471721 0.7251005 0.2471682 0.8656257 0.9924287 0.8656257 0.9712629 0.8553855 0.971263 0.8861979 0.9712555 0.886198 0.9924596 0.8965711 0.9924615 0.9822271 0.7801152 0.9924674 0.7801152 0.9924674 0.7589718</float_array>
          <technique_common>
            <accessor source="#Cylinder_021-mesh-map-0-array" count="102" stride="2">
              <param name="S" type="float"/>
              <param name="T" type="float"/>
            </accessor>
          </technique_common>
        </source>
        <vertices id="Cylinder_021-mesh-vertices">
          <input semantic="POSITION" source="#Cylinder_021-mesh-positions"/>
        </vertices>
        <triangles material="Material_001-material" count="34">
          <input semantic="VERTEX" source="#Cylinder_021-mesh-vertices" offset="0"/>
          <input semantic="NORMAL" source="#Cylinder_021-mesh-normals" offset="1"/>
          <input semantic="TEXCOORD" source="#Cylinder_021-mesh-map-0" offset="2" set="0"/>
          <p>22 0 0 10 0 1 11 0 2 2 1 3 7 1 4 3 1 5 19 2 6 7 2 7 6 2 8 0 3 9 5 3 10 4 3 11 1 4 12 17 4 13 5 4 14 16 4 15 3 4 16 7 4 17 13 3 18 10 3 19 9 3 20 11 5 21 2 5 22 3 5 23 9 5 24 1 5 25 0 5 26 12 5 27 14 5 28 13 5 29 14 6 30 11 6 31 10 6 32 12 7 33 9 7 34 8 7 35 11 8 36 12 8 37 8 8 38 20 2 39 23 2 40 22 2 41 18 9 42 23 9 43 21 9 44 4 2 45 17 2 46 18 2 47 22 3 48 19 3 49 20 3 50 22 10 51 23 10 52 10 10 53 2 9 54 6 9 55 7 9 56 19 2 57 16 2 58 7 2 59 0 11 60 1 11 61 5 11 62 1 12 63 10 12 64 17 12 65 16 13 66 11 13 67 3 13 68 13 14 69 14 14 70 10 14 71 11 5 72 8 5 73 2 5 74 9 5 75 10 5 76 1 5 77 12 5 78 15 5 79 14 5 80 14 15 81 15 15 82 11 15 83 12 16 84 13 16 85 9 16 86 11 9 87 15 9 88 12 9 89 20 2 90 21 2 91 23 2 92 18 9 93 17 9 94 23 9 95 4 2 96 5 2 97 17 2 98 22 3 99 16 3 100 19 3 101</p>
        </triangles>
      </mesh>
    </geometry>
    <geometry id="Cylinder_001-mesh" name="Cylinder.001">
      <mesh>
        <source id="Cylinder_001-mesh-positions">
          <float_array id="Cylinder_001-mesh-positions-array" count="192">5.563992 0 -20.21509 5.563992 0 19.91455 5.443377 -1.224633 -20.21509 5.443377 -1.224633 19.91455 5.086164 -2.402204 -20.21509 5.086164 -2.402204 19.91455 4.506083 -3.487461 -20.21509 4.506083 -3.487461 19.91455 3.725425 -4.438696 -20.21509 3.725425 -4.438696 19.91455 2.774189 -5.219354 -20.21509 2.774189 -5.219354 19.91455 1.688933 -5.799437 -20.21509 1.688933 -5.799437 19.91455 0.5113608 -6.156648 -20.21509 0.5113608 -6.156648 19.91455 -0.7132732 -6.277264 -20.21509 -0.7132732 -6.277264 19.91455 -1.937907 -6.156648 -20.21509 -1.937907 -6.156648 19.91455 -3.115478 -5.799434 -20.21509 -3.115478 -5.799434 19.91455 -4.200735 -5.219352 -20.21509 -4.200735 -5.219352 19.91455 -5.15197 -4.438693 -20.21509 -5.15197 -4.438693 19.91455 -5.932628 -3.487457 -20.21509 -5.932628 -3.487457 19.91455 -6.512709 -2.4022 -20.21509 -6.512709 -2.4022 19.91455 -6.86992 -1.224628 -20.21509 -6.86992 -1.224628 19.91455 -6.990535 0 -20.21509 -6.990535 0 19.91455 5.443377 1.224633 -20.21509 5.443377 1.224633 19.91455 5.086164 2.402204 -20.21509 5.086164 2.402204 19.91455 4.506083 3.487461 -20.21509 4.506083 3.487461 19.91455 3.725425 4.438696 -20.21509 3.725425 4.438696 19.91455 2.774189 5.219354 -20.21509 2.774189 5.219354 19.91455 1.688933 5.799437 -20.21509 1.688933 5.799437 19.91455 0.5113608 6.156648 -20.21509 0.5113608 6.156648 19.91455 -0.7132732 6.277264 -20.21509 -0.7132732 6.277264 19.91455 -1.937907 6.156648 -20.21509 -1.937907 6.156648 19.91455 -3.115478 5.799434 -20.21509 -3.115478 5.799434 19.91455 -4.200735 5.219352 -20.21509 -4.200735 5.219352 19.91455 -5.15197 4.438693 -20.21509 -5.15197 4.438693 19.91455 -5.932628 3.487457 -20.21509 -5.932628 3.487457 19.91455 -6.512709 2.4022 -20.21509 -6.512709 2.4022 19.91455 -6.86992 1.224628 -20.21509 -6.86992 1.224628 19.91455</float_array>
          <technique_common>
            <accessor source="#Cylinder_001-mesh-positions-array" count="64" stride="3">
              <param name="X" type="float"/>
              <param name="Y" type="float"/>
              <param name="Z" type="float"/>
            </accessor>
          </technique_common>
        </source>
        <source id="Cylinder_001-mesh-normals">
          <float_array id="Cylinder_001-mesh-normals-array" count="192">0.727881 0 0.6857035 0.7138987 -0.1420046 -0.6856992 0.727881 0 -0.6857035 0.7138987 -0.1420046 0.6856992 0.6724823 -0.2785453 -0.6856969 0.6724823 -0.2785453 0.6856969 0.6052029 -0.4043841 -0.6857135 0.6052029 -0.4043841 0.6857135 0.5147049 -0.5146744 -0.6857035 0.5146825 -0.5146825 0.6857143 0.4043767 -0.6052222 -0.6857008 0.4043767 -0.6052222 0.6857008 0.2785453 -0.6724823 -0.6856969 0.2785453 -0.6724823 0.6856969 0.1420046 -0.7138987 -0.6856992 0.1420046 -0.7138987 0.6856992 0 -0.727881 -0.6857035 0 -0.727881 0.6857035 -0.1420046 -0.7138987 -0.6856992 -0.1420046 -0.7138987 0.6856992 -0.2785453 -0.6724823 -0.6856969 -0.2785453 -0.6724823 0.6856969 -0.4043767 -0.6052222 -0.6857008 -0.4043767 -0.6052222 0.6857008 -0.5147049 -0.5146744 -0.6857035 -0.5147049 -0.5146744 0.6857035 -0.6052222 -0.4043767 -0.6857008 -0.6052222 -0.4043767 0.6857008 -0.6724823 -0.2785453 -0.6856969 -0.6724823 -0.2785453 0.6856969 -0.7138987 -0.1420046 -0.6856992 -0.7138987 -0.1420046 0.6856992 -0.727881 0 -0.6857035 -0.727881 0 0.6857035 0.7138987 0.1420046 -0.6856992 0.6724823 0.2785453 -0.6856969 0.7138987 0.1420046 0.6856992 0.6052222 0.4043767 -0.6857008 0.6724823 0.2785453 0.6856969 0.5146744 0.5147049 -0.6857035 0.6052222 0.4043767 0.6857008 0.4043767 0.6052222 -0.6857008 0.5147049 0.5146744 0.6857035 0.2785453 0.6724823 -0.6856969 0.4043767 0.6052222 0.6857008 0.1420046 0.7138987 -0.6856992 0.2785453 0.6724823 0.6856969 0 0.727881 -0.6857035 0.1420046 0.7138987 0.6856992 -0.1420046 0.7138987 -0.6856992 0 0.727881 0.6857035 -0.2785453 0.6724823 -0.6856969 -0.1420046 0.7138987 0.6856992 -0.4043767 0.6052222 -0.6857008 -0.2785453 0.6724823 0.6856969 -0.5147049 0.5146744 -0.6857035 -0.4043767 0.6052222 0.6857008 -0.6052222 0.4043767 -0.6857008 -0.5147049 0.5146744 0.6857035 -0.6724823 0.2785453 -0.6856969 -0.6052222 0.4043767 0.6857008 -0.7138987 0.1420046 -0.6856992 -0.6724823 0.2785453 0.6856969 -0.7138987 0.1420046 0.6856992</float_array>
          <technique_common>
            <accessor source="#Cylinder_001-mesh-normals-array" count="64" stride="3">
              <param name="X" type="float"/>
              <param name="Y" type="float"/>
              <param name="Z" type="float"/>
            </accessor>
          </technique_common>
        </source>
        <source id="Cylinder_001-mesh-map-0">
          <float_array id="Cylinder_001-mesh-map-0-array" count="744">0.9754891 0.7029989 0.9684191 0.5829648 0.9754891 0.5829648 0.9684191 0.7029989 0.9617381 0.5829648 0.9684191 0.5829648 0.9617381 0.7029989 0.9557027 0.5829648 0.9617381 0.5829648 0.9557027 0.7029989 0.9505448 0.5829648 0.9557027 0.5829648 0.5454678 0.8173484 0.5513534 0.9373825 0.5454678 0.9373825 0.5513533 0.8173484 0.5579309 0.9373825 0.5513534 0.9373825 0.5579309 0.8173484 0.5649476 0.9373825 0.5579309 0.9373825 0.5649476 0.8173484 0.5721338 0.9373825 0.5649476 0.9373825 0.5721338 0.8173484 0.5792134 0.9373825 0.5721338 0.9373825 0.5792134 0.8173484 0.5859143 0.9373825 0.5792134 0.9373825 0.5859143 0.8173484 0.5919789 0.9373824 0.5859143 0.9373825 0.1288326 0.9134814 0.1234927 0.7934473 0.1288326 0.7934473 0.1234927 0.9134814 0.1173167 0.7934473 0.1234927 0.7934473 0.1173167 0.9134814 0.1105419 0.7934473 0.1173167 0.7934473 0.1105419 0.9134814 0.1034287 0.7934473 0.1105419 0.7934473 0.1034287 0.9134814 0.09625035 0.7934473 0.1034287 0.7934473 0.4556123 0.9749227 0.4190858 0.9382371 0.4297842 0.9122865 0.8797666 0.2015746 0.8876951 0.1896711 0.9135577 0.2523193 0.9684191 0.5829648 0.9754891 0.7029989 0.9754891 0.5829648 0.9617381 0.5829648 0.9684191 0.7029989 0.9684191 0.5829648 0.9557027 0.5829648 0.9617381 0.7029989 0.9617381 0.5829648 0.9505448 0.5829648 0.9557027 0.7029989 0.9557027 0.5829648 0.5513534 0.9373825 0.5454678 0.8173484 0.5454678 0.9373825 0.5579309 0.9373825 0.5513533 0.8173484 0.5513534 0.9373825 0.5649476 0.9373825 0.5579309 0.8173484 0.5579309 0.9373825 0.5721338 0.9373825 0.5649476 0.8173484 0.5649476 0.9373825 0.5792134 0.9373825 0.5721338 0.8173484 0.5721338 0.9373825 0.5859143 0.9373825 0.5792134 0.8173484 0.5792134 0.9373825 0.5919789 0.9373824 0.5859143 0.8173484 0.5859143 0.9373825 0.1234927 0.7934473 0.1288326 0.9134814 0.1288326 0.7934473 0.1173167 0.7934473 0.1234927 0.9134814 0.1234927 0.7934473 0.1105419 0.7934473 0.1173167 0.9134814 0.1173167 0.7934473 0.1034287 0.7934473 0.1105419 0.9134814 0.1105419 0.7934473 0.09625035 0.7934473 0.1034287 0.9134814 0.1034287 0.7934473 0.4353193 0.9687439 0.4484863 0.9742195 0.4484863 0.9022386 0.9064222 0.1796317 0.8776853 0.222776 0.8932376 0.2461312 0.9754891 0.7029989 0.9684191 0.7029989 0.9684191 0.5829648 0.9684191 0.7029989 0.9617381 0.7029989 0.9617381 0.5829648 0.9617381 0.7029989 0.9557027 0.7029989 0.9557027 0.5829648 0.9557027 0.7029989 0.9505449 0.7029989 0.9505448 0.5829648 0.5454678 0.8173484 0.5513533 0.8173484 0.5513534 0.9373825 0.5513533 0.8173484 0.5579309 0.8173484 0.5579309 0.9373825 0.5579309 0.8173484 0.5649476 0.8173484 0.5649476 0.9373825 0.5649476 0.8173484 0.5721338 0.8173484 0.5721338 0.9373825 0.5721338 0.8173484 0.5792134 0.8173484 0.5792134 0.9373825 0.5792134 0.8173484 0.5859143 0.8173484 0.5859143 0.9373825 0.5859143 0.8173484 0.5919789 0.8173483 0.5919789 0.9373824 0.1288326 0.9134814 0.1234927 0.9134814 0.1234927 0.7934473 0.1234927 0.9134814 0.1173167 0.9134814 0.1173167 0.7934473 0.1173167 0.9134814 0.1105419 0.9134814 0.1105419 0.7934473 0.1105419 0.9134814 0.1034287 0.9134814 0.1034287 0.7934473 0.1034287 0.9134814 0.09625041 0.9134814 0.09625035 0.7934473 0.4484863 0.9022386 0.4556123 0.9015315 0.4416342 0.9043286 0.4556123 0.9015315 0.4556123 0.9749227 0.4416342 0.9043286 0.4556123 0.9749227 0.4484863 0.9742195 0.4297842 0.9641819 0.4484863 0.9742195 0.4416342 0.9721332 0.4297842 0.9641819 0.4416342 0.9721332 0.4353193 0.9687439 0.4297842 0.9641819 0.4297842 0.9641819 0.4252417 0.9586224 0.4190858 0.9382371 0.4252417 0.9586224 0.4218662 0.9522792 0.4190858 0.9382371 0.4218662 0.9522792 0.4197877 0.9453958 0.4190858 0.9382371 0.4190858 0.9382371 0.4197877 0.931078 0.4297842 0.9122865 0.4197877 0.931078 0.4218662 0.9241935 0.4297842 0.9122865 0.4218662 0.9241935 0.4252417 0.9178484 0.4297842 0.9122865 0.4297842 0.9122865 0.4353193 0.9077214 0.4416342 0.9043286 0.4297842 0.9122865 0.4416342 0.9043286 0.4556123 0.9749227 0.4556123 0.9749227 0.4297842 0.9641819 0.4190858 0.9382371 0.9064222 0.1796317 0.9135577 0.178928 0.9135577 0.2523193 0.9135577 0.2523193 0.9064222 0.2516129 0.8995609 0.2495234 0.8995609 0.2495234 0.8932376 0.2461312 0.8876951 0.2415666 0.8876951 0.2415666 0.8831465 0.2360051 0.8797666 0.2296603 0.8797666 0.2296603 0.8776853 0.222776 0.8876951 0.2415666 0.8776853 0.222776 0.8769825 0.215617 0.8876951 0.2415666 0.8769825 0.215617 0.8776853 0.2084581 0.8797666 0.2015746 0.8797666 0.2015746 0.8831465 0.195231 0.8876951 0.1896711 0.8876951 0.1896711 0.8932376 0.1851086 0.899561 0.1817187 0.899561 0.1817187 0.9064222 0.1796317 0.8876951 0.1896711 0.9064222 0.1796317 0.9135577 0.2523193 0.8876951 0.1896711 0.9135577 0.2523193 0.8995609 0.2495234 0.8769825 0.215617 0.8995609 0.2495234 0.8876951 0.2415666 0.8769825 0.215617 0.8769825 0.215617 0.8797666 0.2015746 0.9135577 0.2523193 0.9684191 0.5829648 0.9684191 0.7029989 0.9754891 0.7029989 0.9617381 0.5829648 0.9617381 0.7029989 0.9684191 0.7029989 0.9557027 0.5829648 0.9557027 0.7029989 0.9617381 0.7029989 0.9505448 0.5829648 0.9505449 0.7029989 0.9557027 0.7029989 0.5513534 0.9373825 0.5513533 0.8173484 0.5454678 0.8173484 0.5579309 0.9373825 0.5579309 0.8173484 0.5513533 0.8173484 0.5649476 0.9373825 0.5649476 0.8173484 0.5579309 0.8173484 0.5721338 0.9373825 0.5721338 0.8173484 0.5649476 0.8173484 0.5792134 0.9373825 0.5792134 0.8173484 0.5721338 0.8173484 0.5859143 0.9373825 0.5859143 0.8173484 0.5792134 0.8173484 0.5919789 0.9373824 0.5919789 0.8173483 0.5859143 0.8173484 0.1234927 0.7934473 0.1234927 0.9134814 0.1288326 0.9134814 0.1173167 0.7934473 0.1173167 0.9134814 0.1234927 0.9134814 0.1105419 0.7934473 0.1105419 0.9134814 0.1173167 0.9134814 0.1034287 0.7934473 0.1034287 0.9134814 0.1105419 0.9134814 0.09625035 0.7934473 0.09625041 0.9134814 0.1034287 0.9134814 0.4556123 0.9749227 0.4556123 0.9015315 0.4484863 0.9742195 0.4556123 0.9015315 0.4484863 0.9022386 0.4484863 0.9742195 0.4484863 0.9022386 0.4416342 0.9043286 0.4252417 0.9178484 0.4416342 0.9043286 0.4353193 0.9077214 0.4252417 0.9178484 0.4353193 0.9077214 0.4297842 0.9122865 0.4252417 0.9178484 0.4252417 0.9178484 0.4218662 0.9241935 0.4197877 0.931078 0.4197877 0.931078 0.4190858 0.9382371 0.4197877 0.9453958 0.4197877 0.9453958 0.4218662 0.9522792 0.4252417 0.9586224 0.4252417 0.9586224 0.4297842 0.9641819 0.4353193 0.9687439 0.4353193 0.9687439 0.4416342 0.9721332 0.4484863 0.9742195 0.4252417 0.9178484 0.4197877 0.931078 0.4484863 0.9022386 0.4197877 0.931078 0.4197877 0.9453958 0.4484863 0.9022386 0.4197877 0.9453958 0.4252417 0.9586224 0.4484863 0.9022386 0.4252417 0.9586224 0.4353193 0.9687439 0.4484863 0.9022386 0.9135577 0.2523193 0.9135577 0.178928 0.9064222 0.1796317 0.9064222 0.1796317 0.899561 0.1817187 0.8932376 0.1851086 0.8932376 0.1851086 0.8876951 0.1896711 0.8831465 0.195231 0.8831465 0.195231 0.8797666 0.2015746 0.8776853 0.222776 0.8797666 0.2015746 0.8776853 0.2084581 0.8776853 0.222776 0.8776853 0.2084581 0.8769825 0.215617 0.8776853 0.222776 0.8776853 0.222776 0.8797666 0.2296603 0.8831465 0.2360051 0.8831465 0.2360051 0.8876951 0.2415666 0.8932376 0.2461312 0.8932376 0.2461312 0.8995609 0.2495234 0.9064222 0.1796317 0.8995609 0.2495234 0.9064222 0.2516129 0.9064222 0.1796317 0.9064222 0.2516129 0.9135577 0.2523193 0.9064222 0.1796317 0.9064222 0.1796317 0.8932376 0.1851086 0.8831465 0.195231 0.8776853 0.222776 0.8831465 0.2360051 0.8932376 0.2461312 0.9064222 0.1796317 0.8831465 0.195231 0.8776853 0.222776</float_array>
          <technique_common>
            <accessor source="#Cylinder_001-mesh-map-0-array" count="372" stride="2">
              <param name="S" type="float"/>
              <param name="T" type="float"/>
            </accessor>
          </technique_common>
        </source>
        <vertices id="Cylinder_001-mesh-vertices">
          <input semantic="POSITION" source="#Cylinder_001-mesh-positions"/>
        </vertices>
        <triangles material="Material_001-material" count="124">
          <input semantic="VERTEX" source="#Cylinder_001-mesh-vertices" offset="0"/>
          <input semantic="NORMAL" source="#Cylinder_001-mesh-normals" offset="1"/>
          <input semantic="TEXCOORD" source="#Cylinder_001-mesh-map-0" offset="2" set="0"/>
          <p>1 0 0 2 1 1 0 2 2 3 3 3 4 4 4 2 1 5 5 5 6 6 6 7 4 4 8 7 7 9 8 8 10 6 6 11 9 9 12 10 10 13 8 8 14 11 11 15 12 12 16 10 10 17 13 13 18 14 14 19 12 12 20 15 15 21 16 16 22 14 14 23 17 17 24 18 18 25 16 16 26 19 19 27 20 20 28 18 18 29 21 21 30 22 22 31 20 20 32 23 23 33 24 24 34 22 22 35 25 25 36 26 26 37 24 24 38 27 27 39 28 28 40 26 26 41 29 29 42 30 30 43 28 28 44 31 31 45 32 32 46 30 30 47 33 33 48 17 17 49 9 9 50 20 20 51 24 24 52 0 2 53 34 34 54 1 0 55 0 2 56 36 35 57 35 36 58 34 34 59 38 37 60 37 38 61 36 35 62 40 39 63 39 40 64 38 37 65 42 41 66 41 42 67 40 39 68 44 43 69 43 44 70 42 41 71 46 45 72 45 46 73 44 43 74 48 47 75 47 48 76 46 45 77 50 49 78 49 50 79 48 47 80 52 51 81 51 52 82 50 49 83 54 53 84 53 54 85 52 51 86 56 55 87 55 56 88 54 53 89 58 57 90 57 58 91 56 55 92 60 59 93 59 60 94 58 57 95 62 61 96 61 62 97 60 59 98 32 32 99 63 63 100 62 61 101 59 60 102 63 63 103 35 36 104 62 61 105 46 45 106 38 37 107 1 0 108 3 3 109 2 1 110 3 3 111 5 5 112 4 4 113 5 5 114 7 7 115 6 6 116 7 7 117 9 9 118 8 8 119 9 9 120 11 11 121 10 10 122 11 11 123 13 13 124 12 12 125 13 13 126 15 15 127 14 14 128 15 15 129 17 17 130 16 16 131 17 17 132 19 19 133 18 18 134 19 19 135 21 21 136 20 20 137 21 21 138 23 23 139 22 22 140 23 23 141 25 25 142 24 24 143 25 25 144 27 27 145 26 26 146 27 27 147 29 29 148 28 28 149 29 29 150 31 31 151 30 30 152 31 31 153 33 33 154 32 32 155 3 3 156 1 0 157 5 5 158 1 0 159 33 33 160 5 5 161 33 33 162 31 31 163 25 25 164 31 31 165 29 29 166 25 25 167 29 29 168 27 27 169 25 25 170 25 25 171 23 23 172 17 17 173 23 23 174 21 21 175 17 17 176 21 21 177 19 19 178 17 17 179 17 17 180 15 15 181 9 9 182 15 15 183 13 13 184 9 9 185 13 13 186 11 11 187 9 9 188 9 9 189 7 7 190 5 5 191 9 9 192 5 5 193 33 33 194 33 33 195 25 25 196 17 17 197 30 30 198 32 32 199 0 2 200 0 2 201 2 1 202 4 4 203 4 4 204 6 6 205 8 8 206 8 8 207 10 10 208 12 12 209 12 12 210 14 14 211 8 8 212 14 14 213 16 16 214 8 8 215 16 16 216 18 18 217 20 20 218 20 20 219 22 22 220 24 24 221 24 24 222 26 26 223 28 28 224 28 28 225 30 30 226 24 24 227 30 30 228 0 2 229 24 24 230 0 2 231 4 4 232 16 16 233 4 4 234 8 8 235 16 16 236 16 16 237 20 20 238 0 2 239 34 34 240 35 36 241 1 0 242 36 35 243 37 38 244 35 36 245 38 37 246 39 40 247 37 38 248 40 39 249 41 42 250 39 40 251 42 41 252 43 44 253 41 42 254 44 43 255 45 46 256 43 44 257 46 45 258 47 48 259 45 46 260 48 47 261 49 50 262 47 48 263 50 49 264 51 52 265 49 50 266 52 51 267 53 54 268 51 52 269 54 53 270 55 56 271 53 54 272 56 55 273 57 58 274 55 56 275 58 57 276 59 60 277 57 58 278 60 59 279 61 62 280 59 60 281 62 61 282 63 63 283 61 62 284 32 32 285 33 33 286 63 63 287 33 33 288 1 0 289 63 63 290 1 0 291 35 36 292 63 63 293 35 36 294 37 38 295 43 44 296 37 38 297 39 40 298 43 44 299 39 40 300 41 42 301 43 44 302 43 44 303 45 46 304 47 48 305 47 48 306 49 50 307 51 52 308 51 52 309 53 54 310 55 56 311 55 56 312 57 58 313 59 60 314 59 60 315 61 62 316 63 63 317 43 44 318 47 48 319 35 36 320 47 48 321 51 52 322 35 36 323 51 52 324 55 56 325 35 36 326 55 56 327 59 60 328 35 36 329 0 2 330 32 32 331 62 61 332 62 61 333 60 59 334 58 57 335 58 57 336 56 55 337 54 53 338 54 53 339 52 51 340 46 45 341 52 51 342 50 49 343 46 45 344 50 49 345 48 47 346 46 45 347 46 45 348 44 43 349 42 41 350 42 41 351 40 39 352 38 37 353 38 37 354 36 35 355 62 61 356 36 35 357 34 34 358 62 61 359 34 34 360 0 2 361 62 61 362 62 61 363 58 57 364 54 53 365 46 45 366 42 41 367 38 37 368 62 61 369 54 53 370 46 45 371</p>
        </triangles>
      </mesh>
    </geometry>
    <geometry id="Cylinder_047-mesh" name="Cylinder.047">
      <mesh>
        <source id="Cylinder_047-mesh-positions">
          <float_array id="Cylinder_047-mesh-positions-array" count="72">1.718275 4.035402 -2.708468 -1.099277 4.035402 -2.708468 1.718275 -4.03987 -2.708468 -1.099277 -4.03987 -2.708468 1.718275 4.035402 5.366804 -1.099277 4.035402 5.366804 1.718275 -4.03987 5.366804 -1.099277 -4.03987 5.366804 1.718275 -2.410793 -2.708468 1.718275 2.406324 -2.708468 -1.099277 2.406324 -2.708468 -1.099277 -2.410793 -2.708468 1.718275 -2.410793 -4.995353 1.718275 2.406324 -4.995353 -1.099277 2.406324 -4.995353 -1.099277 -2.410793 -4.995353 -1.099277 -2.529187 5.366804 -1.099277 2.652501 5.366804 1.718275 2.652501 5.366804 1.718275 -2.529187 5.366804 1.718275 -2.529187 2.705422 1.718275 2.652501 2.705422 -1.099277 -2.529187 2.705422 -1.099277 2.652501 2.705422</float_array>
          <technique_common>
            <accessor source="#Cylinder_047-mesh-positions-array" count="24" stride="3">
              <param name="X" type="float"/>
              <param name="Y" type="float"/>
              <param name="Z" type="float"/>
            </accessor>
          </technique_common>
        </source>
        <source id="Cylinder_047-mesh-normals">
          <float_array id="Cylinder_047-mesh-normals-array" count="54">-1 0 0 0 -1 0 0 0 1 0 1 0 -1 0 0 0 1 1.48008e-7 0 0 -1 -1 0 0 1 0 -1.56382e-7 0 -1 0 0 -1 0 -1 0 0 0 1 0 -1 0 0 -1 0 0 0 1 0 1 0 -1.56382e-7 0 -1 1.48008e-7</float_array>
          <technique_common>
            <accessor source="#Cylinder_047-mesh-normals-array" count="18" stride="3">
              <param name="X" type="float"/>
              <param name="Y" type="float"/>
              <param name="Z" type="float"/>
            </accessor>
          </technique_common>
        </source>
        <source id="Cylinder_047-mesh-map-0">
          <float_array id="Cylinder_047-mesh-map-0-array" count="204">0.3228586 0.5414348 0.3020274 0.5044202 0.3020274 0.5405469 0.6681672 0.9104181 0.6893165 0.9415138 0.6893165 0.9104181 0.37636 0.969778 0.3876917 0.9909842 0.3876917 0.96978 0.7255086 0.9104181 0.7043817 0.9415138 0.7255086 0.9415138 0.4847222 0.5462807 0.4950854 0.5151849 0.4847222 0.5151849 0.9179021 0.9301905 0.9292229 0.9612863 0.9292229 0.9301905 0.9822271 0.831435 0.9910264 0.8525784 0.9910264 0.831435 0.977254 0.7180793 0.9894574 0.7392801 0.9894574 0.718076 0.09625041 0.9696516 0.1084539 0.9908524 0.1084538 0.9696483 0.4918651 0.9015372 0.4706776 0.9376448 0.4918651 0.9376506 0.293228 0.5044201 0.3020274 0.5405469 0.3020274 0.5044202 0.07792443 0.9578504 0.06912505 0.9220058 0.06912505 0.9578504 0.9910264 0.7951923 0.9822271 0.816358 0.9910264 0.816358 0.7039129 0.2082737 0.7251005 0.2471682 0.7251005 0.2082698 0.8656257 0.9924287 0.8553855 0.971263 0.8553855 0.9924287 0.8861979 0.9712555 0.8965711 0.9924615 0.8965711 0.9712574 0.9822271 0.7801152 0.9924674 0.7589718 0.9822271 0.7589718 0.3228586 0.5414348 0.3228586 0.5025739 0.3020274 0.5044202 0.6681672 0.9104181 0.6681672 0.9415138 0.6893165 0.9415138 0.37636 0.969778 0.3763599 0.9909821 0.3876917 0.9909842 0.7255086 0.9104181 0.7043817 0.9104181 0.7043817 0.9415138 0.4847222 0.5462807 0.4969303 0.5462807 0.4950854 0.5151849 0.9179021 0.9301905 0.9170149 0.9612863 0.9292229 0.9612863 0.9822271 0.831435 0.9822271 0.8525784 0.9910264 0.8525784 0.977254 0.7180793 0.9772539 0.7392835 0.9894574 0.7392801 0.09625041 0.9696516 0.09625035 0.9908558 0.1084539 0.9908524 0.4918651 0.9015372 0.4706776 0.9015315 0.4706776 0.9376448 0.293228 0.5044201 0.293228 0.5405469 0.3020274 0.5405469 0.07792443 0.9578504 0.07792443 0.9220058 0.06912505 0.9220058 0.9910264 0.7951923 0.9822271 0.7951923 0.9822271 0.816358 0.7039129 0.2082737 0.7039129 0.2471721 0.7251005 0.2471682 0.8656257 0.9924287 0.8656257 0.9712629 0.8553855 0.971263 0.8861979 0.9712555 0.886198 0.9924596 0.8965711 0.9924615 0.9822271 0.7801152 0.9924674 0.7801152 0.9924674 0.7589718</float_array>
          <technique_common>
            <accessor source="#Cylinder_047-mesh-map-0-array" count="102" stride="2">
              <param name="S" type="float"/>
              <param name="T" type="float"/>
            </accessor>
          </technique_common>
        </source>
        <vertices id="Cylinder_047-mesh-vertices">
          <input semantic="POSITION" source="#Cylinder_047-mesh-positions"/>
        </vertices>
        <triangles material="Material_001-material" count="34">
          <input semantic="VERTEX" source="#Cylinder_047-mesh-vertices" offset="0"/>
          <input semantic="NORMAL" source="#Cylinder_047-mesh-normals" offset="1"/>
          <input semantic="TEXCOORD" source="#Cylinder_047-mesh-map-0" offset="2" set="0"/>
          <p>22 0 0 10 0 1 11 0 2 2 1 3 7 1 4 3 1 5 19 2 6 7 2 7 6 2 8 0 3 9 5 3 10 4 3 11 1 4 12 17 4 13 5 4 14 16 4 15 3 4 16 7 4 17 13 5 18 10 5 19 9 5 20 11 6 21 2 6 22 3 6 23 9 6 24 1 6 25 0 6 26 12 6 27 14 6 28 13 6 29 14 7 30 11 7 31 10 7 32 12 8 33 9 8 34 8 8 35 11 9 36 12 9 37 8 9 38 20 2 39 23 2 40 22 2 41 18 10 42 23 10 43 21 10 44 4 2 45 17 2 46 18 2 47 22 3 48 19 3 49 20 3 50 22 11 51 23 11 52 10 11 53 2 10 54 6 10 55 7 10 56 19 2 57 16 2 58 7 2 59 0 12 60 1 12 61 5 12 62 1 13 63 10 13 64 17 13 65 16 14 66 11 14 67 3 14 68 13 15 69 14 15 70 10 15 71 11 6 72 8 6 73 2 6 74 9 6 75 10 6 76 1 6 77 12 6 78 15 6 79 14 6 80 14 7 81 15 7 82 11 7 83 12 16 84 13 16 85 9 16 86 11 17 87 15 17 88 12 17 89 20 2 90 21 2 91 23 2 92 18 10 93 17 10 94 23 10 95 4 2 96 5 2 97 17 2 98 22 3 99 16 3 100 19 3 101</p>
        </triangles>
      </mesh>
    </geometry>
    <geometry id="Cylinder_000-mesh" name="Cylinder.000">
      <mesh>
        <source id="Cylinder_000-mesh-positions">
          <float_array id="Cylinder_000-mesh-positions-array" count="72">1.718275 4.035402 -2.708468 -1.099277 4.035402 -2.708468 1.718275 -4.03987 -2.708468 -1.099277 -4.03987 -2.708468 1.718275 4.035402 5.366804 -1.099277 4.035402 5.366804 1.718275 -4.03987 5.366804 -1.099277 -4.03987 5.366804 1.718275 -2.410793 -2.708468 1.718275 2.406324 -2.708468 -1.099277 2.406324 -2.708468 -1.099277 -2.410793 -2.708468 1.718275 -2.410793 -4.995353 1.718275 2.406324 -4.995353 -1.099277 2.406324 -4.995353 -1.099277 -2.410793 -4.995353 -1.099277 -2.529187 5.366804 -1.099277 2.652501 5.366804 1.718275 2.652501 5.366804 1.718275 -2.529187 5.366804 1.718275 -2.529187 2.705422 1.718275 2.652501 2.705422 -1.099277 -2.529187 2.705422 -1.099277 2.652501 2.705422</float_array>
          <technique_common>
            <accessor source="#Cylinder_000-mesh-positions-array" count="24" stride="3">
              <param name="X" type="float"/>
              <param name="Y" type="float"/>
              <param name="Z" type="float"/>
            </accessor>
          </technique_common>
        </source>
        <source id="Cylinder_000-mesh-normals">
          <float_array id="Cylinder_000-mesh-normals-array" count="54">-1 0 0 0 -1 0 0 0 1 0 1 0 -1 0 0 0 1 1.48008e-7 0 0 -1 -1 0 0 1 0 -1.56382e-7 0 -1 0 0 -1 0 -1 0 0 0 1 0 -1 0 0 -1 0 0 0 1 0 1 0 -1.56382e-7 0 -1 1.48008e-7</float_array>
          <technique_common>
            <accessor source="#Cylinder_000-mesh-normals-array" count="18" stride="3">
              <param name="X" type="float"/>
              <param name="Y" type="float"/>
              <param name="Z" type="float"/>
            </accessor>
          </technique_common>
        </source>
        <source id="Cylinder_000-mesh-map-0">
          <float_array id="Cylinder_000-mesh-map-0-array" count="204">0.3228586 0.5414348 0.3020274 0.5044202 0.3020274 0.5405469 0.6681672 0.9104181 0.6893165 0.9415138 0.6893165 0.9104181 0.37636 0.969778 0.3876917 0.9909842 0.3876917 0.96978 0.7255086 0.9104181 0.7043817 0.9415138 0.7255086 0.9415138 0.4847222 0.5462807 0.4950854 0.5151849 0.4847222 0.5151849 0.9179021 0.9301905 0.9292229 0.9612863 0.9292229 0.9301905 0.9822271 0.831435 0.9910264 0.8525784 0.9910264 0.831435 0.977254 0.7180793 0.9894574 0.7392801 0.9894574 0.718076 0.09625041 0.9696516 0.1084539 0.9908524 0.1084538 0.9696483 0.4918651 0.9015372 0.4706776 0.9376448 0.4918651 0.9376506 0.293228 0.5044201 0.3020274 0.5405469 0.3020274 0.5044202 0.07792443 0.9578504 0.06912505 0.9220058 0.06912505 0.9578504 0.9910264 0.7951923 0.9822271 0.816358 0.9910264 0.816358 0.7039129 0.2082737 0.7251005 0.2471682 0.7251005 0.2082698 0.8656257 0.9924287 0.8553855 0.971263 0.8553855 0.9924287 0.8861979 0.9712555 0.8965711 0.9924615 0.8965711 0.9712574 0.9822271 0.7801152 0.9924674 0.7589718 0.9822271 0.7589718 0.3228586 0.5414348 0.3228586 0.5025739 0.3020274 0.5044202 0.6681672 0.9104181 0.6681672 0.9415138 0.6893165 0.9415138 0.37636 0.969778 0.3763599 0.9909821 0.3876917 0.9909842 0.7255086 0.9104181 0.7043817 0.9104181 0.7043817 0.9415138 0.4847222 0.5462807 0.4969303 0.5462807 0.4950854 0.5151849 0.9179021 0.9301905 0.9170149 0.9612863 0.9292229 0.9612863 0.9822271 0.831435 0.9822271 0.8525784 0.9910264 0.8525784 0.977254 0.7180793 0.9772539 0.7392835 0.9894574 0.7392801 0.09625041 0.9696516 0.09625035 0.9908558 0.1084539 0.9908524 0.4918651 0.9015372 0.4706776 0.9015315 0.4706776 0.9376448 0.293228 0.5044201 0.293228 0.5405469 0.3020274 0.5405469 0.07792443 0.9578504 0.07792443 0.9220058 0.06912505 0.9220058 0.9910264 0.7951923 0.9822271 0.7951923 0.9822271 0.816358 0.7039129 0.2082737 0.7039129 0.2471721 0.7251005 0.2471682 0.8656257 0.9924287 0.8656257 0.9712629 0.8553855 0.971263 0.8861979 0.9712555 0.886198 0.9924596 0.8965711 0.9924615 0.9822271 0.7801152 0.9924674 0.7801152 0.9924674 0.7589718</float_array>
          <technique_common>
            <accessor source="#Cylinder_000-mesh-map-0-array" count="102" stride="2">
              <param name="S" type="float"/>
              <param name="T" type="float"/>
            </accessor>
          </technique_common>
        </source>
        <vertices id="Cylinder_000-mesh-vertices">
          <input semantic="POSITION" source="#Cylinder_000-mesh-positions"/>
        </vertices>
        <triangles material="Material_001-material" count="34">
          <input semantic="VERTEX" source="#Cylinder_000-mesh-vertices" offset="0"/>
          <input semantic="NORMAL" source="#Cylinder_000-mesh-normals" offset="1"/>
          <input semantic="TEXCOORD" source="#Cylinder_000-mesh-map-0" offset="2" set="0"/>
          <p>22 0 0 10 0 1 11 0 2 2 1 3 7 1 4 3 1 5 19 2 6 7 2 7 6 2 8 0 3 9 5 3 10 4 3 11 1 4 12 17 4 13 5 4 14 16 4 15 3 4 16 7 4 17 13 5 18 10 5 19 9 5 20 11 6 21 2 6 22 3 6 23 9 6 24 1 6 25 0 6 26 12 6 27 14 6 28 13 6 29 14 7 30 11 7 31 10 7 32 12 8 33 9 8 34 8 8 35 11 9 36 12 9 37 8 9 38 20 2 39 23 2 40 22 2 41 18 10 42 23 10 43 21 10 44 4 2 45 17 2 46 18 2 47 22 3 48 19 3 49 20 3 50 22 11 51 23 11 52 10 11 53 2 10 54 6 10 55 7 10 56 19 2 57 16 2 58 7 2 59 0 12 60 1 12 61 5 12 62 1 13 63 10 13 64 17 13 65 16 14 66 11 14 67 3 14 68 13 15 69 14 15 70 10 15 71 11 6 72 8 6 73 2 6 74 9 6 75 10 6 76 1 6 77 12 6 78 15 6 79 14 6 80 14 7 81 15 7 82 11 7 83 12 16 84 13 16 85 9 16 86 11 17 87 15 17 88 12 17 89 20 2 90 21 2 91 23 2 92 18 10 93 17 10 94 23 10 95 4 2 96 5 2 97 17 2 98 22 3 99 16 3 100 19 3 101</p>
        </triangles>
      </mesh>
    </geometry>
    <geometry id="Cylinder_002-mesh" name="Cylinder.002">
      <mesh>
        <source id="Cylinder_002-mesh-positions">
          <float_array id="Cylinder_002-mesh-positions-array" count="72">1.718275 4.035402 -2.708468 -1.099277 4.035402 -2.708468 1.718275 -4.03987 -2.708468 -1.099277 -4.03987 -2.708468 1.718275 4.035402 5.366804 -1.099277 4.035402 5.366804 1.718275 -4.03987 5.366804 -1.099277 -4.03987 5.366804 1.718275 -2.410793 -2.708468 1.718275 2.406324 -2.708468 -1.099277 2.406324 -2.708468 -1.099277 -2.410793 -2.708468 1.718275 -2.410793 -4.995353 1.718275 2.406324 -4.995353 -1.099277 2.406324 -4.995353 -1.099277 -2.410793 -4.995353 -1.099277 -2.529187 5.366804 -1.099277 2.652501 5.366804 1.718275 2.652501 5.366804 1.718275 -2.529187 5.366804 1.718275 -2.529187 2.705422 1.718275 2.652501 2.705422 -1.099277 -2.529187 2.705422 -1.099277 2.652501 2.705422</float_array>
          <technique_common>
            <accessor source="#Cylinder_002-mesh-positions-array" count="24" stride="3">
              <param name="X" type="float"/>
              <param name="Y" type="float"/>
              <param name="Z" type="float"/>
            </accessor>
          </technique_common>
        </source>
        <source id="Cylinder_002-mesh-normals">
          <float_array id="Cylinder_002-mesh-normals-array" count="54">-1 0 0 0 -1 0 0 0 1 0 1 0 -1 0 0 0 1 1.48008e-7 0 0 -1 -1 0 0 1 0 -1.56382e-7 0 -1 0 0 -1 0 -1 0 0 0 1 0 -1 0 0 -1 0 0 0 1 0 1 0 -1.56382e-7 0 -1 1.48008e-7</float_array>
          <technique_common>
            <accessor source="#Cylinder_002-mesh-normals-array" count="18" stride="3">
              <param name="X" type="float"/>
              <param name="Y" type="float"/>
              <param name="Z" type="float"/>
            </accessor>
          </technique_common>
        </source>
        <source id="Cylinder_002-mesh-map-0">
          <float_array id="Cylinder_002-mesh-map-0-array" count="204">0.3228586 0.5414348 0.3020274 0.5044202 0.3020274 0.5405469 0.6681672 0.9104181 0.6893165 0.9415138 0.6893165 0.9104181 0.37636 0.969778 0.3876917 0.9909842 0.3876917 0.96978 0.7255086 0.9104181 0.7043817 0.9415138 0.7255086 0.9415138 0.4847222 0.5462807 0.4950854 0.5151849 0.4847222 0.5151849 0.9179021 0.9301905 0.9292229 0.9612863 0.9292229 0.9301905 0.9822271 0.831435 0.9910264 0.8525784 0.9910264 0.831435 0.977254 0.7180793 0.9894574 0.7392801 0.9894574 0.718076 0.09625041 0.9696516 0.1084539 0.9908524 0.1084538 0.9696483 0.4918651 0.9015372 0.4706776 0.9376448 0.4918651 0.9376506 0.293228 0.5044201 0.3020274 0.5405469 0.3020274 0.5044202 0.07792443 0.9578504 0.06912505 0.9220058 0.06912505 0.9578504 0.9910264 0.7951923 0.9822271 0.816358 0.9910264 0.816358 0.7039129 0.2082737 0.7251005 0.2471682 0.7251005 0.2082698 0.8656257 0.9924287 0.8553855 0.971263 0.8553855 0.9924287 0.8861979 0.9712555 0.8965711 0.9924615 0.8965711 0.9712574 0.9822271 0.7801152 0.9924674 0.7589718 0.9822271 0.7589718 0.3228586 0.5414348 0.3228586 0.5025739 0.3020274 0.5044202 0.6681672 0.9104181 0.6681672 0.9415138 0.6893165 0.9415138 0.37636 0.969778 0.3763599 0.9909821 0.3876917 0.9909842 0.7255086 0.9104181 0.7043817 0.9104181 0.7043817 0.9415138 0.4847222 0.5462807 0.4969303 0.5462807 0.4950854 0.5151849 0.9179021 0.9301905 0.9170149 0.9612863 0.9292229 0.9612863 0.9822271 0.831435 0.9822271 0.8525784 0.9910264 0.8525784 0.977254 0.7180793 0.9772539 0.7392835 0.9894574 0.7392801 0.09625041 0.9696516 0.09625035 0.9908558 0.1084539 0.9908524 0.4918651 0.9015372 0.4706776 0.9015315 0.4706776 0.9376448 0.293228 0.5044201 0.293228 0.5405469 0.3020274 0.5405469 0.07792443 0.9578504 0.07792443 0.9220058 0.06912505 0.9220058 0.9910264 0.7951923 0.9822271 0.7951923 0.9822271 0.816358 0.7039129 0.2082737 0.7039129 0.2471721 0.7251005 0.2471682 0.8656257 0.9924287 0.8656257 0.9712629 0.8553855 0.971263 0.8861979 0.9712555 0.886198 0.9924596 0.8965711 0.9924615 0.9822271 0.7801152 0.9924674 0.7801152 0.9924674 0.7589718</float_array>
          <technique_common>
            <accessor source="#Cylinder_002-mesh-map-0-array" count="102" stride="2">
              <param name="S" type="float"/>
              <param name="T" type="float"/>
            </accessor>
          </technique_common>
        </source>
        <vertices id="Cylinder_002-mesh-vertices">
          <input semantic="POSITION" source="#Cylinder_002-mesh-positions"/>
        </vertices>
        <triangles material="Material_001-material" count="34">
          <input semantic="VERTEX" source="#Cylinder_002-mesh-vertices" offset="0"/>
          <input semantic="NORMAL" source="#Cylinder_002-mesh-normals" offset="1"/>
          <input semantic="TEXCOORD" source="#Cylinder_002-mesh-map-0" offset="2" set="0"/>
          <p>22 0 0 10 0 1 11 0 2 2 1 3 7 1 4 3 1 5 19 2 6 7 2 7 6 2 8 0 3 9 5 3 10 4 3 11 1 4 12 17 4 13 5 4 14 16 4 15 3 4 16 7 4 17 13 5 18 10 5 19 9 5 20 11 6 21 2 6 22 3 6 23 9 6 24 1 6 25 0 6 26 12 6 27 14 6 28 13 6 29 14 7 30 11 7 31 10 7 32 12 8 33 9 8 34 8 8 35 11 9 36 12 9 37 8 9 38 20 2 39 23 2 40 22 2 41 18 10 42 23 10 43 21 10 44 4 2 45 17 2 46 18 2 47 22 3 48 19 3 49 20 3 50 22 11 51 23 11 52 10 11 53 2 10 54 6 10 55 7 10 56 19 2 57 16 2 58 7 2 59 0 12 60 1 12 61 5 12 62 1 13 63 10 13 64 17 13 65 16 14 66 11 14 67 3 14 68 13 15 69 14 15 70 10 15 71 11 6 72 8 6 73 2 6 74 9 6 75 10 6 76 1 6 77 12 6 78 15 6 79 14 6 80 14 7 81 15 7 82 11 7 83 12 16 84 13 16 85 9 16 86 11 17 87 15 17 88 12 17 89 20 2 90 21 2 91 23 2 92 18 10 93 17 10 94 23 10 95 4 2 96 5 2 97 17 2 98 22 3 99 16 3 100 19 3 101</p>
        </triangles>
      </mesh>
    </geometry>
    <geometry id="Cylinder_003-mesh" name="Cylinder.003">
      <mesh>
        <source id="Cylinder_003-mesh-positions">
          <float_array id="Cylinder_003-mesh-positions-array" count="72">1.718275 4.035402 -2.708468 -1.099277 4.035402 -2.708468 1.718275 -4.03987 -2.708468 -1.099277 -4.03987 -2.708468 1.718275 4.035402 5.366804 -1.099277 4.035402 5.366804 1.718275 -4.03987 5.366804 -1.099277 -4.03987 5.366804 1.718275 -2.410793 -2.708468 1.718275 2.406324 -2.708468 -1.099277 2.406324 -2.708468 -1.099277 -2.410793 -2.708468 1.718275 -2.410793 -4.995353 1.718275 2.406324 -4.995353 -1.099277 2.406324 -4.995353 -1.099277 -2.410793 -4.995353 -1.099277 -2.529187 5.366804 -1.099277 2.652501 5.366804 1.718275 2.652501 5.366804 1.718275 -2.529187 5.366804 1.718275 -2.529187 2.705422 1.718275 2.652501 2.705422 -1.099277 -2.529187 2.705422 -1.099277 2.652501 2.705422</float_array>
          <technique_common>
            <accessor source="#Cylinder_003-mesh-positions-array" count="24" stride="3">
              <param name="X" type="float"/>
              <param name="Y" type="float"/>
              <param name="Z" type="float"/>
            </accessor>
          </technique_common>
        </source>
        <source id="Cylinder_003-mesh-normals">
          <float_array id="Cylinder_003-mesh-normals-array" count="54">-1 0 0 0 -1 0 0 0 1 0 1 0 -1 0 0 0 1 1.48008e-7 0 0 -1 -1 0 0 1 0 -1.56382e-7 0 -1 0 0 -1 0 -1 0 0 0 1 0 -1 0 0 -1 0 0 0 1 0 1 0 -1.56382e-7 0 -1 1.48008e-7</float_array>
          <technique_common>
            <accessor source="#Cylinder_003-mesh-normals-array" count="18" stride="3">
              <param name="X" type="float"/>
              <param name="Y" type="float"/>
              <param name="Z" type="float"/>
            </accessor>
          </technique_common>
        </source>
        <source id="Cylinder_003-mesh-map-0">
          <float_array id="Cylinder_003-mesh-map-0-array" count="204">0.3228586 0.5414348 0.3020274 0.5044202 0.3020274 0.5405469 0.6681672 0.9104181 0.6893165 0.9415138 0.6893165 0.9104181 0.37636 0.969778 0.3876917 0.9909842 0.3876917 0.96978 0.7255086 0.9104181 0.7043817 0.9415138 0.7255086 0.9415138 0.4847222 0.5462807 0.4950854 0.5151849 0.4847222 0.5151849 0.9179021 0.9301905 0.9292229 0.9612863 0.9292229 0.9301905 0.9822271 0.831435 0.9910264 0.8525784 0.9910264 0.831435 0.977254 0.7180793 0.9894574 0.7392801 0.9894574 0.718076 0.09625041 0.9696516 0.1084539 0.9908524 0.1084538 0.9696483 0.4918651 0.9015372 0.4706776 0.9376448 0.4918651 0.9376506 0.293228 0.5044201 0.3020274 0.5405469 0.3020274 0.5044202 0.07792443 0.9578504 0.06912505 0.9220058 0.06912505 0.9578504 0.9910264 0.7951923 0.9822271 0.816358 0.9910264 0.816358 0.7039129 0.2082737 0.7251005 0.2471682 0.7251005 0.2082698 0.8656257 0.9924287 0.8553855 0.971263 0.8553855 0.9924287 0.8861979 0.9712555 0.8965711 0.9924615 0.8965711 0.9712574 0.9822271 0.7801152 0.9924674 0.7589718 0.9822271 0.7589718 0.3228586 0.5414348 0.3228586 0.5025739 0.3020274 0.5044202 0.6681672 0.9104181 0.6681672 0.9415138 0.6893165 0.9415138 0.37636 0.969778 0.3763599 0.9909821 0.3876917 0.9909842 0.7255086 0.9104181 0.7043817 0.9104181 0.7043817 0.9415138 0.4847222 0.5462807 0.4969303 0.5462807 0.4950854 0.5151849 0.9179021 0.9301905 0.9170149 0.9612863 0.9292229 0.9612863 0.9822271 0.831435 0.9822271 0.8525784 0.9910264 0.8525784 0.977254 0.7180793 0.9772539 0.7392835 0.9894574 0.7392801 0.09625041 0.9696516 0.09625035 0.9908558 0.1084539 0.9908524 0.4918651 0.9015372 0.4706776 0.9015315 0.4706776 0.9376448 0.293228 0.5044201 0.293228 0.5405469 0.3020274 0.5405469 0.07792443 0.9578504 0.07792443 0.9220058 0.06912505 0.9220058 0.9910264 0.7951923 0.9822271 0.7951923 0.9822271 0.816358 0.7039129 0.2082737 0.7039129 0.2471721 0.7251005 0.2471682 0.8656257 0.9924287 0.8656257 0.9712629 0.8553855 0.971263 0.8861979 0.9712555 0.886198 0.9924596 0.8965711 0.9924615 0.9822271 0.7801152 0.9924674 0.7801152 0.9924674 0.7589718</float_array>
          <technique_common>
            <accessor source="#Cylinder_003-mesh-map-0-array" count="102" stride="2">
              <param name="S" type="float"/>
              <param name="T" type="float"/>
            </accessor>
          </technique_common>
        </source>
        <vertices id="Cylinder_003-mesh-vertices">
          <input semantic="POSITION" source="#Cylinder_003-mesh-positions"/>
        </vertices>
        <triangles material="Material_001-material" count="34">
          <input semantic="VERTEX" source="#Cylinder_003-mesh-vertices" offset="0"/>
          <input semantic="NORMAL" source="#Cylinder_003-mesh-normals" offset="1"/>
          <input semantic="TEXCOORD" source="#Cylinder_003-mesh-map-0" offset="2" set="0"/>
          <p>22 0 0 10 0 1 11 0 2 2 1 3 7 1 4 3 1 5 19 2 6 7 2 7 6 2 8 0 3 9 5 3 10 4 3 11 1 4 12 17 4 13 5 4 14 16 4 15 3 4 16 7 4 17 13 5 18 10 5 19 9 5 20 11 6 21 2 6 22 3 6 23 9 6 24 1 6 25 0 6 26 12 6 27 14 6 28 13 6 29 14 7 30 11 7 31 10 7 32 12 8 33 9 8 34 8 8 35 11 9 36 12 9 37 8 9 38 20 2 39 23 2 40 22 2 41 18 10 42 23 10 43 21 10 44 4 2 45 17 2 46 18 2 47 22 3 48 19 3 49 20 3 50 22 11 51 23 11 52 10 11 53 2 10 54 6 10 55 7 10 56 19 2 57 16 2 58 7 2 59 0 12 60 1 12 61 5 12 62 1 13 63 10 13 64 17 13 65 16 14 66 11 14 67 3 14 68 13 15 69 14 15 70 10 15 71 11 6 72 8 6 73 2 6 74 9 6 75 10 6 76 1 6 77 12 6 78 15 6 79 14 6 80 14 7 81 15 7 82 11 7 83 12 16 84 13 16 85 9 16 86 11 17 87 15 17 88 12 17 89 20 2 90 21 2 91 23 2 92 18 10 93 17 10 94 23 10 95 4 2 96 5 2 97 17 2 98 22 3 99 16 3 100 19 3 101</p>
        </triangles>
      </mesh>
    </geometry>
    <geometry id="Cylinder_004-mesh" name="Cylinder.004">
      <mesh>
        <source id="Cylinder_004-mesh-positions">
          <float_array id="Cylinder_004-mesh-positions-array" count="72">1.718275 4.035402 -2.708468 -1.099277 4.035402 -2.708468 1.718275 -4.03987 -2.708468 -1.099277 -4.03987 -2.708468 1.718275 4.035402 5.366804 -1.099277 4.035402 5.366804 1.718275 -4.03987 5.366804 -1.099277 -4.03987 5.366804 1.718275 -2.410793 -2.708468 1.718275 2.406324 -2.708468 -1.099277 2.406324 -2.708468 -1.099277 -2.410793 -2.708468 1.718275 -2.410793 -4.995353 1.718275 2.406324 -4.995353 -1.099277 2.406324 -4.995353 -1.099277 -2.410793 -4.995353 -1.099277 -2.529187 5.366804 -1.099277 2.652501 5.366804 1.718275 2.652501 5.366804 1.718275 -2.529187 5.366804 1.718275 -2.529187 2.705422 1.718275 2.652501 2.705422 -1.099277 -2.529187 2.705422 -1.099277 2.652501 2.705422</float_array>
          <technique_common>
            <accessor source="#Cylinder_004-mesh-positions-array" count="24" stride="3">
              <param name="X" type="float"/>
              <param name="Y" type="float"/>
              <param name="Z" type="float"/>
            </accessor>
          </technique_common>
        </source>
        <source id="Cylinder_004-mesh-normals">
          <float_array id="Cylinder_004-mesh-normals-array" count="54">-1 0 0 0 -1 0 0 0 1 0 1 0 -1 0 0 0 1 1.48008e-7 0 0 -1 -1 0 0 1 0 -1.56382e-7 0 -1 0 0 -1 0 -1 0 0 0 1 0 -1 0 0 -1 0 0 0 1 0 1 0 -1.56382e-7 0 -1 1.48008e-7</float_array>
          <technique_common>
            <accessor source="#Cylinder_004-mesh-normals-array" count="18" stride="3">
              <param name="X" type="float"/>
              <param name="Y" type="float"/>
              <param name="Z" type="float"/>
            </accessor>
          </technique_common>
        </source>
        <source id="Cylinder_004-mesh-map-0">
          <float_array id="Cylinder_004-mesh-map-0-array" count="204">0.3228586 0.5414348 0.3020274 0.5044202 0.3020274 0.5405469 0.6681672 0.9104181 0.6893165 0.9415138 0.6893165 0.9104181 0.37636 0.969778 0.3876917 0.9909842 0.3876917 0.96978 0.7255086 0.9104181 0.7043817 0.9415138 0.7255086 0.9415138 0.4847222 0.5462807 0.4950854 0.5151849 0.4847222 0.5151849 0.9179021 0.9301905 0.9292229 0.9612863 0.9292229 0.9301905 0.9822271 0.831435 0.9910264 0.8525784 0.9910264 0.831435 0.977254 0.7180793 0.9894574 0.7392801 0.9894574 0.718076 0.09625041 0.9696516 0.1084539 0.9908524 0.1084538 0.9696483 0.4918651 0.9015372 0.4706776 0.9376448 0.4918651 0.9376506 0.293228 0.5044201 0.3020274 0.5405469 0.3020274 0.5044202 0.07792443 0.9578504 0.06912505 0.9220058 0.06912505 0.9578504 0.9910264 0.7951923 0.9822271 0.816358 0.9910264 0.816358 0.7039129 0.2082737 0.7251005 0.2471682 0.7251005 0.2082698 0.8656257 0.9924287 0.8553855 0.971263 0.8553855 0.9924287 0.8861979 0.9712555 0.8965711 0.9924615 0.8965711 0.9712574 0.9822271 0.7801152 0.9924674 0.7589718 0.9822271 0.7589718 0.3228586 0.5414348 0.3228586 0.5025739 0.3020274 0.5044202 0.6681672 0.9104181 0.6681672 0.9415138 0.6893165 0.9415138 0.37636 0.969778 0.3763599 0.9909821 0.3876917 0.9909842 0.7255086 0.9104181 0.7043817 0.9104181 0.7043817 0.9415138 0.4847222 0.5462807 0.4969303 0.5462807 0.4950854 0.5151849 0.9179021 0.9301905 0.9170149 0.9612863 0.9292229 0.9612863 0.9822271 0.831435 0.9822271 0.8525784 0.9910264 0.8525784 0.977254 0.7180793 0.9772539 0.7392835 0.9894574 0.7392801 0.09625041 0.9696516 0.09625035 0.9908558 0.1084539 0.9908524 0.4918651 0.9015372 0.4706776 0.9015315 0.4706776 0.9376448 0.293228 0.5044201 0.293228 0.5405469 0.3020274 0.5405469 0.07792443 0.9578504 0.07792443 0.9220058 0.06912505 0.9220058 0.9910264 0.7951923 0.9822271 0.7951923 0.9822271 0.816358 0.7039129 0.2082737 0.7039129 0.2471721 0.7251005 0.2471682 0.8656257 0.9924287 0.8656257 0.9712629 0.8553855 0.971263 0.8861979 0.9712555 0.886198 0.9924596 0.8965711 0.9924615 0.9822271 0.7801152 0.9924674 0.7801152 0.9924674 0.7589718</float_array>
          <technique_common>
            <accessor source="#Cylinder_004-mesh-map-0-array" count="102" stride="2">
              <param name="S" type="float"/>
              <param name="T" type="float"/>
            </accessor>
          </technique_common>
        </source>
        <vertices id="Cylinder_004-mesh-vertices">
          <input semantic="POSITION" source="#Cylinder_004-mesh-positions"/>
        </vertices>
        <triangles material="Material_001-material" count="34">
          <input semantic="VERTEX" source="#Cylinder_004-mesh-vertices" offset="0"/>
          <input semantic="NORMAL" source="#Cylinder_004-mesh-normals" offset="1"/>
          <input semantic="TEXCOORD" source="#Cylinder_004-mesh-map-0" offset="2" set="0"/>
          <p>22 0 0 10 0 1 11 0 2 2 1 3 7 1 4 3 1 5 19 2 6 7 2 7 6 2 8 0 3 9 5 3 10 4 3 11 1 4 12 17 4 13 5 4 14 16 4 15 3 4 16 7 4 17 13 5 18 10 5 19 9 5 20 11 6 21 2 6 22 3 6 23 9 6 24 1 6 25 0 6 26 12 6 27 14 6 28 13 6 29 14 7 30 11 7 31 10 7 32 12 8 33 9 8 34 8 8 35 11 9 36 12 9 37 8 9 38 20 2 39 23 2 40 22 2 41 18 10 42 23 10 43 21 10 44 4 2 45 17 2 46 18 2 47 22 3 48 19 3 49 20 3 50 22 11 51 23 11 52 10 11 53 2 10 54 6 10 55 7 10 56 19 2 57 16 2 58 7 2 59 0 12 60 1 12 61 5 12 62 1 13 63 10 13 64 17 13 65 16 14 66 11 14 67 3 14 68 13 15 69 14 15 70 10 15 71 11 6 72 8 6 73 2 6 74 9 6 75 10 6 76 1 6 77 12 6 78 15 6 79 14 6 80 14 7 81 15 7 82 11 7 83 12 16 84 13 16 85 9 16 86 11 17 87 15 17 88 12 17 89 20 2 90 21 2 91 23 2 92 18 10 93 17 10 94 23 10 95 4 2 96 5 2 97 17 2 98 22 3 99 16 3 100 19 3 101</p>
        </triangles>
      </mesh>
    </geometry>
    <geometry id="Cylinder_005-mesh" name="Cylinder.005">
      <mesh>
        <source id="Cylinder_005-mesh-positions">
          <float_array id="Cylinder_005-mesh-positions-array" count="72">1.718275 4.035402 -2.708468 -1.099277 4.035402 -2.708468 1.718275 -4.03987 -2.708468 -1.099277 -4.03987 -2.708468 1.718275 4.035402 5.366804 -1.099277 4.035402 5.366804 1.718275 -4.03987 5.366804 -1.099277 -4.03987 5.366804 1.718275 -2.410793 -2.708468 1.718275 2.406324 -2.708468 -1.099277 2.406324 -2.708468 -1.099277 -2.410793 -2.708468 1.718275 -2.410793 -4.995353 1.718275 2.406324 -4.995353 -1.099277 2.406324 -4.995353 -1.099277 -2.410793 -4.995353 -1.099277 -2.529187 5.366804 -1.099277 2.652501 5.366804 1.718275 2.652501 5.366804 1.718275 -2.529187 5.366804 1.718275 -2.529187 2.705422 1.718275 2.652501 2.705422 -1.099277 -2.529187 2.705422 -1.099277 2.652501 2.705422</float_array>
          <technique_common>
            <accessor source="#Cylinder_005-mesh-positions-array" count="24" stride="3">
              <param name="X" type="float"/>
              <param name="Y" type="float"/>
              <param name="Z" type="float"/>
            </accessor>
          </technique_common>
        </source>
        <source id="Cylinder_005-mesh-normals">
          <float_array id="Cylinder_005-mesh-normals-array" count="54">-1 0 0 0 -1 0 0 0 1 0 1 0 -1 0 0 0 1 1.48008e-7 0 0 -1 -1 0 0 1 0 -1.56382e-7 0 -1 0 0 -1 0 -1 0 0 0 1 0 -1 0 0 -1 0 0 0 1 0 1 0 -1.56382e-7 0 -1 1.48008e-7</float_array>
          <technique_common>
            <accessor source="#Cylinder_005-mesh-normals-array" count="18" stride="3">
              <param name="X" type="float"/>
              <param name="Y" type="float"/>
              <param name="Z" type="float"/>
            </accessor>
          </technique_common>
        </source>
        <source id="Cylinder_005-mesh-map-0">
          <float_array id="Cylinder_005-mesh-map-0-array" count="204">0.3228586 0.5414348 0.3020274 0.5044202 0.3020274 0.5405469 0.6681672 0.9104181 0.6893165 0.9415138 0.6893165 0.9104181 0.37636 0.969778 0.3876917 0.9909842 0.3876917 0.96978 0.7255086 0.9104181 0.7043817 0.9415138 0.7255086 0.9415138 0.4847222 0.5462807 0.4950854 0.5151849 0.4847222 0.5151849 0.9179021 0.9301905 0.9292229 0.9612863 0.9292229 0.9301905 0.9822271 0.831435 0.9910264 0.8525784 0.9910264 0.831435 0.977254 0.7180793 0.9894574 0.7392801 0.9894574 0.718076 0.09625041 0.9696516 0.1084539 0.9908524 0.1084538 0.9696483 0.4918651 0.9015372 0.4706776 0.9376448 0.4918651 0.9376506 0.293228 0.5044201 0.3020274 0.5405469 0.3020274 0.5044202 0.07792443 0.9578504 0.06912505 0.9220058 0.06912505 0.9578504 0.9910264 0.7951923 0.9822271 0.816358 0.9910264 0.816358 0.7039129 0.2082737 0.7251005 0.2471682 0.7251005 0.2082698 0.8656257 0.9924287 0.8553855 0.971263 0.8553855 0.9924287 0.8861979 0.9712555 0.8965711 0.9924615 0.8965711 0.9712574 0.9822271 0.7801152 0.9924674 0.7589718 0.9822271 0.7589718 0.3228586 0.5414348 0.3228586 0.5025739 0.3020274 0.5044202 0.6681672 0.9104181 0.6681672 0.9415138 0.6893165 0.9415138 0.37636 0.969778 0.3763599 0.9909821 0.3876917 0.9909842 0.7255086 0.9104181 0.7043817 0.9104181 0.7043817 0.9415138 0.4847222 0.5462807 0.4969303 0.5462807 0.4950854 0.5151849 0.9179021 0.9301905 0.9170149 0.9612863 0.9292229 0.9612863 0.9822271 0.831435 0.9822271 0.8525784 0.9910264 0.8525784 0.977254 0.7180793 0.9772539 0.7392835 0.9894574 0.7392801 0.09625041 0.9696516 0.09625035 0.9908558 0.1084539 0.9908524 0.4918651 0.9015372 0.4706776 0.9015315 0.4706776 0.9376448 0.293228 0.5044201 0.293228 0.5405469 0.3020274 0.5405469 0.07792443 0.9578504 0.07792443 0.9220058 0.06912505 0.9220058 0.9910264 0.7951923 0.9822271 0.7951923 0.9822271 0.816358 0.7039129 0.2082737 0.7039129 0.2471721 0.7251005 0.2471682 0.8656257 0.9924287 0.8656257 0.9712629 0.8553855 0.971263 0.8861979 0.9712555 0.886198 0.9924596 0.8965711 0.9924615 0.9822271 0.7801152 0.9924674 0.7801152 0.9924674 0.7589718</float_array>
          <technique_common>
            <accessor source="#Cylinder_005-mesh-map-0-array" count="102" stride="2">
              <param name="S" type="float"/>
              <param name="T" type="float"/>
            </accessor>
          </technique_common>
        </source>
        <vertices id="Cylinder_005-mesh-vertices">
          <input semantic="POSITION" source="#Cylinder_005-mesh-positions"/>
        </vertices>
        <triangles material="Material_001-material" count="34">
          <input semantic="VERTEX" source="#Cylinder_005-mesh-vertices" offset="0"/>
          <input semantic="NORMAL" source="#Cylinder_005-mesh-normals" offset="1"/>
          <input semantic="TEXCOORD" source="#Cylinder_005-mesh-map-0" offset="2" set="0"/>
          <p>22 0 0 10 0 1 11 0 2 2 1 3 7 1 4 3 1 5 19 2 6 7 2 7 6 2 8 0 3 9 5 3 10 4 3 11 1 4 12 17 4 13 5 4 14 16 4 15 3 4 16 7 4 17 13 5 18 10 5 19 9 5 20 11 6 21 2 6 22 3 6 23 9 6 24 1 6 25 0 6 26 12 6 27 14 6 28 13 6 29 14 7 30 11 7 31 10 7 32 12 8 33 9 8 34 8 8 35 11 9 36 12 9 37 8 9 38 20 2 39 23 2 40 22 2 41 18 10 42 23 10 43 21 10 44 4 2 45 17 2 46 18 2 47 22 3 48 19 3 49 20 3 50 22 11 51 23 11 52 10 11 53 2 10 54 6 10 55 7 10 56 19 2 57 16 2 58 7 2 59 0 12 60 1 12 61 5 12 62 1 13 63 10 13 64 17 13 65 16 14 66 11 14 67 3 14 68 13 15 69 14 15 70 10 15 71 11 6 72 8 6 73 2 6 74 9 6 75 10 6 76 1 6 77 12 6 78 15 6 79 14 6 80 14 7 81 15 7 82 11 7 83 12 16 84 13 16 85 9 16 86 11 17 87 15 17 88 12 17 89 20 2 90 21 2 91 23 2 92 18 10 93 17 10 94 23 10 95 4 2 96 5 2 97 17 2 98 22 3 99 16 3 100 19 3 101</p>
        </triangles>
      </mesh>
    </geometry>
    <geometry id="Cylinder_006-mesh" name="Cylinder.006">
      <mesh>
        <source id="Cylinder_006-mesh-positions">
          <float_array id="Cylinder_006-mesh-positions-array" count="72">1.718275 4.035402 -2.708468 -1.099277 4.035402 -2.708468 1.718275 -4.03987 -2.708468 -1.099277 -4.03987 -2.708468 1.718276 4.035402 5.366805 -1.099277 4.035402 5.366805 1.718276 -4.03987 5.366805 -1.099277 -4.03987 5.366805 1.718275 -2.410793 -2.708468 1.718275 2.406324 -2.708468 -1.099277 2.406324 -2.708468 -1.099277 -2.410793 -2.708468 1.718275 -2.410793 -4.995354 1.718275 2.406324 -4.995354 -1.099278 2.406324 -4.995354 -1.099278 -2.410793 -4.995354 -1.099277 -2.529187 5.366805 -1.099277 2.652501 5.366805 1.718276 2.652501 5.366805 1.718276 -2.529187 5.366805 1.718276 -2.529187 2.705423 1.718276 2.652501 2.705423 -1.099277 -2.529187 2.705423 -1.099277 2.652501 2.705423</float_array>
          <technique_common>
            <accessor source="#Cylinder_006-mesh-positions-array" count="24" stride="3">
              <param name="X" type="float"/>
              <param name="Y" type="float"/>
              <param name="Z" type="float"/>
            </accessor>
          </technique_common>
        </source>
        <source id="Cylinder_006-mesh-normals">
          <float_array id="Cylinder_006-mesh-normals-array" count="51">-1 0 0 0 -1 0 0 0 1 0 1 0 -1 0 0 -1 0 0 0 0 -1 -1 0 0 1 0 -2.08509e-7 0 -1 0 0 -1 0 -1 0 0 0 1 0 -1 0 0 0 1 0 -1 0 0 1 0 -2.08509e-7</float_array>
          <technique_common>
            <accessor source="#Cylinder_006-mesh-normals-array" count="17" stride="3">
              <param name="X" type="float"/>
              <param name="Y" type="float"/>
              <param name="Z" type="float"/>
            </accessor>
          </technique_common>
        </source>
        <source id="Cylinder_006-mesh-map-0">
          <float_array id="Cylinder_006-mesh-map-0-array" count="204">0.3228586 0.5414348 0.3020274 0.5044202 0.3020274 0.5405469 0.6681672 0.9104181 0.6893165 0.9415138 0.6893165 0.9104181 0.37636 0.969778 0.3876917 0.9909842 0.3876917 0.96978 0.7255086 0.9104181 0.7043817 0.9415138 0.7255086 0.9415138 0.4847222 0.5462807 0.4950854 0.5151849 0.4847222 0.5151849 0.9179021 0.9301905 0.9292229 0.9612863 0.9292229 0.9301905 0.9822271 0.831435 0.9910264 0.8525784 0.9910264 0.831435 0.977254 0.7180793 0.9894574 0.7392801 0.9894574 0.718076 0.09625041 0.9696516 0.1084539 0.9908524 0.1084538 0.9696483 0.4918651 0.9015372 0.4706776 0.9376448 0.4918651 0.9376506 0.293228 0.5044201 0.3020274 0.5405469 0.3020274 0.5044202 0.07792443 0.9578504 0.06912505 0.9220058 0.06912505 0.9578504 0.9910264 0.7951923 0.9822271 0.816358 0.9910264 0.816358 0.7039129 0.2082737 0.7251005 0.2471682 0.7251005 0.2082698 0.8656257 0.9924287 0.8553855 0.971263 0.8553855 0.9924287 0.8861979 0.9712555 0.8965711 0.9924615 0.8965711 0.9712574 0.9822271 0.7801152 0.9924674 0.7589718 0.9822271 0.7589718 0.3228586 0.5414348 0.3228586 0.5025739 0.3020274 0.5044202 0.6681672 0.9104181 0.6681672 0.9415138 0.6893165 0.9415138 0.37636 0.969778 0.3763599 0.9909821 0.3876917 0.9909842 0.7255086 0.9104181 0.7043817 0.9104181 0.7043817 0.9415138 0.4847222 0.5462807 0.4969303 0.5462807 0.4950854 0.5151849 0.9179021 0.9301905 0.9170149 0.9612863 0.9292229 0.9612863 0.9822271 0.831435 0.9822271 0.8525784 0.9910264 0.8525784 0.977254 0.7180793 0.9772539 0.7392835 0.9894574 0.7392801 0.09625041 0.9696516 0.09625035 0.9908558 0.1084539 0.9908524 0.4918651 0.9015372 0.4706776 0.9015315 0.4706776 0.9376448 0.293228 0.5044201 0.293228 0.5405469 0.3020274 0.5405469 0.07792443 0.9578504 0.07792443 0.9220058 0.06912505 0.9220058 0.9910264 0.7951923 0.9822271 0.7951923 0.9822271 0.816358 0.7039129 0.2082737 0.7039129 0.2471721 0.7251005 0.2471682 0.8656257 0.9924287 0.8656257 0.9712629 0.8553855 0.971263 0.8861979 0.9712555 0.886198 0.9924596 0.8965711 0.9924615 0.9822271 0.7801152 0.9924674 0.7801152 0.9924674 0.7589718</float_array>
          <technique_common>
            <accessor source="#Cylinder_006-mesh-map-0-array" count="102" stride="2">
              <param name="S" type="float"/>
              <param name="T" type="float"/>
            </accessor>
          </technique_common>
        </source>
        <vertices id="Cylinder_006-mesh-vertices">
          <input semantic="POSITION" source="#Cylinder_006-mesh-positions"/>
        </vertices>
        <triangles material="Material_001-material" count="34">
          <input semantic="VERTEX" source="#Cylinder_006-mesh-vertices" offset="0"/>
          <input semantic="NORMAL" source="#Cylinder_006-mesh-normals" offset="1"/>
          <input semantic="TEXCOORD" source="#Cylinder_006-mesh-map-0" offset="2" set="0"/>
          <p>22 0 0 10 0 1 11 0 2 2 1 3 7 1 4 3 1 5 19 2 6 7 2 7 6 2 8 0 3 9 5 3 10 4 3 11 1 4 12 17 4 13 5 4 14 16 5 15 3 5 16 7 5 17 13 3 18 10 3 19 9 3 20 11 6 21 2 6 22 3 6 23 9 6 24 1 6 25 0 6 26 12 6 27 14 6 28 13 6 29 14 7 30 11 7 31 10 7 32 12 8 33 9 8 34 8 8 35 11 9 36 12 9 37 8 9 38 20 2 39 23 2 40 22 2 41 18 10 42 23 10 43 21 10 44 4 2 45 17 2 46 18 2 47 22 3 48 19 3 49 20 3 50 22 11 51 23 11 52 10 11 53 2 10 54 6 10 55 7 10 56 19 2 57 16 2 58 7 2 59 0 12 60 1 12 61 5 12 62 1 13 63 10 13 64 17 13 65 16 13 66 11 13 67 3 13 68 13 14 69 14 14 70 10 14 71 11 6 72 8 6 73 2 6 74 9 6 75 10 6 76 1 6 77 12 6 78 15 6 79 14 6 80 14 15 81 15 15 82 11 15 83 12 16 84 13 16 85 9 16 86 11 10 87 15 10 88 12 10 89 20 2 90 21 2 91 23 2 92 18 10 93 17 10 94 23 10 95 4 2 96 5 2 97 17 2 98 22 3 99 16 3 100 19 3 101</p>
        </triangles>
      </mesh>
    </geometry>
    <geometry id="Cylinder_007-mesh" name="Cylinder.007">
      <mesh>
        <source id="Cylinder_007-mesh-positions">
          <float_array id="Cylinder_007-mesh-positions-array" count="72">1.718275 4.035402 -2.708468 -1.099277 4.035402 -2.708468 1.718275 -4.03987 -2.708468 -1.099277 -4.03987 -2.708468 1.718275 4.035402 5.366804 -1.099277 4.035402 5.366804 1.718275 -4.03987 5.366804 -1.099277 -4.03987 5.366804 1.718275 -2.410793 -2.708468 1.718275 2.406324 -2.708468 -1.099277 2.406324 -2.708468 -1.099277 -2.410793 -2.708468 1.718275 -2.410793 -4.995353 1.718275 2.406324 -4.995353 -1.099277 2.406324 -4.995353 -1.099277 -2.410793 -4.995353 -1.099277 -2.529187 5.366804 -1.099277 2.652501 5.366804 1.718275 2.652501 5.366804 1.718275 -2.529187 5.366804 1.718275 -2.529187 2.705422 1.718275 2.652501 2.705422 -1.099277 -2.529187 2.705422 -1.099277 2.652501 2.705422</float_array>
          <technique_common>
            <accessor source="#Cylinder_007-mesh-positions-array" count="24" stride="3">
              <param name="X" type="float"/>
              <param name="Y" type="float"/>
              <param name="Z" type="float"/>
            </accessor>
          </technique_common>
        </source>
        <source id="Cylinder_007-mesh-normals">
          <float_array id="Cylinder_007-mesh-normals-array" count="54">-1 0 0 0 -1 0 0 0 1 0 1 0 -1 0 0 0 1 1.48008e-7 0 0 -1 -1 0 0 1 0 -1.56382e-7 0 -1 0 0 -1 0 -1 0 0 0 1 0 -1 0 0 -1 0 0 0 1 0 1 0 -1.56382e-7 0 -1 1.48008e-7</float_array>
          <technique_common>
            <accessor source="#Cylinder_007-mesh-normals-array" count="18" stride="3">
              <param name="X" type="float"/>
              <param name="Y" type="float"/>
              <param name="Z" type="float"/>
            </accessor>
          </technique_common>
        </source>
        <source id="Cylinder_007-mesh-map-0">
          <float_array id="Cylinder_007-mesh-map-0-array" count="204">0.3228586 0.5414348 0.3020274 0.5044202 0.3020274 0.5405469 0.6681672 0.9104181 0.6893165 0.9415138 0.6893165 0.9104181 0.37636 0.969778 0.3876917 0.9909842 0.3876917 0.96978 0.7255086 0.9104181 0.7043817 0.9415138 0.7255086 0.9415138 0.4847222 0.5462807 0.4950854 0.5151849 0.4847222 0.5151849 0.9179021 0.9301905 0.9292229 0.9612863 0.9292229 0.9301905 0.9822271 0.831435 0.9910264 0.8525784 0.9910264 0.831435 0.977254 0.7180793 0.9894574 0.7392801 0.9894574 0.718076 0.09625041 0.9696516 0.1084539 0.9908524 0.1084538 0.9696483 0.4918651 0.9015372 0.4706776 0.9376448 0.4918651 0.9376506 0.293228 0.5044201 0.3020274 0.5405469 0.3020274 0.5044202 0.07792443 0.9578504 0.06912505 0.9220058 0.06912505 0.9578504 0.9910264 0.7951923 0.9822271 0.816358 0.9910264 0.816358 0.7039129 0.2082737 0.7251005 0.2471682 0.7251005 0.2082698 0.8656257 0.9924287 0.8553855 0.971263 0.8553855 0.9924287 0.8861979 0.9712555 0.8965711 0.9924615 0.8965711 0.9712574 0.9822271 0.7801152 0.9924674 0.7589718 0.9822271 0.7589718 0.3228586 0.5414348 0.3228586 0.5025739 0.3020274 0.5044202 0.6681672 0.9104181 0.6681672 0.9415138 0.6893165 0.9415138 0.37636 0.969778 0.3763599 0.9909821 0.3876917 0.9909842 0.7255086 0.9104181 0.7043817 0.9104181 0.7043817 0.9415138 0.4847222 0.5462807 0.4969303 0.5462807 0.4950854 0.5151849 0.9179021 0.9301905 0.9170149 0.9612863 0.9292229 0.9612863 0.9822271 0.831435 0.9822271 0.8525784 0.9910264 0.8525784 0.977254 0.7180793 0.9772539 0.7392835 0.9894574 0.7392801 0.09625041 0.9696516 0.09625035 0.9908558 0.1084539 0.9908524 0.4918651 0.9015372 0.4706776 0.9015315 0.4706776 0.9376448 0.293228 0.5044201 0.293228 0.5405469 0.3020274 0.5405469 0.07792443 0.9578504 0.07792443 0.9220058 0.06912505 0.9220058 0.9910264 0.7951923 0.9822271 0.7951923 0.9822271 0.816358 0.7039129 0.2082737 0.7039129 0.2471721 0.7251005 0.2471682 0.8656257 0.9924287 0.8656257 0.9712629 0.8553855 0.971263 0.8861979 0.9712555 0.886198 0.9924596 0.8965711 0.9924615 0.9822271 0.7801152 0.9924674 0.7801152 0.9924674 0.7589718</float_array>
          <technique_common>
            <accessor source="#Cylinder_007-mesh-map-0-array" count="102" stride="2">
              <param name="S" type="float"/>
              <param name="T" type="float"/>
            </accessor>
          </technique_common>
        </source>
        <vertices id="Cylinder_007-mesh-vertices">
          <input semantic="POSITION" source="#Cylinder_007-mesh-positions"/>
        </vertices>
        <triangles material="Material_001-material" count="34">
          <input semantic="VERTEX" source="#Cylinder_007-mesh-vertices" offset="0"/>
          <input semantic="NORMAL" source="#Cylinder_007-mesh-normals" offset="1"/>
          <input semantic="TEXCOORD" source="#Cylinder_007-mesh-map-0" offset="2" set="0"/>
          <p>22 0 0 10 0 1 11 0 2 2 1 3 7 1 4 3 1 5 19 2 6 7 2 7 6 2 8 0 3 9 5 3 10 4 3 11 1 4 12 17 4 13 5 4 14 16 4 15 3 4 16 7 4 17 13 5 18 10 5 19 9 5 20 11 6 21 2 6 22 3 6 23 9 6 24 1 6 25 0 6 26 12 6 27 14 6 28 13 6 29 14 7 30 11 7 31 10 7 32 12 8 33 9 8 34 8 8 35 11 9 36 12 9 37 8 9 38 20 2 39 23 2 40 22 2 41 18 10 42 23 10 43 21 10 44 4 2 45 17 2 46 18 2 47 22 3 48 19 3 49 20 3 50 22 11 51 23 11 52 10 11 53 2 10 54 6 10 55 7 10 56 19 2 57 16 2 58 7 2 59 0 12 60 1 12 61 5 12 62 1 13 63 10 13 64 17 13 65 16 14 66 11 14 67 3 14 68 13 15 69 14 15 70 10 15 71 11 6 72 8 6 73 2 6 74 9 6 75 10 6 76 1 6 77 12 6 78 15 6 79 14 6 80 14 7 81 15 7 82 11 7 83 12 16 84 13 16 85 9 16 86 11 17 87 15 17 88 12 17 89 20 2 90 21 2 91 23 2 92 18 10 93 17 10 94 23 10 95 4 2 96 5 2 97 17 2 98 22 3 99 16 3 100 19 3 101</p>
        </triangles>
      </mesh>
    </geometry>
    <geometry id="Cylinder_008-mesh" name="Cylinder.008">
      <mesh>
        <source id="Cylinder_008-mesh-positions">
          <float_array id="Cylinder_008-mesh-positions-array" count="72">1.718275 4.035402 -2.708468 -1.099277 4.035402 -2.708468 1.718275 -4.03987 -2.708468 -1.099277 -4.03987 -2.708468 1.718275 4.035402 5.366804 -1.099277 4.035402 5.366804 1.718275 -4.03987 5.366804 -1.099277 -4.03987 5.366804 1.718275 -2.410793 -2.708468 1.718275 2.406324 -2.708468 -1.099277 2.406324 -2.708468 -1.099277 -2.410793 -2.708468 1.718274 -2.410793 -4.995353 1.718274 2.406324 -4.995353 -1.099277 2.406324 -4.995353 -1.099277 -2.410793 -4.995353 -1.099277 -2.529187 5.366804 -1.099277 2.652501 5.366804 1.718275 2.652501 5.366804 1.718275 -2.529187 5.366804 1.718275 -2.529187 2.705422 1.718275 2.652501 2.705422 -1.099277 -2.529187 2.705422 -1.099277 2.652501 2.705422</float_array>
          <technique_common>
            <accessor source="#Cylinder_008-mesh-positions-array" count="24" stride="3">
              <param name="X" type="float"/>
              <param name="Y" type="float"/>
              <param name="Z" type="float"/>
            </accessor>
          </technique_common>
        </source>
        <source id="Cylinder_008-mesh-normals">
          <float_array id="Cylinder_008-mesh-normals-array" count="51">-1 0 0 0 -1 0 0 0 1 0 1 0 -1 0 0 -1 0 0 0 0 -1 -1 0 0 1 0 -1.56382e-7 0 -1 -1.76411e-7 0 -1 0 -1 0 0 0 1 0 -1 0 0 0 1 0 -1 0 0 1 0 -1.56382e-7</float_array>
          <technique_common>
            <accessor source="#Cylinder_008-mesh-normals-array" count="17" stride="3">
              <param name="X" type="float"/>
              <param name="Y" type="float"/>
              <param name="Z" type="float"/>
            </accessor>
          </technique_common>
        </source>
        <source id="Cylinder_008-mesh-map-0">
          <float_array id="Cylinder_008-mesh-map-0-array" count="204">0.3228586 0.5414348 0.3020274 0.5044202 0.3020274 0.5405469 0.6681672 0.9104181 0.6893165 0.9415138 0.6893165 0.9104181 0.37636 0.969778 0.3876917 0.9909842 0.3876917 0.96978 0.7255086 0.9104181 0.7043817 0.9415138 0.7255086 0.9415138 0.4847222 0.5462807 0.4950854 0.5151849 0.4847222 0.5151849 0.9179021 0.9301905 0.9292229 0.9612863 0.9292229 0.9301905 0.9822271 0.831435 0.9910264 0.8525784 0.9910264 0.831435 0.977254 0.7180793 0.9894574 0.7392801 0.9894574 0.718076 0.09625041 0.9696516 0.1084539 0.9908524 0.1084538 0.9696483 0.4918651 0.9015372 0.4706776 0.9376448 0.4918651 0.9376506 0.293228 0.5044201 0.3020274 0.5405469 0.3020274 0.5044202 0.07792443 0.9578504 0.06912505 0.9220058 0.06912505 0.9578504 0.9910264 0.7951923 0.9822271 0.816358 0.9910264 0.816358 0.7039129 0.2082737 0.7251005 0.2471682 0.7251005 0.2082698 0.8656257 0.9924287 0.8553855 0.971263 0.8553855 0.9924287 0.8861979 0.9712555 0.8965711 0.9924615 0.8965711 0.9712574 0.9822271 0.7801152 0.9924674 0.7589718 0.9822271 0.7589718 0.3228586 0.5414348 0.3228586 0.5025739 0.3020274 0.5044202 0.6681672 0.9104181 0.6681672 0.9415138 0.6893165 0.9415138 0.37636 0.969778 0.3763599 0.9909821 0.3876917 0.9909842 0.7255086 0.9104181 0.7043817 0.9104181 0.7043817 0.9415138 0.4847222 0.5462807 0.4969303 0.5462807 0.4950854 0.5151849 0.9179021 0.9301905 0.9170149 0.9612863 0.9292229 0.9612863 0.9822271 0.831435 0.9822271 0.8525784 0.9910264 0.8525784 0.977254 0.7180793 0.9772539 0.7392835 0.9894574 0.7392801 0.09625041 0.9696516 0.09625035 0.9908558 0.1084539 0.9908524 0.4918651 0.9015372 0.4706776 0.9015315 0.4706776 0.9376448 0.293228 0.5044201 0.293228 0.5405469 0.3020274 0.5405469 0.07792443 0.9578504 0.07792443 0.9220058 0.06912505 0.9220058 0.9910264 0.7951923 0.9822271 0.7951923 0.9822271 0.816358 0.7039129 0.2082737 0.7039129 0.2471721 0.7251005 0.2471682 0.8656257 0.9924287 0.8656257 0.9712629 0.8553855 0.971263 0.8861979 0.9712555 0.886198 0.9924596 0.8965711 0.9924615 0.9822271 0.7801152 0.9924674 0.7801152 0.9924674 0.7589718</float_array>
          <technique_common>
            <accessor source="#Cylinder_008-mesh-map-0-array" count="102" stride="2">
              <param name="S" type="float"/>
              <param name="T" type="float"/>
            </accessor>
          </technique_common>
        </source>
        <vertices id="Cylinder_008-mesh-vertices">
          <input semantic="POSITION" source="#Cylinder_008-mesh-positions"/>
        </vertices>
        <triangles material="Material_001-material" count="34">
          <input semantic="VERTEX" source="#Cylinder_008-mesh-vertices" offset="0"/>
          <input semantic="NORMAL" source="#Cylinder_008-mesh-normals" offset="1"/>
          <input semantic="TEXCOORD" source="#Cylinder_008-mesh-map-0" offset="2" set="0"/>
          <p>22 0 0 10 0 1 11 0 2 2 1 3 7 1 4 3 1 5 19 2 6 7 2 7 6 2 8 0 3 9 5 3 10 4 3 11 1 4 12 17 4 13 5 4 14 16 5 15 3 5 16 7 5 17 13 3 18 10 3 19 9 3 20 11 6 21 2 6 22 3 6 23 9 6 24 1 6 25 0 6 26 12 6 27 14 6 28 13 6 29 14 7 30 11 7 31 10 7 32 12 8 33 9 8 34 8 8 35 11 9 36 12 9 37 8 9 38 20 2 39 23 2 40 22 2 41 18 10 42 23 10 43 21 10 44 4 2 45 17 2 46 18 2 47 22 3 48 19 3 49 20 3 50 22 11 51 23 11 52 10 11 53 2 10 54 6 10 55 7 10 56 19 2 57 16 2 58 7 2 59 0 12 60 1 12 61 5 12 62 1 4 63 10 4 64 17 4 65 16 13 66 11 13 67 3 13 68 13 14 69 14 14 70 10 14 71 11 6 72 8 6 73 2 6 74 9 6 75 10 6 76 1 6 77 12 6 78 15 6 79 14 6 80 14 15 81 15 15 82 11 15 83 12 16 84 13 16 85 9 16 86 11 10 87 15 10 88 12 10 89 20 2 90 21 2 91 23 2 92 18 10 93 17 10 94 23 10 95 4 2 96 5 2 97 17 2 98 22 3 99 16 3 100 19 3 101</p>
        </triangles>
      </mesh>
    </geometry>
    <geometry id="Cylinder_009-mesh" name="Cylinder.009">
      <mesh>
        <source id="Cylinder_009-mesh-positions">
          <float_array id="Cylinder_009-mesh-positions-array" count="72">1.718275 4.035402 -2.708468 -1.099277 4.035402 -2.708468 1.718275 -4.03987 -2.708468 -1.099277 -4.03987 -2.708468 1.718275 4.035402 5.366804 -1.099277 4.035402 5.366804 1.718275 -4.03987 5.366804 -1.099277 -4.03987 5.366804 1.718275 -2.410793 -2.708468 1.718275 2.406324 -2.708468 -1.099277 2.406324 -2.708468 -1.099277 -2.410793 -2.708468 1.718275 -2.410793 -4.995353 1.718275 2.406324 -4.995353 -1.099277 2.406324 -4.995353 -1.099277 -2.410793 -4.995353 -1.099277 -2.529187 5.366804 -1.099277 2.652501 5.366804 1.718275 2.652501 5.366804 1.718275 -2.529187 5.366804 1.718275 -2.529187 2.705422 1.718275 2.652501 2.705422 -1.099277 -2.529187 2.705422 -1.099277 2.652501 2.705422</float_array>
          <technique_common>
            <accessor source="#Cylinder_009-mesh-positions-array" count="24" stride="3">
              <param name="X" type="float"/>
              <param name="Y" type="float"/>
              <param name="Z" type="float"/>
            </accessor>
          </technique_common>
        </source>
        <source id="Cylinder_009-mesh-normals">
          <float_array id="Cylinder_009-mesh-normals-array" count="54">-1 0 0 0 -1 0 0 0 1 0 1 0 -1 0 0 0 1 1.48008e-7 0 0 -1 -1 0 0 1 0 -1.56382e-7 0 -1 0 0 -1 0 -1 0 0 0 1 0 -1 0 0 -1 0 0 0 1 0 1 0 -1.56382e-7 0 -1 1.48008e-7</float_array>
          <technique_common>
            <accessor source="#Cylinder_009-mesh-normals-array" count="18" stride="3">
              <param name="X" type="float"/>
              <param name="Y" type="float"/>
              <param name="Z" type="float"/>
            </accessor>
          </technique_common>
        </source>
        <source id="Cylinder_009-mesh-map-0">
          <float_array id="Cylinder_009-mesh-map-0-array" count="204">0.3228586 0.5414348 0.3020274 0.5044202 0.3020274 0.5405469 0.6681672 0.9104181 0.6893165 0.9415138 0.6893165 0.9104181 0.37636 0.969778 0.3876917 0.9909842 0.3876917 0.96978 0.7255086 0.9104181 0.7043817 0.9415138 0.7255086 0.9415138 0.4847222 0.5462807 0.4950854 0.5151849 0.4847222 0.5151849 0.9179021 0.9301905 0.9292229 0.9612863 0.9292229 0.9301905 0.9822271 0.831435 0.9910264 0.8525784 0.9910264 0.831435 0.977254 0.7180793 0.9894574 0.7392801 0.9894574 0.718076 0.09625041 0.9696516 0.1084539 0.9908524 0.1084538 0.9696483 0.4918651 0.9015372 0.4706776 0.9376448 0.4918651 0.9376506 0.293228 0.5044201 0.3020274 0.5405469 0.3020274 0.5044202 0.07792443 0.9578504 0.06912505 0.9220058 0.06912505 0.9578504 0.9910264 0.7951923 0.9822271 0.816358 0.9910264 0.816358 0.7039129 0.2082737 0.7251005 0.2471682 0.7251005 0.2082698 0.8656257 0.9924287 0.8553855 0.971263 0.8553855 0.9924287 0.8861979 0.9712555 0.8965711 0.9924615 0.8965711 0.9712574 0.9822271 0.7801152 0.9924674 0.7589718 0.9822271 0.7589718 0.3228586 0.5414348 0.3228586 0.5025739 0.3020274 0.5044202 0.6681672 0.9104181 0.6681672 0.9415138 0.6893165 0.9415138 0.37636 0.969778 0.3763599 0.9909821 0.3876917 0.9909842 0.7255086 0.9104181 0.7043817 0.9104181 0.7043817 0.9415138 0.4847222 0.5462807 0.4969303 0.5462807 0.4950854 0.5151849 0.9179021 0.9301905 0.9170149 0.9612863 0.9292229 0.9612863 0.9822271 0.831435 0.9822271 0.8525784 0.9910264 0.8525784 0.977254 0.7180793 0.9772539 0.7392835 0.9894574 0.7392801 0.09625041 0.9696516 0.09625035 0.9908558 0.1084539 0.9908524 0.4918651 0.9015372 0.4706776 0.9015315 0.4706776 0.9376448 0.293228 0.5044201 0.293228 0.5405469 0.3020274 0.5405469 0.07792443 0.9578504 0.07792443 0.9220058 0.06912505 0.9220058 0.9910264 0.7951923 0.9822271 0.7951923 0.9822271 0.816358 0.7039129 0.2082737 0.7039129 0.2471721 0.7251005 0.2471682 0.8656257 0.9924287 0.8656257 0.9712629 0.8553855 0.971263 0.8861979 0.9712555 0.886198 0.9924596 0.8965711 0.9924615 0.9822271 0.7801152 0.9924674 0.7801152 0.9924674 0.7589718</float_array>
          <technique_common>
            <accessor source="#Cylinder_009-mesh-map-0-array" count="102" stride="2">
              <param name="S" type="float"/>
              <param name="T" type="float"/>
            </accessor>
          </technique_common>
        </source>
        <vertices id="Cylinder_009-mesh-vertices">
          <input semantic="POSITION" source="#Cylinder_009-mesh-positions"/>
        </vertices>
        <triangles material="Material_001-material" count="34">
          <input semantic="VERTEX" source="#Cylinder_009-mesh-vertices" offset="0"/>
          <input semantic="NORMAL" source="#Cylinder_009-mesh-normals" offset="1"/>
          <input semantic="TEXCOORD" source="#Cylinder_009-mesh-map-0" offset="2" set="0"/>
          <p>22 0 0 10 0 1 11 0 2 2 1 3 7 1 4 3 1 5 19 2 6 7 2 7 6 2 8 0 3 9 5 3 10 4 3 11 1 4 12 17 4 13 5 4 14 16 4 15 3 4 16 7 4 17 13 5 18 10 5 19 9 5 20 11 6 21 2 6 22 3 6 23 9 6 24 1 6 25 0 6 26 12 6 27 14 6 28 13 6 29 14 7 30 11 7 31 10 7 32 12 8 33 9 8 34 8 8 35 11 9 36 12 9 37 8 9 38 20 2 39 23 2 40 22 2 41 18 10 42 23 10 43 21 10 44 4 2 45 17 2 46 18 2 47 22 3 48 19 3 49 20 3 50 22 11 51 23 11 52 10 11 53 2 10 54 6 10 55 7 10 56 19 2 57 16 2 58 7 2 59 0 12 60 1 12 61 5 12 62 1 13 63 10 13 64 17 13 65 16 14 66 11 14 67 3 14 68 13 15 69 14 15 70 10 15 71 11 6 72 8 6 73 2 6 74 9 6 75 10 6 76 1 6 77 12 6 78 15 6 79 14 6 80 14 7 81 15 7 82 11 7 83 12 16 84 13 16 85 9 16 86 11 17 87 15 17 88 12 17 89 20 2 90 21 2 91 23 2 92 18 10 93 17 10 94 23 10 95 4 2 96 5 2 97 17 2 98 22 3 99 16 3 100 19 3 101</p>
        </triangles>
      </mesh>
    </geometry>
    <geometry id="Cylinder_010-mesh" name="Cylinder.010">
      <mesh>
        <source id="Cylinder_010-mesh-positions">
          <float_array id="Cylinder_010-mesh-positions-array" count="72">1.718274 4.035402 -2.708467 -1.099277 4.035402 -2.708467 1.718274 -4.03987 -2.708467 -1.099277 -4.03987 -2.708467 1.718275 4.035402 5.366802 -1.099276 4.035402 5.366802 1.718275 -4.03987 5.366802 -1.099276 -4.03987 5.366802 1.718274 -2.410793 -2.708467 1.718274 2.406324 -2.708467 -1.099277 2.406324 -2.708467 -1.099277 -2.410793 -2.708467 1.718274 -2.410793 -4.995352 1.718274 2.406324 -4.995352 -1.099277 2.406324 -4.995352 -1.099277 -2.410793 -4.995352 -1.099276 -2.529187 5.366802 -1.099276 2.652501 5.366802 1.718275 2.652501 5.366802 1.718275 -2.529187 5.366802 1.718275 -2.529187 2.705421 1.718275 2.652501 2.705421 -1.099276 -2.529187 2.705421 -1.099276 2.652501 2.705421</float_array>
          <technique_common>
            <accessor source="#Cylinder_010-mesh-positions-array" count="24" stride="3">
              <param name="X" type="float"/>
              <param name="Y" type="float"/>
              <param name="Z" type="float"/>
            </accessor>
          </technique_common>
        </source>
        <source id="Cylinder_010-mesh-normals">
          <float_array id="Cylinder_010-mesh-normals-array" count="45">-1 0 0 0 -1 0 0 0 1 0 1 0 -1 0 0 -1 0 0 0 0 -1 -1 0 0 1 0 -2.08509e-7 0 -1 0 0 -1 0 -1 0 0 0 1 0 -1 0 0 0 1 0</float_array>
          <technique_common>
            <accessor source="#Cylinder_010-mesh-normals-array" count="15" stride="3">
              <param name="X" type="float"/>
              <param name="Y" type="float"/>
              <param name="Z" type="float"/>
            </accessor>
          </technique_common>
        </source>
        <source id="Cylinder_010-mesh-map-0">
          <float_array id="Cylinder_010-mesh-map-0-array" count="204">0.3228586 0.5414348 0.3020274 0.5044202 0.3020274 0.5405469 0.6681672 0.9104181 0.6893165 0.9415138 0.6893165 0.9104181 0.37636 0.969778 0.3876917 0.9909842 0.3876917 0.96978 0.7255086 0.9104181 0.7043817 0.9415138 0.7255086 0.9415138 0.4847222 0.5462807 0.4950854 0.5151849 0.4847222 0.5151849 0.9179021 0.9301905 0.9292229 0.9612863 0.9292229 0.9301905 0.9822271 0.831435 0.9910264 0.8525784 0.9910264 0.831435 0.977254 0.7180793 0.9894574 0.7392801 0.9894574 0.718076 0.09625041 0.9696516 0.1084539 0.9908524 0.1084538 0.9696483 0.4918651 0.9015372 0.4706776 0.9376448 0.4918651 0.9376506 0.293228 0.5044201 0.3020274 0.5405469 0.3020274 0.5044202 0.07792443 0.9578504 0.06912505 0.9220058 0.06912505 0.9578504 0.9910264 0.7951923 0.9822271 0.816358 0.9910264 0.816358 0.7039129 0.2082737 0.7251005 0.2471682 0.7251005 0.2082698 0.8656257 0.9924287 0.8553855 0.971263 0.8553855 0.9924287 0.8861979 0.9712555 0.8965711 0.9924615 0.8965711 0.9712574 0.9822271 0.7801152 0.9924674 0.7589718 0.9822271 0.7589718 0.3228586 0.5414348 0.3228586 0.5025739 0.3020274 0.5044202 0.6681672 0.9104181 0.6681672 0.9415138 0.6893165 0.9415138 0.37636 0.969778 0.3763599 0.9909821 0.3876917 0.9909842 0.7255086 0.9104181 0.7043817 0.9104181 0.7043817 0.9415138 0.4847222 0.5462807 0.4969303 0.5462807 0.4950854 0.5151849 0.9179021 0.9301905 0.9170149 0.9612863 0.9292229 0.9612863 0.9822271 0.831435 0.9822271 0.8525784 0.9910264 0.8525784 0.977254 0.7180793 0.9772539 0.7392835 0.9894574 0.7392801 0.09625041 0.9696516 0.09625035 0.9908558 0.1084539 0.9908524 0.4918651 0.9015372 0.4706776 0.9015315 0.4706776 0.9376448 0.293228 0.5044201 0.293228 0.5405469 0.3020274 0.5405469 0.07792443 0.9578504 0.07792443 0.9220058 0.06912505 0.9220058 0.9910264 0.7951923 0.9822271 0.7951923 0.9822271 0.816358 0.7039129 0.2082737 0.7039129 0.2471721 0.7251005 0.2471682 0.8656257 0.9924287 0.8656257 0.9712629 0.8553855 0.971263 0.8861979 0.9712555 0.886198 0.9924596 0.8965711 0.9924615 0.9822271 0.7801152 0.9924674 0.7801152 0.9924674 0.7589718</float_array>
          <technique_common>
            <accessor source="#Cylinder_010-mesh-map-0-array" count="102" stride="2">
              <param name="S" type="float"/>
              <param name="T" type="float"/>
            </accessor>
          </technique_common>
        </source>
        <vertices id="Cylinder_010-mesh-vertices">
          <input semantic="POSITION" source="#Cylinder_010-mesh-positions"/>
        </vertices>
        <triangles material="Material_001-material" count="34">
          <input semantic="VERTEX" source="#Cylinder_010-mesh-vertices" offset="0"/>
          <input semantic="NORMAL" source="#Cylinder_010-mesh-normals" offset="1"/>
          <input semantic="TEXCOORD" source="#Cylinder_010-mesh-map-0" offset="2" set="0"/>
          <p>22 0 0 10 0 1 11 0 2 2 1 3 7 1 4 3 1 5 19 2 6 7 2 7 6 2 8 0 3 9 5 3 10 4 3 11 1 4 12 17 4 13 5 4 14 16 5 15 3 5 16 7 5 17 13 3 18 10 3 19 9 3 20 11 6 21 2 6 22 3 6 23 9 6 24 1 6 25 0 6 26 12 6 27 14 6 28 13 6 29 14 7 30 11 7 31 10 7 32 12 8 33 9 8 34 8 8 35 11 9 36 12 9 37 8 9 38 20 2 39 23 2 40 22 2 41 18 10 42 23 10 43 21 10 44 4 2 45 17 2 46 18 2 47 22 3 48 19 3 49 20 3 50 22 11 51 23 11 52 10 11 53 2 10 54 6 10 55 7 10 56 19 2 57 16 2 58 7 2 59 0 12 60 1 12 61 5 12 62 1 5 63 10 5 64 17 5 65 16 13 66 11 13 67 3 13 68 13 14 69 14 14 70 10 14 71 11 6 72 8 6 73 2 6 74 9 6 75 10 6 76 1 6 77 12 6 78 15 6 79 14 6 80 14 7 81 15 7 82 11 7 83 12 8 84 13 8 85 9 8 86 11 10 87 15 10 88 12 10 89 20 2 90 21 2 91 23 2 92 18 10 93 17 10 94 23 10 95 4 2 96 5 2 97 17 2 98 22 3 99 16 3 100 19 3 101</p>
        </triangles>
      </mesh>
    </geometry>
    <geometry id="Cylinder_011-mesh" name="Cylinder.011">
      <mesh>
        <source id="Cylinder_011-mesh-positions">
          <float_array id="Cylinder_011-mesh-positions-array" count="72">1.718274 4.035402 -2.708467 -1.099277 4.035402 -2.708467 1.718274 -4.03987 -2.708467 -1.099277 -4.03987 -2.708467 1.718275 4.035402 5.366802 -1.099276 4.035402 5.366802 1.718275 -4.03987 5.366802 -1.099276 -4.03987 5.366802 1.718274 -2.410793 -2.708467 1.718274 2.406324 -2.708467 -1.099277 2.406324 -2.708467 -1.099277 -2.410793 -2.708467 1.718274 -2.410793 -4.995352 1.718274 2.406324 -4.995352 -1.099277 2.406324 -4.995352 -1.099277 -2.410793 -4.995352 -1.099276 -2.529187 5.366802 -1.099276 2.652501 5.366802 1.718275 2.652501 5.366802 1.718275 -2.529187 5.366802 1.718275 -2.529187 2.705421 1.718275 2.652501 2.705421 -1.099276 -2.529187 2.705421 -1.099276 2.652501 2.705421</float_array>
          <technique_common>
            <accessor source="#Cylinder_011-mesh-positions-array" count="24" stride="3">
              <param name="X" type="float"/>
              <param name="Y" type="float"/>
              <param name="Z" type="float"/>
            </accessor>
          </technique_common>
        </source>
        <source id="Cylinder_011-mesh-normals">
          <float_array id="Cylinder_011-mesh-normals-array" count="45">-1 0 0 0 -1 0 0 0 1 0 1 0 -1 0 0 -1 0 0 0 0 -1 -1 0 0 1 0 -2.08509e-7 0 -1 0 0 -1 0 -1 0 0 0 1 0 -1 0 0 0 1 0</float_array>
          <technique_common>
            <accessor source="#Cylinder_011-mesh-normals-array" count="15" stride="3">
              <param name="X" type="float"/>
              <param name="Y" type="float"/>
              <param name="Z" type="float"/>
            </accessor>
          </technique_common>
        </source>
        <source id="Cylinder_011-mesh-map-0">
          <float_array id="Cylinder_011-mesh-map-0-array" count="204">0.3228586 0.5414348 0.3020274 0.5044202 0.3020274 0.5405469 0.6681672 0.9104181 0.6893165 0.9415138 0.6893165 0.9104181 0.37636 0.969778 0.3876917 0.9909842 0.3876917 0.96978 0.7255086 0.9104181 0.7043817 0.9415138 0.7255086 0.9415138 0.4847222 0.5462807 0.4950854 0.5151849 0.4847222 0.5151849 0.9179021 0.9301905 0.9292229 0.9612863 0.9292229 0.9301905 0.9822271 0.831435 0.9910264 0.8525784 0.9910264 0.831435 0.977254 0.7180793 0.9894574 0.7392801 0.9894574 0.718076 0.09625041 0.9696516 0.1084539 0.9908524 0.1084538 0.9696483 0.4918651 0.9015372 0.4706776 0.9376448 0.4918651 0.9376506 0.293228 0.5044201 0.3020274 0.5405469 0.3020274 0.5044202 0.07792443 0.9578504 0.06912505 0.9220058 0.06912505 0.9578504 0.9910264 0.7951923 0.9822271 0.816358 0.9910264 0.816358 0.7039129 0.2082737 0.7251005 0.2471682 0.7251005 0.2082698 0.8656257 0.9924287 0.8553855 0.971263 0.8553855 0.9924287 0.8861979 0.9712555 0.8965711 0.9924615 0.8965711 0.9712574 0.9822271 0.7801152 0.9924674 0.7589718 0.9822271 0.7589718 0.3228586 0.5414348 0.3228586 0.5025739 0.3020274 0.5044202 0.6681672 0.9104181 0.6681672 0.9415138 0.6893165 0.9415138 0.37636 0.969778 0.3763599 0.9909821 0.3876917 0.9909842 0.7255086 0.9104181 0.7043817 0.9104181 0.7043817 0.9415138 0.4847222 0.5462807 0.4969303 0.5462807 0.4950854 0.5151849 0.9179021 0.9301905 0.9170149 0.9612863 0.9292229 0.9612863 0.9822271 0.831435 0.9822271 0.8525784 0.9910264 0.8525784 0.977254 0.7180793 0.9772539 0.7392835 0.9894574 0.7392801 0.09625041 0.9696516 0.09625035 0.9908558 0.1084539 0.9908524 0.4918651 0.9015372 0.4706776 0.9015315 0.4706776 0.9376448 0.293228 0.5044201 0.293228 0.5405469 0.3020274 0.5405469 0.07792443 0.9578504 0.07792443 0.9220058 0.06912505 0.9220058 0.9910264 0.7951923 0.9822271 0.7951923 0.9822271 0.816358 0.7039129 0.2082737 0.7039129 0.2471721 0.7251005 0.2471682 0.8656257 0.9924287 0.8656257 0.9712629 0.8553855 0.971263 0.8861979 0.9712555 0.886198 0.9924596 0.8965711 0.9924615 0.9822271 0.7801152 0.9924674 0.7801152 0.9924674 0.7589718</float_array>
          <technique_common>
            <accessor source="#Cylinder_011-mesh-map-0-array" count="102" stride="2">
              <param name="S" type="float"/>
              <param name="T" type="float"/>
            </accessor>
          </technique_common>
        </source>
        <vertices id="Cylinder_011-mesh-vertices">
          <input semantic="POSITION" source="#Cylinder_011-mesh-positions"/>
        </vertices>
        <triangles material="Material_001-material" count="34">
          <input semantic="VERTEX" source="#Cylinder_011-mesh-vertices" offset="0"/>
          <input semantic="NORMAL" source="#Cylinder_011-mesh-normals" offset="1"/>
          <input semantic="TEXCOORD" source="#Cylinder_011-mesh-map-0" offset="2" set="0"/>
          <p>22 0 0 10 0 1 11 0 2 2 1 3 7 1 4 3 1 5 19 2 6 7 2 7 6 2 8 0 3 9 5 3 10 4 3 11 1 4 12 17 4 13 5 4 14 16 5 15 3 5 16 7 5 17 13 3 18 10 3 19 9 3 20 11 6 21 2 6 22 3 6 23 9 6 24 1 6 25 0 6 26 12 6 27 14 6 28 13 6 29 14 7 30 11 7 31 10 7 32 12 8 33 9 8 34 8 8 35 11 9 36 12 9 37 8 9 38 20 2 39 23 2 40 22 2 41 18 10 42 23 10 43 21 10 44 4 2 45 17 2 46 18 2 47 22 3 48 19 3 49 20 3 50 22 11 51 23 11 52 10 11 53 2 10 54 6 10 55 7 10 56 19 2 57 16 2 58 7 2 59 0 12 60 1 12 61 5 12 62 1 5 63 10 5 64 17 5 65 16 13 66 11 13 67 3 13 68 13 14 69 14 14 70 10 14 71 11 6 72 8 6 73 2 6 74 9 6 75 10 6 76 1 6 77 12 6 78 15 6 79 14 6 80 14 7 81 15 7 82 11 7 83 12 8 84 13 8 85 9 8 86 11 10 87 15 10 88 12 10 89 20 2 90 21 2 91 23 2 92 18 10 93 17 10 94 23 10 95 4 2 96 5 2 97 17 2 98 22 3 99 16 3 100 19 3 101</p>
        </triangles>
      </mesh>
    </geometry>
    <geometry id="Cylinder_012-mesh" name="Cylinder.012">
      <mesh>
        <source id="Cylinder_012-mesh-positions">
          <float_array id="Cylinder_012-mesh-positions-array" count="72">1.718274 4.035402 -2.708467 -1.099277 4.035402 -2.708467 1.718274 -4.03987 -2.708467 -1.099277 -4.03987 -2.708467 1.718275 4.035402 5.366802 -1.099276 4.035402 5.366802 1.718275 -4.03987 5.366802 -1.099276 -4.03987 5.366802 1.718274 -2.410793 -2.708467 1.718274 2.406324 -2.708467 -1.099277 2.406324 -2.708467 -1.099277 -2.410793 -2.708467 1.718274 -2.410793 -4.995352 1.718274 2.406324 -4.995352 -1.099277 2.406324 -4.995352 -1.099277 -2.410793 -4.995352 -1.099276 -2.529187 5.366802 -1.099276 2.652501 5.366802 1.718275 2.652501 5.366802 1.718275 -2.529187 5.366802 1.718275 -2.529187 2.705421 1.718275 2.652501 2.705421 -1.099276 -2.529187 2.705421 -1.099276 2.652501 2.705421</float_array>
          <technique_common>
            <accessor source="#Cylinder_012-mesh-positions-array" count="24" stride="3">
              <param name="X" type="float"/>
              <param name="Y" type="float"/>
              <param name="Z" type="float"/>
            </accessor>
          </technique_common>
        </source>
        <source id="Cylinder_012-mesh-normals">
          <float_array id="Cylinder_012-mesh-normals-array" count="45">-1 0 0 0 -1 0 0 0 1 0 1 0 -1 0 0 -1 0 0 0 0 -1 -1 0 0 1 0 -2.08509e-7 0 -1 0 0 -1 0 -1 0 0 0 1 0 -1 0 0 0 1 0</float_array>
          <technique_common>
            <accessor source="#Cylinder_012-mesh-normals-array" count="15" stride="3">
              <param name="X" type="float"/>
              <param name="Y" type="float"/>
              <param name="Z" type="float"/>
            </accessor>
          </technique_common>
        </source>
        <source id="Cylinder_012-mesh-map-0">
          <float_array id="Cylinder_012-mesh-map-0-array" count="204">0.3228586 0.5414348 0.3020274 0.5044202 0.3020274 0.5405469 0.6681672 0.9104181 0.6893165 0.9415138 0.6893165 0.9104181 0.37636 0.969778 0.3876917 0.9909842 0.3876917 0.96978 0.7255086 0.9104181 0.7043817 0.9415138 0.7255086 0.9415138 0.4847222 0.5462807 0.4950854 0.5151849 0.4847222 0.5151849 0.9179021 0.9301905 0.9292229 0.9612863 0.9292229 0.9301905 0.9822271 0.831435 0.9910264 0.8525784 0.9910264 0.831435 0.977254 0.7180793 0.9894574 0.7392801 0.9894574 0.718076 0.09625041 0.9696516 0.1084539 0.9908524 0.1084538 0.9696483 0.4918651 0.9015372 0.4706776 0.9376448 0.4918651 0.9376506 0.293228 0.5044201 0.3020274 0.5405469 0.3020274 0.5044202 0.07792443 0.9578504 0.06912505 0.9220058 0.06912505 0.9578504 0.9910264 0.7951923 0.9822271 0.816358 0.9910264 0.816358 0.7039129 0.2082737 0.7251005 0.2471682 0.7251005 0.2082698 0.8656257 0.9924287 0.8553855 0.971263 0.8553855 0.9924287 0.8861979 0.9712555 0.8965711 0.9924615 0.8965711 0.9712574 0.9822271 0.7801152 0.9924674 0.7589718 0.9822271 0.7589718 0.3228586 0.5414348 0.3228586 0.5025739 0.3020274 0.5044202 0.6681672 0.9104181 0.6681672 0.9415138 0.6893165 0.9415138 0.37636 0.969778 0.3763599 0.9909821 0.3876917 0.9909842 0.7255086 0.9104181 0.7043817 0.9104181 0.7043817 0.9415138 0.4847222 0.5462807 0.4969303 0.5462807 0.4950854 0.5151849 0.9179021 0.9301905 0.9170149 0.9612863 0.9292229 0.9612863 0.9822271 0.831435 0.9822271 0.8525784 0.9910264 0.8525784 0.977254 0.7180793 0.9772539 0.7392835 0.9894574 0.7392801 0.09625041 0.9696516 0.09625035 0.9908558 0.1084539 0.9908524 0.4918651 0.9015372 0.4706776 0.9015315 0.4706776 0.9376448 0.293228 0.5044201 0.293228 0.5405469 0.3020274 0.5405469 0.07792443 0.9578504 0.07792443 0.9220058 0.06912505 0.9220058 0.9910264 0.7951923 0.9822271 0.7951923 0.9822271 0.816358 0.7039129 0.2082737 0.7039129 0.2471721 0.7251005 0.2471682 0.8656257 0.9924287 0.8656257 0.9712629 0.8553855 0.971263 0.8861979 0.9712555 0.886198 0.9924596 0.8965711 0.9924615 0.9822271 0.7801152 0.9924674 0.7801152 0.9924674 0.7589718</float_array>
          <technique_common>
            <accessor source="#Cylinder_012-mesh-map-0-array" count="102" stride="2">
              <param name="S" type="float"/>
              <param name="T" type="float"/>
            </accessor>
          </technique_common>
        </source>
        <vertices id="Cylinder_012-mesh-vertices">
          <input semantic="POSITION" source="#Cylinder_012-mesh-positions"/>
        </vertices>
        <triangles material="Material_001-material" count="34">
          <input semantic="VERTEX" source="#Cylinder_012-mesh-vertices" offset="0"/>
          <input semantic="NORMAL" source="#Cylinder_012-mesh-normals" offset="1"/>
          <input semantic="TEXCOORD" source="#Cylinder_012-mesh-map-0" offset="2" set="0"/>
          <p>22 0 0 10 0 1 11 0 2 2 1 3 7 1 4 3 1 5 19 2 6 7 2 7 6 2 8 0 3 9 5 3 10 4 3 11 1 4 12 17 4 13 5 4 14 16 5 15 3 5 16 7 5 17 13 3 18 10 3 19 9 3 20 11 6 21 2 6 22 3 6 23 9 6 24 1 6 25 0 6 26 12 6 27 14 6 28 13 6 29 14 7 30 11 7 31 10 7 32 12 8 33 9 8 34 8 8 35 11 9 36 12 9 37 8 9 38 20 2 39 23 2 40 22 2 41 18 10 42 23 10 43 21 10 44 4 2 45 17 2 46 18 2 47 22 3 48 19 3 49 20 3 50 22 11 51 23 11 52 10 11 53 2 10 54 6 10 55 7 10 56 19 2 57 16 2 58 7 2 59 0 12 60 1 12 61 5 12 62 1 5 63 10 5 64 17 5 65 16 13 66 11 13 67 3 13 68 13 14 69 14 14 70 10 14 71 11 6 72 8 6 73 2 6 74 9 6 75 10 6 76 1 6 77 12 6 78 15 6 79 14 6 80 14 7 81 15 7 82 11 7 83 12 8 84 13 8 85 9 8 86 11 10 87 15 10 88 12 10 89 20 2 90 21 2 91 23 2 92 18 10 93 17 10 94 23 10 95 4 2 96 5 2 97 17 2 98 22 3 99 16 3 100 19 3 101</p>
        </triangles>
      </mesh>
    </geometry>
    <geometry id="Cylinder_013-mesh" name="Cylinder.013">
      <mesh>
        <source id="Cylinder_013-mesh-positions">
          <float_array id="Cylinder_013-mesh-positions-array" count="72">1.718274 4.035402 -2.708467 -1.099277 4.035402 -2.708467 1.718274 -4.03987 -2.708467 -1.099277 -4.03987 -2.708467 1.718275 4.035402 5.366802 -1.099276 4.035402 5.366802 1.718275 -4.03987 5.366802 -1.099276 -4.03987 5.366802 1.718274 -2.410793 -2.708467 1.718274 2.406324 -2.708467 -1.099277 2.406324 -2.708467 -1.099277 -2.410793 -2.708467 1.718274 -2.410793 -4.995352 1.718274 2.406324 -4.995352 -1.099277 2.406324 -4.995352 -1.099277 -2.410793 -4.995352 -1.099276 -2.529187 5.366802 -1.099276 2.652501 5.366802 1.718275 2.652501 5.366802 1.718275 -2.529187 5.366802 1.718275 -2.529187 2.705421 1.718275 2.652501 2.705421 -1.099276 -2.529187 2.705421 -1.099276 2.652501 2.705421</float_array>
          <technique_common>
            <accessor source="#Cylinder_013-mesh-positions-array" count="24" stride="3">
              <param name="X" type="float"/>
              <param name="Y" type="float"/>
              <param name="Z" type="float"/>
            </accessor>
          </technique_common>
        </source>
        <source id="Cylinder_013-mesh-normals">
          <float_array id="Cylinder_013-mesh-normals-array" count="45">-1 0 0 0 -1 0 0 0 1 0 1 0 -1 0 0 -1 0 0 0 0 -1 -1 0 0 1 0 -2.08509e-7 0 -1 0 0 -1 0 -1 0 0 0 1 0 -1 0 0 0 1 0</float_array>
          <technique_common>
            <accessor source="#Cylinder_013-mesh-normals-array" count="15" stride="3">
              <param name="X" type="float"/>
              <param name="Y" type="float"/>
              <param name="Z" type="float"/>
            </accessor>
          </technique_common>
        </source>
        <source id="Cylinder_013-mesh-map-0">
          <float_array id="Cylinder_013-mesh-map-0-array" count="204">0.3228586 0.5414348 0.3020274 0.5044202 0.3020274 0.5405469 0.6681672 0.9104181 0.6893165 0.9415138 0.6893165 0.9104181 0.37636 0.969778 0.3876917 0.9909842 0.3876917 0.96978 0.7255086 0.9104181 0.7043817 0.9415138 0.7255086 0.9415138 0.4847222 0.5462807 0.4950854 0.5151849 0.4847222 0.5151849 0.9179021 0.9301905 0.9292229 0.9612863 0.9292229 0.9301905 0.9822271 0.831435 0.9910264 0.8525784 0.9910264 0.831435 0.977254 0.7180793 0.9894574 0.7392801 0.9894574 0.718076 0.09625041 0.9696516 0.1084539 0.9908524 0.1084538 0.9696483 0.4918651 0.9015372 0.4706776 0.9376448 0.4918651 0.9376506 0.293228 0.5044201 0.3020274 0.5405469 0.3020274 0.5044202 0.07792443 0.9578504 0.06912505 0.9220058 0.06912505 0.9578504 0.9910264 0.7951923 0.9822271 0.816358 0.9910264 0.816358 0.7039129 0.2082737 0.7251005 0.2471682 0.7251005 0.2082698 0.8656257 0.9924287 0.8553855 0.971263 0.8553855 0.9924287 0.8861979 0.9712555 0.8965711 0.9924615 0.8965711 0.9712574 0.9822271 0.7801152 0.9924674 0.7589718 0.9822271 0.7589718 0.3228586 0.5414348 0.3228586 0.5025739 0.3020274 0.5044202 0.6681672 0.9104181 0.6681672 0.9415138 0.6893165 0.9415138 0.37636 0.969778 0.3763599 0.9909821 0.3876917 0.9909842 0.7255086 0.9104181 0.7043817 0.9104181 0.7043817 0.9415138 0.4847222 0.5462807 0.4969303 0.5462807 0.4950854 0.5151849 0.9179021 0.9301905 0.9170149 0.9612863 0.9292229 0.9612863 0.9822271 0.831435 0.9822271 0.8525784 0.9910264 0.8525784 0.977254 0.7180793 0.9772539 0.7392835 0.9894574 0.7392801 0.09625041 0.9696516 0.09625035 0.9908558 0.1084539 0.9908524 0.4918651 0.9015372 0.4706776 0.9015315 0.4706776 0.9376448 0.293228 0.5044201 0.293228 0.5405469 0.3020274 0.5405469 0.07792443 0.9578504 0.07792443 0.9220058 0.06912505 0.9220058 0.9910264 0.7951923 0.9822271 0.7951923 0.9822271 0.816358 0.7039129 0.2082737 0.7039129 0.2471721 0.7251005 0.2471682 0.8656257 0.9924287 0.8656257 0.9712629 0.8553855 0.971263 0.8861979 0.9712555 0.886198 0.9924596 0.8965711 0.9924615 0.9822271 0.7801152 0.9924674 0.7801152 0.9924674 0.7589718</float_array>
          <technique_common>
            <accessor source="#Cylinder_013-mesh-map-0-array" count="102" stride="2">
              <param name="S" type="float"/>
              <param name="T" type="float"/>
            </accessor>
          </technique_common>
        </source>
        <vertices id="Cylinder_013-mesh-vertices">
          <input semantic="POSITION" source="#Cylinder_013-mesh-positions"/>
        </vertices>
        <triangles material="Material_001-material" count="34">
          <input semantic="VERTEX" source="#Cylinder_013-mesh-vertices" offset="0"/>
          <input semantic="NORMAL" source="#Cylinder_013-mesh-normals" offset="1"/>
          <input semantic="TEXCOORD" source="#Cylinder_013-mesh-map-0" offset="2" set="0"/>
          <p>22 0 0 10 0 1 11 0 2 2 1 3 7 1 4 3 1 5 19 2 6 7 2 7 6 2 8 0 3 9 5 3 10 4 3 11 1 4 12 17 4 13 5 4 14 16 5 15 3 5 16 7 5 17 13 3 18 10 3 19 9 3 20 11 6 21 2 6 22 3 6 23 9 6 24 1 6 25 0 6 26 12 6 27 14 6 28 13 6 29 14 7 30 11 7 31 10 7 32 12 8 33 9 8 34 8 8 35 11 9 36 12 9 37 8 9 38 20 2 39 23 2 40 22 2 41 18 10 42 23 10 43 21 10 44 4 2 45 17 2 46 18 2 47 22 3 48 19 3 49 20 3 50 22 11 51 23 11 52 10 11 53 2 10 54 6 10 55 7 10 56 19 2 57 16 2 58 7 2 59 0 12 60 1 12 61 5 12 62 1 5 63 10 5 64 17 5 65 16 13 66 11 13 67 3 13 68 13 14 69 14 14 70 10 14 71 11 6 72 8 6 73 2 6 74 9 6 75 10 6 76 1 6 77 12 6 78 15 6 79 14 6 80 14 7 81 15 7 82 11 7 83 12 8 84 13 8 85 9 8 86 11 10 87 15 10 88 12 10 89 20 2 90 21 2 91 23 2 92 18 10 93 17 10 94 23 10 95 4 2 96 5 2 97 17 2 98 22 3 99 16 3 100 19 3 101</p>
        </triangles>
      </mesh>
    </geometry>
    <geometry id="Cylinder_014-mesh" name="Cylinder.014">
      <mesh>
        <source id="Cylinder_014-mesh-positions">
          <float_array id="Cylinder_014-mesh-positions-array" count="72">1.718274 4.035402 -2.708467 -1.099277 4.035402 -2.708467 1.718274 -4.03987 -2.708467 -1.099277 -4.03987 -2.708467 1.718275 4.035402 5.366802 -1.099276 4.035402 5.366802 1.718275 -4.03987 5.366802 -1.099276 -4.03987 5.366802 1.718274 -2.410793 -2.708467 1.718274 2.406324 -2.708467 -1.099277 2.406324 -2.708467 -1.099277 -2.410793 -2.708467 1.718274 -2.410793 -4.995352 1.718274 2.406324 -4.995352 -1.099277 2.406324 -4.995352 -1.099277 -2.410793 -4.995352 -1.099276 -2.529187 5.366802 -1.099276 2.652501 5.366802 1.718275 2.652501 5.366802 1.718275 -2.529187 5.366802 1.718275 -2.529187 2.705421 1.718275 2.652501 2.705421 -1.099276 -2.529187 2.705421 -1.099276 2.652501 2.705421</float_array>
          <technique_common>
            <accessor source="#Cylinder_014-mesh-positions-array" count="24" stride="3">
              <param name="X" type="float"/>
              <param name="Y" type="float"/>
              <param name="Z" type="float"/>
            </accessor>
          </technique_common>
        </source>
        <source id="Cylinder_014-mesh-normals">
          <float_array id="Cylinder_014-mesh-normals-array" count="45">-1 0 0 0 -1 0 0 0 1 0 1 0 -1 0 0 -1 0 0 0 0 -1 -1 0 0 1 0 -2.08509e-7 0 -1 0 0 -1 0 -1 0 0 0 1 0 -1 0 0 0 1 0</float_array>
          <technique_common>
            <accessor source="#Cylinder_014-mesh-normals-array" count="15" stride="3">
              <param name="X" type="float"/>
              <param name="Y" type="float"/>
              <param name="Z" type="float"/>
            </accessor>
          </technique_common>
        </source>
        <source id="Cylinder_014-mesh-map-0">
          <float_array id="Cylinder_014-mesh-map-0-array" count="204">0.3228586 0.5414348 0.3020274 0.5044202 0.3020274 0.5405469 0.6681672 0.9104181 0.6893165 0.9415138 0.6893165 0.9104181 0.37636 0.969778 0.3876917 0.9909842 0.3876917 0.96978 0.7255086 0.9104181 0.7043817 0.9415138 0.7255086 0.9415138 0.4847222 0.5462807 0.4950854 0.5151849 0.4847222 0.5151849 0.9179021 0.9301905 0.9292229 0.9612863 0.9292229 0.9301905 0.9822271 0.831435 0.9910264 0.8525784 0.9910264 0.831435 0.977254 0.7180793 0.9894574 0.7392801 0.9894574 0.718076 0.09625041 0.9696516 0.1084539 0.9908524 0.1084538 0.9696483 0.4918651 0.9015372 0.4706776 0.9376448 0.4918651 0.9376506 0.293228 0.5044201 0.3020274 0.5405469 0.3020274 0.5044202 0.07792443 0.9578504 0.06912505 0.9220058 0.06912505 0.9578504 0.9910264 0.7951923 0.9822271 0.816358 0.9910264 0.816358 0.7039129 0.2082737 0.7251005 0.2471682 0.7251005 0.2082698 0.8656257 0.9924287 0.8553855 0.971263 0.8553855 0.9924287 0.8861979 0.9712555 0.8965711 0.9924615 0.8965711 0.9712574 0.9822271 0.7801152 0.9924674 0.7589718 0.9822271 0.7589718 0.3228586 0.5414348 0.3228586 0.5025739 0.3020274 0.5044202 0.6681672 0.9104181 0.6681672 0.9415138 0.6893165 0.9415138 0.37636 0.969778 0.3763599 0.9909821 0.3876917 0.9909842 0.7255086 0.9104181 0.7043817 0.9104181 0.7043817 0.9415138 0.4847222 0.5462807 0.4969303 0.5462807 0.4950854 0.5151849 0.9179021 0.9301905 0.9170149 0.9612863 0.9292229 0.9612863 0.9822271 0.831435 0.9822271 0.8525784 0.9910264 0.8525784 0.977254 0.7180793 0.9772539 0.7392835 0.9894574 0.7392801 0.09625041 0.9696516 0.09625035 0.9908558 0.1084539 0.9908524 0.4918651 0.9015372 0.4706776 0.9015315 0.4706776 0.9376448 0.293228 0.5044201 0.293228 0.5405469 0.3020274 0.5405469 0.07792443 0.9578504 0.07792443 0.9220058 0.06912505 0.9220058 0.9910264 0.7951923 0.9822271 0.7951923 0.9822271 0.816358 0.7039129 0.2082737 0.7039129 0.2471721 0.7251005 0.2471682 0.8656257 0.9924287 0.8656257 0.9712629 0.8553855 0.971263 0.8861979 0.9712555 0.886198 0.9924596 0.8965711 0.9924615 0.9822271 0.7801152 0.9924674 0.7801152 0.9924674 0.7589718</float_array>
          <technique_common>
            <accessor source="#Cylinder_014-mesh-map-0-array" count="102" stride="2">
              <param name="S" type="float"/>
              <param name="T" type="float"/>
            </accessor>
          </technique_common>
        </source>
        <vertices id="Cylinder_014-mesh-vertices">
          <input semantic="POSITION" source="#Cylinder_014-mesh-positions"/>
        </vertices>
        <triangles material="Material_001-material" count="34">
          <input semantic="VERTEX" source="#Cylinder_014-mesh-vertices" offset="0"/>
          <input semantic="NORMAL" source="#Cylinder_014-mesh-normals" offset="1"/>
          <input semantic="TEXCOORD" source="#Cylinder_014-mesh-map-0" offset="2" set="0"/>
          <p>22 0 0 10 0 1 11 0 2 2 1 3 7 1 4 3 1 5 19 2 6 7 2 7 6 2 8 0 3 9 5 3 10 4 3 11 1 4 12 17 4 13 5 4 14 16 5 15 3 5 16 7 5 17 13 3 18 10 3 19 9 3 20 11 6 21 2 6 22 3 6 23 9 6 24 1 6 25 0 6 26 12 6 27 14 6 28 13 6 29 14 7 30 11 7 31 10 7 32 12 8 33 9 8 34 8 8 35 11 9 36 12 9 37 8 9 38 20 2 39 23 2 40 22 2 41 18 10 42 23 10 43 21 10 44 4 2 45 17 2 46 18 2 47 22 3 48 19 3 49 20 3 50 22 11 51 23 11 52 10 11 53 2 10 54 6 10 55 7 10 56 19 2 57 16 2 58 7 2 59 0 12 60 1 12 61 5 12 62 1 5 63 10 5 64 17 5 65 16 13 66 11 13 67 3 13 68 13 14 69 14 14 70 10 14 71 11 6 72 8 6 73 2 6 74 9 6 75 10 6 76 1 6 77 12 6 78 15 6 79 14 6 80 14 7 81 15 7 82 11 7 83 12 8 84 13 8 85 9 8 86 11 10 87 15 10 88 12 10 89 20 2 90 21 2 91 23 2 92 18 10 93 17 10 94 23 10 95 4 2 96 5 2 97 17 2 98 22 3 99 16 3 100 19 3 101</p>
        </triangles>
      </mesh>
    </geometry>
    <geometry id="Cylinder_015-mesh" name="Cylinder.015">
      <mesh>
        <source id="Cylinder_015-mesh-positions">
          <float_array id="Cylinder_015-mesh-positions-array" count="72">1.718274 4.035402 -2.708467 -1.099277 4.035402 -2.708467 1.718274 -4.03987 -2.708467 -1.099277 -4.03987 -2.708467 1.718275 4.035402 5.366802 -1.099276 4.035402 5.366802 1.718275 -4.03987 5.366802 -1.099276 -4.03987 5.366802 1.718274 -2.410793 -2.708467 1.718274 2.406324 -2.708467 -1.099277 2.406324 -2.708467 -1.099277 -2.410793 -2.708467 1.718274 -2.410793 -4.995352 1.718274 2.406324 -4.995352 -1.099277 2.406324 -4.995352 -1.099277 -2.410793 -4.995352 -1.099276 -2.529187 5.366802 -1.099276 2.652501 5.366802 1.718275 2.652501 5.366802 1.718275 -2.529187 5.366802 1.718275 -2.529187 2.705421 1.718275 2.652501 2.705421 -1.099276 -2.529187 2.705421 -1.099276 2.652501 2.705421</float_array>
          <technique_common>
            <accessor source="#Cylinder_015-mesh-positions-array" count="24" stride="3">
              <param name="X" type="float"/>
              <param name="Y" type="float"/>
              <param name="Z" type="float"/>
            </accessor>
          </technique_common>
        </source>
        <source id="Cylinder_015-mesh-normals">
          <float_array id="Cylinder_015-mesh-normals-array" count="45">-1 0 0 0 -1 0 0 0 1 0 1 0 -1 0 0 -1 0 0 0 0 -1 -1 0 0 1 0 -2.08509e-7 0 -1 0 0 -1 0 -1 0 0 0 1 0 -1 0 0 0 1 0</float_array>
          <technique_common>
            <accessor source="#Cylinder_015-mesh-normals-array" count="15" stride="3">
              <param name="X" type="float"/>
              <param name="Y" type="float"/>
              <param name="Z" type="float"/>
            </accessor>
          </technique_common>
        </source>
        <source id="Cylinder_015-mesh-map-0">
          <float_array id="Cylinder_015-mesh-map-0-array" count="204">0.3228586 0.5414348 0.3020274 0.5044202 0.3020274 0.5405469 0.6681672 0.9104181 0.6893165 0.9415138 0.6893165 0.9104181 0.37636 0.969778 0.3876917 0.9909842 0.3876917 0.96978 0.7255086 0.9104181 0.7043817 0.9415138 0.7255086 0.9415138 0.4847222 0.5462807 0.4950854 0.5151849 0.4847222 0.5151849 0.9179021 0.9301905 0.9292229 0.9612863 0.9292229 0.9301905 0.9822271 0.831435 0.9910264 0.8525784 0.9910264 0.831435 0.977254 0.7180793 0.9894574 0.7392801 0.9894574 0.718076 0.09625041 0.9696516 0.1084539 0.9908524 0.1084538 0.9696483 0.4918651 0.9015372 0.4706776 0.9376448 0.4918651 0.9376506 0.293228 0.5044201 0.3020274 0.5405469 0.3020274 0.5044202 0.07792443 0.9578504 0.06912505 0.9220058 0.06912505 0.9578504 0.9910264 0.7951923 0.9822271 0.816358 0.9910264 0.816358 0.7039129 0.2082737 0.7251005 0.2471682 0.7251005 0.2082698 0.8656257 0.9924287 0.8553855 0.971263 0.8553855 0.9924287 0.8861979 0.9712555 0.8965711 0.9924615 0.8965711 0.9712574 0.9822271 0.7801152 0.9924674 0.7589718 0.9822271 0.7589718 0.3228586 0.5414348 0.3228586 0.5025739 0.3020274 0.5044202 0.6681672 0.9104181 0.6681672 0.9415138 0.6893165 0.9415138 0.37636 0.969778 0.3763599 0.9909821 0.3876917 0.9909842 0.7255086 0.9104181 0.7043817 0.9104181 0.7043817 0.9415138 0.4847222 0.5462807 0.4969303 0.5462807 0.4950854 0.5151849 0.9179021 0.9301905 0.9170149 0.9612863 0.9292229 0.9612863 0.9822271 0.831435 0.9822271 0.8525784 0.9910264 0.8525784 0.977254 0.7180793 0.9772539 0.7392835 0.9894574 0.7392801 0.09625041 0.9696516 0.09625035 0.9908558 0.1084539 0.9908524 0.4918651 0.9015372 0.4706776 0.9015315 0.4706776 0.9376448 0.293228 0.5044201 0.293228 0.5405469 0.3020274 0.5405469 0.07792443 0.9578504 0.07792443 0.9220058 0.06912505 0.9220058 0.9910264 0.7951923 0.9822271 0.7951923 0.9822271 0.816358 0.7039129 0.2082737 0.7039129 0.2471721 0.7251005 0.2471682 0.8656257 0.9924287 0.8656257 0.9712629 0.8553855 0.971263 0.8861979 0.9712555 0.886198 0.9924596 0.8965711 0.9924615 0.9822271 0.7801152 0.9924674 0.7801152 0.9924674 0.7589718</float_array>
          <technique_common>
            <accessor source="#Cylinder_015-mesh-map-0-array" count="102" stride="2">
              <param name="S" type="float"/>
              <param name="T" type="float"/>
            </accessor>
          </technique_common>
        </source>
        <vertices id="Cylinder_015-mesh-vertices">
          <input semantic="POSITION" source="#Cylinder_015-mesh-positions"/>
        </vertices>
        <triangles material="Material_001-material" count="34">
          <input semantic="VERTEX" source="#Cylinder_015-mesh-vertices" offset="0"/>
          <input semantic="NORMAL" source="#Cylinder_015-mesh-normals" offset="1"/>
          <input semantic="TEXCOORD" source="#Cylinder_015-mesh-map-0" offset="2" set="0"/>
          <p>22 0 0 10 0 1 11 0 2 2 1 3 7 1 4 3 1 5 19 2 6 7 2 7 6 2 8 0 3 9 5 3 10 4 3 11 1 4 12 17 4 13 5 4 14 16 5 15 3 5 16 7 5 17 13 3 18 10 3 19 9 3 20 11 6 21 2 6 22 3 6 23 9 6 24 1 6 25 0 6 26 12 6 27 14 6 28 13 6 29 14 7 30 11 7 31 10 7 32 12 8 33 9 8 34 8 8 35 11 9 36 12 9 37 8 9 38 20 2 39 23 2 40 22 2 41 18 10 42 23 10 43 21 10 44 4 2 45 17 2 46 18 2 47 22 3 48 19 3 49 20 3 50 22 11 51 23 11 52 10 11 53 2 10 54 6 10 55 7 10 56 19 2 57 16 2 58 7 2 59 0 12 60 1 12 61 5 12 62 1 5 63 10 5 64 17 5 65 16 13 66 11 13 67 3 13 68 13 14 69 14 14 70 10 14 71 11 6 72 8 6 73 2 6 74 9 6 75 10 6 76 1 6 77 12 6 78 15 6 79 14 6 80 14 7 81 15 7 82 11 7 83 12 8 84 13 8 85 9 8 86 11 10 87 15 10 88 12 10 89 20 2 90 21 2 91 23 2 92 18 10 93 17 10 94 23 10 95 4 2 96 5 2 97 17 2 98 22 3 99 16 3 100 19 3 101</p>
        </triangles>
      </mesh>
    </geometry>
    <geometry id="Cylinder_016-mesh" name="Cylinder.016">
      <mesh>
        <source id="Cylinder_016-mesh-positions">
          <float_array id="Cylinder_016-mesh-positions-array" count="72">1.718274 4.035402 -2.708467 -1.099277 4.035402 -2.708467 1.718274 -4.03987 -2.708467 -1.099277 -4.03987 -2.708467 1.718275 4.035402 5.366802 -1.099276 4.035402 5.366802 1.718275 -4.03987 5.366802 -1.099276 -4.03987 5.366802 1.718274 -2.410793 -2.708467 1.718274 2.406324 -2.708467 -1.099277 2.406324 -2.708467 -1.099277 -2.410793 -2.708467 1.718274 -2.410793 -4.995352 1.718274 2.406324 -4.995352 -1.099277 2.406324 -4.995352 -1.099277 -2.410793 -4.995352 -1.099276 -2.529187 5.366802 -1.099276 2.652501 5.366802 1.718275 2.652501 5.366802 1.718275 -2.529187 5.366802 1.718275 -2.529187 2.705421 1.718275 2.652501 2.705421 -1.099276 -2.529187 2.705421 -1.099276 2.652501 2.705421</float_array>
          <technique_common>
            <accessor source="#Cylinder_016-mesh-positions-array" count="24" stride="3">
              <param name="X" type="float"/>
              <param name="Y" type="float"/>
              <param name="Z" type="float"/>
            </accessor>
          </technique_common>
        </source>
        <source id="Cylinder_016-mesh-normals">
          <float_array id="Cylinder_016-mesh-normals-array" count="45">-1 0 0 0 -1 0 0 0 1 0 1 0 -1 0 0 -1 0 0 0 0 -1 -1 0 0 1 0 -2.08509e-7 0 -1 0 0 -1 0 -1 0 0 0 1 0 -1 0 0 0 1 0</float_array>
          <technique_common>
            <accessor source="#Cylinder_016-mesh-normals-array" count="15" stride="3">
              <param name="X" type="float"/>
              <param name="Y" type="float"/>
              <param name="Z" type="float"/>
            </accessor>
          </technique_common>
        </source>
        <source id="Cylinder_016-mesh-map-0">
          <float_array id="Cylinder_016-mesh-map-0-array" count="204">0.3228586 0.5414348 0.3020274 0.5044202 0.3020274 0.5405469 0.6681672 0.9104181 0.6893165 0.9415138 0.6893165 0.9104181 0.37636 0.969778 0.3876917 0.9909842 0.3876917 0.96978 0.7255086 0.9104181 0.7043817 0.9415138 0.7255086 0.9415138 0.4847222 0.5462807 0.4950854 0.5151849 0.4847222 0.5151849 0.9179021 0.9301905 0.9292229 0.9612863 0.9292229 0.9301905 0.9822271 0.831435 0.9910264 0.8525784 0.9910264 0.831435 0.977254 0.7180793 0.9894574 0.7392801 0.9894574 0.718076 0.09625041 0.9696516 0.1084539 0.9908524 0.1084538 0.9696483 0.4918651 0.9015372 0.4706776 0.9376448 0.4918651 0.9376506 0.293228 0.5044201 0.3020274 0.5405469 0.3020274 0.5044202 0.07792443 0.9578504 0.06912505 0.9220058 0.06912505 0.9578504 0.9910264 0.7951923 0.9822271 0.816358 0.9910264 0.816358 0.7039129 0.2082737 0.7251005 0.2471682 0.7251005 0.2082698 0.8656257 0.9924287 0.8553855 0.971263 0.8553855 0.9924287 0.8861979 0.9712555 0.8965711 0.9924615 0.8965711 0.9712574 0.9822271 0.7801152 0.9924674 0.7589718 0.9822271 0.7589718 0.3228586 0.5414348 0.3228586 0.5025739 0.3020274 0.5044202 0.6681672 0.9104181 0.6681672 0.9415138 0.6893165 0.9415138 0.37636 0.969778 0.3763599 0.9909821 0.3876917 0.9909842 0.7255086 0.9104181 0.7043817 0.9104181 0.7043817 0.9415138 0.4847222 0.5462807 0.4969303 0.5462807 0.4950854 0.5151849 0.9179021 0.9301905 0.9170149 0.9612863 0.9292229 0.9612863 0.9822271 0.831435 0.9822271 0.8525784 0.9910264 0.8525784 0.977254 0.7180793 0.9772539 0.7392835 0.9894574 0.7392801 0.09625041 0.9696516 0.09625035 0.9908558 0.1084539 0.9908524 0.4918651 0.9015372 0.4706776 0.9015315 0.4706776 0.9376448 0.293228 0.5044201 0.293228 0.5405469 0.3020274 0.5405469 0.07792443 0.9578504 0.07792443 0.9220058 0.06912505 0.9220058 0.9910264 0.7951923 0.9822271 0.7951923 0.9822271 0.816358 0.7039129 0.2082737 0.7039129 0.2471721 0.7251005 0.2471682 0.8656257 0.9924287 0.8656257 0.9712629 0.8553855 0.971263 0.8861979 0.9712555 0.886198 0.9924596 0.8965711 0.9924615 0.9822271 0.7801152 0.9924674 0.7801152 0.9924674 0.7589718</float_array>
          <technique_common>
            <accessor source="#Cylinder_016-mesh-map-0-array" count="102" stride="2">
              <param name="S" type="float"/>
              <param name="T" type="float"/>
            </accessor>
          </technique_common>
        </source>
        <vertices id="Cylinder_016-mesh-vertices">
          <input semantic="POSITION" source="#Cylinder_016-mesh-positions"/>
        </vertices>
        <triangles material="Material_001-material" count="34">
          <input semantic="VERTEX" source="#Cylinder_016-mesh-vertices" offset="0"/>
          <input semantic="NORMAL" source="#Cylinder_016-mesh-normals" offset="1"/>
          <input semantic="TEXCOORD" source="#Cylinder_016-mesh-map-0" offset="2" set="0"/>
          <p>22 0 0 10 0 1 11 0 2 2 1 3 7 1 4 3 1 5 19 2 6 7 2 7 6 2 8 0 3 9 5 3 10 4 3 11 1 4 12 17 4 13 5 4 14 16 5 15 3 5 16 7 5 17 13 3 18 10 3 19 9 3 20 11 6 21 2 6 22 3 6 23 9 6 24 1 6 25 0 6 26 12 6 27 14 6 28 13 6 29 14 7 30 11 7 31 10 7 32 12 8 33 9 8 34 8 8 35 11 9 36 12 9 37 8 9 38 20 2 39 23 2 40 22 2 41 18 10 42 23 10 43 21 10 44 4 2 45 17 2 46 18 2 47 22 3 48 19 3 49 20 3 50 22 11 51 23 11 52 10 11 53 2 10 54 6 10 55 7 10 56 19 2 57 16 2 58 7 2 59 0 12 60 1 12 61 5 12 62 1 5 63 10 5 64 17 5 65 16 13 66 11 13 67 3 13 68 13 14 69 14 14 70 10 14 71 11 6 72 8 6 73 2 6 74 9 6 75 10 6 76 1 6 77 12 6 78 15 6 79 14 6 80 14 7 81 15 7 82 11 7 83 12 8 84 13 8 85 9 8 86 11 10 87 15 10 88 12 10 89 20 2 90 21 2 91 23 2 92 18 10 93 17 10 94 23 10 95 4 2 96 5 2 97 17 2 98 22 3 99 16 3 100 19 3 101</p>
        </triangles>
      </mesh>
    </geometry>
    <geometry id="Cylinder_017-mesh" name="Cylinder.017">
      <mesh>
        <source id="Cylinder_017-mesh-positions">
          <float_array id="Cylinder_017-mesh-positions-array" count="72">1.718275 4.035402 -2.708468 -1.099277 4.035402 -2.708468 1.718275 -4.03987 -2.708468 -1.099277 -4.03987 -2.708468 1.718275 4.035402 5.366804 -1.099277 4.035402 5.366804 1.718275 -4.03987 5.366804 -1.099277 -4.03987 5.366804 1.718275 -2.410793 -2.708468 1.718275 2.406324 -2.708468 -1.099277 2.406324 -2.708468 -1.099277 -2.410793 -2.708468 1.718275 -2.410793 -4.995353 1.718275 2.406324 -4.995353 -1.099277 2.406324 -4.995353 -1.099277 -2.410793 -4.995353 -1.099277 -2.529187 5.366804 -1.099277 2.652501 5.366804 1.718275 2.652501 5.366804 1.718275 -2.529187 5.366804 1.718275 -2.529187 2.705422 1.718275 2.652501 2.705422 -1.099277 -2.529187 2.705422 -1.099277 2.652501 2.705422</float_array>
          <technique_common>
            <accessor source="#Cylinder_017-mesh-positions-array" count="24" stride="3">
              <param name="X" type="float"/>
              <param name="Y" type="float"/>
              <param name="Z" type="float"/>
            </accessor>
          </technique_common>
        </source>
        <source id="Cylinder_017-mesh-normals">
          <float_array id="Cylinder_017-mesh-normals-array" count="54">-1 0 0 0 -1 0 0 0 1 0 1 0 -1 0 0 0 1 1.48008e-7 0 0 -1 -1 0 0 1 0 -1.56382e-7 0 -1 0 0 -1 0 -1 0 0 0 1 0 -1 0 0 -1 0 0 0 1 0 1 0 -1.56382e-7 0 -1 1.48008e-7</float_array>
          <technique_common>
            <accessor source="#Cylinder_017-mesh-normals-array" count="18" stride="3">
              <param name="X" type="float"/>
              <param name="Y" type="float"/>
              <param name="Z" type="float"/>
            </accessor>
          </technique_common>
        </source>
        <source id="Cylinder_017-mesh-map-0">
          <float_array id="Cylinder_017-mesh-map-0-array" count="204">0.3228586 0.5414348 0.3020274 0.5044202 0.3020274 0.5405469 0.6681672 0.9104181 0.6893165 0.9415138 0.6893165 0.9104181 0.37636 0.969778 0.3876917 0.9909842 0.3876917 0.96978 0.7255086 0.9104181 0.7043817 0.9415138 0.7255086 0.9415138 0.4847222 0.5462807 0.4950854 0.5151849 0.4847222 0.5151849 0.9179021 0.9301905 0.9292229 0.9612863 0.9292229 0.9301905 0.9822271 0.831435 0.9910264 0.8525784 0.9910264 0.831435 0.977254 0.7180793 0.9894574 0.7392801 0.9894574 0.718076 0.09625041 0.9696516 0.1084539 0.9908524 0.1084538 0.9696483 0.4918651 0.9015372 0.4706776 0.9376448 0.4918651 0.9376506 0.293228 0.5044201 0.3020274 0.5405469 0.3020274 0.5044202 0.07792443 0.9578504 0.06912505 0.9220058 0.06912505 0.9578504 0.9910264 0.7951923 0.9822271 0.816358 0.9910264 0.816358 0.7039129 0.2082737 0.7251005 0.2471682 0.7251005 0.2082698 0.8656257 0.9924287 0.8553855 0.971263 0.8553855 0.9924287 0.8861979 0.9712555 0.8965711 0.9924615 0.8965711 0.9712574 0.9822271 0.7801152 0.9924674 0.7589718 0.9822271 0.7589718 0.3228586 0.5414348 0.3228586 0.5025739 0.3020274 0.5044202 0.6681672 0.9104181 0.6681672 0.9415138 0.6893165 0.9415138 0.37636 0.969778 0.3763599 0.9909821 0.3876917 0.9909842 0.7255086 0.9104181 0.7043817 0.9104181 0.7043817 0.9415138 0.4847222 0.5462807 0.4969303 0.5462807 0.4950854 0.5151849 0.9179021 0.9301905 0.9170149 0.9612863 0.9292229 0.9612863 0.9822271 0.831435 0.9822271 0.8525784 0.9910264 0.8525784 0.977254 0.7180793 0.9772539 0.7392835 0.9894574 0.7392801 0.09625041 0.9696516 0.09625035 0.9908558 0.1084539 0.9908524 0.4918651 0.9015372 0.4706776 0.9015315 0.4706776 0.9376448 0.293228 0.5044201 0.293228 0.5405469 0.3020274 0.5405469 0.07792443 0.9578504 0.07792443 0.9220058 0.06912505 0.9220058 0.9910264 0.7951923 0.9822271 0.7951923 0.9822271 0.816358 0.7039129 0.2082737 0.7039129 0.2471721 0.7251005 0.2471682 0.8656257 0.9924287 0.8656257 0.9712629 0.8553855 0.971263 0.8861979 0.9712555 0.886198 0.9924596 0.8965711 0.9924615 0.9822271 0.7801152 0.9924674 0.7801152 0.9924674 0.7589718</float_array>
          <technique_common>
            <accessor source="#Cylinder_017-mesh-map-0-array" count="102" stride="2">
              <param name="S" type="float"/>
              <param name="T" type="float"/>
            </accessor>
          </technique_common>
        </source>
        <vertices id="Cylinder_017-mesh-vertices">
          <input semantic="POSITION" source="#Cylinder_017-mesh-positions"/>
        </vertices>
        <triangles material="Material_001-material" count="34">
          <input semantic="VERTEX" source="#Cylinder_017-mesh-vertices" offset="0"/>
          <input semantic="NORMAL" source="#Cylinder_017-mesh-normals" offset="1"/>
          <input semantic="TEXCOORD" source="#Cylinder_017-mesh-map-0" offset="2" set="0"/>
          <p>22 0 0 10 0 1 11 0 2 2 1 3 7 1 4 3 1 5 19 2 6 7 2 7 6 2 8 0 3 9 5 3 10 4 3 11 1 4 12 17 4 13 5 4 14 16 4 15 3 4 16 7 4 17 13 5 18 10 5 19 9 5 20 11 6 21 2 6 22 3 6 23 9 6 24 1 6 25 0 6 26 12 6 27 14 6 28 13 6 29 14 7 30 11 7 31 10 7 32 12 8 33 9 8 34 8 8 35 11 9 36 12 9 37 8 9 38 20 2 39 23 2 40 22 2 41 18 10 42 23 10 43 21 10 44 4 2 45 17 2 46 18 2 47 22 3 48 19 3 49 20 3 50 22 11 51 23 11 52 10 11 53 2 10 54 6 10 55 7 10 56 19 2 57 16 2 58 7 2 59 0 12 60 1 12 61 5 12 62 1 13 63 10 13 64 17 13 65 16 14 66 11 14 67 3 14 68 13 15 69 14 15 70 10 15 71 11 6 72 8 6 73 2 6 74 9 6 75 10 6 76 1 6 77 12 6 78 15 6 79 14 6 80 14 7 81 15 7 82 11 7 83 12 16 84 13 16 85 9 16 86 11 17 87 15 17 88 12 17 89 20 2 90 21 2 91 23 2 92 18 10 93 17 10 94 23 10 95 4 2 96 5 2 97 17 2 98 22 3 99 16 3 100 19 3 101</p>
        </triangles>
      </mesh>
    </geometry>
    <geometry id="Cylinder_018-mesh" name="Cylinder.018">
      <mesh>
        <source id="Cylinder_018-mesh-positions">
          <float_array id="Cylinder_018-mesh-positions-array" count="72">1.718275 4.035402 -2.708468 -1.099277 4.035402 -2.708468 1.718275 -4.03987 -2.708468 -1.099277 -4.03987 -2.708468 1.718275 4.035402 5.366804 -1.099277 4.035402 5.366804 1.718275 -4.03987 5.366804 -1.099277 -4.03987 5.366804 1.718275 -2.410793 -2.708468 1.718275 2.406324 -2.708468 -1.099277 2.406324 -2.708468 -1.099277 -2.410793 -2.708468 1.718275 -2.410793 -4.995353 1.718275 2.406324 -4.995353 -1.099277 2.406324 -4.995353 -1.099277 -2.410793 -4.995353 -1.099277 -2.529187 5.366804 -1.099277 2.652501 5.366804 1.718275 2.652501 5.366804 1.718275 -2.529187 5.366804 1.718275 -2.529187 2.705422 1.718275 2.652501 2.705422 -1.099277 -2.529187 2.705422 -1.099277 2.652501 2.705422</float_array>
          <technique_common>
            <accessor source="#Cylinder_018-mesh-positions-array" count="24" stride="3">
              <param name="X" type="float"/>
              <param name="Y" type="float"/>
              <param name="Z" type="float"/>
            </accessor>
          </technique_common>
        </source>
        <source id="Cylinder_018-mesh-normals">
          <float_array id="Cylinder_018-mesh-normals-array" count="54">-1 0 0 0 -1 0 0 0 1 0 1 0 -1 0 0 0 1 1.48008e-7 0 0 -1 -1 0 0 1 0 -1.56382e-7 0 -1 0 0 -1 0 -1 0 0 0 1 0 -1 0 0 -1 0 0 0 1 0 1 0 -1.56382e-7 0 -1 1.48008e-7</float_array>
          <technique_common>
            <accessor source="#Cylinder_018-mesh-normals-array" count="18" stride="3">
              <param name="X" type="float"/>
              <param name="Y" type="float"/>
              <param name="Z" type="float"/>
            </accessor>
          </technique_common>
        </source>
        <source id="Cylinder_018-mesh-map-0">
          <float_array id="Cylinder_018-mesh-map-0-array" count="204">0.3228586 0.5414348 0.3020274 0.5044202 0.3020274 0.5405469 0.6681672 0.9104181 0.6893165 0.9415138 0.6893165 0.9104181 0.37636 0.969778 0.3876917 0.9909842 0.3876917 0.96978 0.7255086 0.9104181 0.7043817 0.9415138 0.7255086 0.9415138 0.4847222 0.5462807 0.4950854 0.5151849 0.4847222 0.5151849 0.9179021 0.9301905 0.9292229 0.9612863 0.9292229 0.9301905 0.9822271 0.831435 0.9910264 0.8525784 0.9910264 0.831435 0.977254 0.7180793 0.9894574 0.7392801 0.9894574 0.718076 0.09625041 0.9696516 0.1084539 0.9908524 0.1084538 0.9696483 0.4918651 0.9015372 0.4706776 0.9376448 0.4918651 0.9376506 0.293228 0.5044201 0.3020274 0.5405469 0.3020274 0.5044202 0.07792443 0.9578504 0.06912505 0.9220058 0.06912505 0.9578504 0.9910264 0.7951923 0.9822271 0.816358 0.9910264 0.816358 0.7039129 0.2082737 0.7251005 0.2471682 0.7251005 0.2082698 0.8656257 0.9924287 0.8553855 0.971263 0.8553855 0.9924287 0.8861979 0.9712555 0.8965711 0.9924615 0.8965711 0.9712574 0.9822271 0.7801152 0.9924674 0.7589718 0.9822271 0.7589718 0.3228586 0.5414348 0.3228586 0.5025739 0.3020274 0.5044202 0.6681672 0.9104181 0.6681672 0.9415138 0.6893165 0.9415138 0.37636 0.969778 0.3763599 0.9909821 0.3876917 0.9909842 0.7255086 0.9104181 0.7043817 0.9104181 0.7043817 0.9415138 0.4847222 0.5462807 0.4969303 0.5462807 0.4950854 0.5151849 0.9179021 0.9301905 0.9170149 0.9612863 0.9292229 0.9612863 0.9822271 0.831435 0.9822271 0.8525784 0.9910264 0.8525784 0.977254 0.7180793 0.9772539 0.7392835 0.9894574 0.7392801 0.09625041 0.9696516 0.09625035 0.9908558 0.1084539 0.9908524 0.4918651 0.9015372 0.4706776 0.9015315 0.4706776 0.9376448 0.293228 0.5044201 0.293228 0.5405469 0.3020274 0.5405469 0.07792443 0.9578504 0.07792443 0.9220058 0.06912505 0.9220058 0.9910264 0.7951923 0.9822271 0.7951923 0.9822271 0.816358 0.7039129 0.2082737 0.7039129 0.2471721 0.7251005 0.2471682 0.8656257 0.9924287 0.8656257 0.9712629 0.8553855 0.971263 0.8861979 0.9712555 0.886198 0.9924596 0.8965711 0.9924615 0.9822271 0.7801152 0.9924674 0.7801152 0.9924674 0.7589718</float_array>
          <technique_common>
            <accessor source="#Cylinder_018-mesh-map-0-array" count="102" stride="2">
              <param name="S" type="float"/>
              <param name="T" type="float"/>
            </accessor>
          </technique_common>
        </source>
        <vertices id="Cylinder_018-mesh-vertices">
          <input semantic="POSITION" source="#Cylinder_018-mesh-positions"/>
        </vertices>
        <triangles material="Material_001-material" count="34">
          <input semantic="VERTEX" source="#Cylinder_018-mesh-vertices" offset="0"/>
          <input semantic="NORMAL" source="#Cylinder_018-mesh-normals" offset="1"/>
          <input semantic="TEXCOORD" source="#Cylinder_018-mesh-map-0" offset="2" set="0"/>
          <p>22 0 0 10 0 1 11 0 2 2 1 3 7 1 4 3 1 5 19 2 6 7 2 7 6 2 8 0 3 9 5 3 10 4 3 11 1 4 12 17 4 13 5 4 14 16 4 15 3 4 16 7 4 17 13 5 18 10 5 19 9 5 20 11 6 21 2 6 22 3 6 23 9 6 24 1 6 25 0 6 26 12 6 27 14 6 28 13 6 29 14 7 30 11 7 31 10 7 32 12 8 33 9 8 34 8 8 35 11 9 36 12 9 37 8 9 38 20 2 39 23 2 40 22 2 41 18 10 42 23 10 43 21 10 44 4 2 45 17 2 46 18 2 47 22 3 48 19 3 49 20 3 50 22 11 51 23 11 52 10 11 53 2 10 54 6 10 55 7 10 56 19 2 57 16 2 58 7 2 59 0 12 60 1 12 61 5 12 62 1 13 63 10 13 64 17 13 65 16 14 66 11 14 67 3 14 68 13 15 69 14 15 70 10 15 71 11 6 72 8 6 73 2 6 74 9 6 75 10 6 76 1 6 77 12 6 78 15 6 79 14 6 80 14 7 81 15 7 82 11 7 83 12 16 84 13 16 85 9 16 86 11 17 87 15 17 88 12 17 89 20 2 90 21 2 91 23 2 92 18 10 93 17 10 94 23 10 95 4 2 96 5 2 97 17 2 98 22 3 99 16 3 100 19 3 101</p>
        </triangles>
      </mesh>
    </geometry>
    <geometry id="Cylinder_019-mesh" name="Cylinder.019">
      <mesh>
        <source id="Cylinder_019-mesh-positions">
          <float_array id="Cylinder_019-mesh-positions-array" count="72">1.718275 4.035402 -2.708468 -1.099277 4.035402 -2.708468 1.718275 -4.03987 -2.708468 -1.099277 -4.03987 -2.708468 1.718275 4.035402 5.366804 -1.099277 4.035402 5.366804 1.718275 -4.03987 5.366804 -1.099277 -4.03987 5.366804 1.718275 -2.410793 -2.708468 1.718275 2.406324 -2.708468 -1.099277 2.406324 -2.708468 -1.099277 -2.410793 -2.708468 1.718275 -2.410793 -4.995353 1.718275 2.406324 -4.995353 -1.099277 2.406324 -4.995353 -1.099277 -2.410793 -4.995353 -1.099277 -2.529187 5.366804 -1.099277 2.652501 5.366804 1.718275 2.652501 5.366804 1.718275 -2.529187 5.366804 1.718275 -2.529187 2.705422 1.718275 2.652501 2.705422 -1.099277 -2.529187 2.705422 -1.099277 2.652501 2.705422</float_array>
          <technique_common>
            <accessor source="#Cylinder_019-mesh-positions-array" count="24" stride="3">
              <param name="X" type="float"/>
              <param name="Y" type="float"/>
              <param name="Z" type="float"/>
            </accessor>
          </technique_common>
        </source>
        <source id="Cylinder_019-mesh-normals">
          <float_array id="Cylinder_019-mesh-normals-array" count="54">-1 0 0 0 -1 0 0 0 1 0 1 0 -1 0 0 0 1 1.48008e-7 0 0 -1 -1 0 0 1 0 -1.56382e-7 0 -1 0 0 -1 0 -1 0 0 0 1 0 -1 0 0 -1 0 0 0 1 0 1 0 -1.56382e-7 0 -1 1.48008e-7</float_array>
          <technique_common>
            <accessor source="#Cylinder_019-mesh-normals-array" count="18" stride="3">
              <param name="X" type="float"/>
              <param name="Y" type="float"/>
              <param name="Z" type="float"/>
            </accessor>
          </technique_common>
        </source>
        <source id="Cylinder_019-mesh-map-0">
          <float_array id="Cylinder_019-mesh-map-0-array" count="204">0.3228586 0.5414348 0.3020274 0.5044202 0.3020274 0.5405469 0.6681672 0.9104181 0.6893165 0.9415138 0.6893165 0.9104181 0.37636 0.969778 0.3876917 0.9909842 0.3876917 0.96978 0.7255086 0.9104181 0.7043817 0.9415138 0.7255086 0.9415138 0.4847222 0.5462807 0.4950854 0.5151849 0.4847222 0.5151849 0.9179021 0.9301905 0.9292229 0.9612863 0.9292229 0.9301905 0.9822271 0.831435 0.9910264 0.8525784 0.9910264 0.831435 0.977254 0.7180793 0.9894574 0.7392801 0.9894574 0.718076 0.09625041 0.9696516 0.1084539 0.9908524 0.1084538 0.9696483 0.4918651 0.9015372 0.4706776 0.9376448 0.4918651 0.9376506 0.293228 0.5044201 0.3020274 0.5405469 0.3020274 0.5044202 0.07792443 0.9578504 0.06912505 0.9220058 0.06912505 0.9578504 0.9910264 0.7951923 0.9822271 0.816358 0.9910264 0.816358 0.7039129 0.2082737 0.7251005 0.2471682 0.7251005 0.2082698 0.8656257 0.9924287 0.8553855 0.971263 0.8553855 0.9924287 0.8861979 0.9712555 0.8965711 0.9924615 0.8965711 0.9712574 0.9822271 0.7801152 0.9924674 0.7589718 0.9822271 0.7589718 0.3228586 0.5414348 0.3228586 0.5025739 0.3020274 0.5044202 0.6681672 0.9104181 0.6681672 0.9415138 0.6893165 0.9415138 0.37636 0.969778 0.3763599 0.9909821 0.3876917 0.9909842 0.7255086 0.9104181 0.7043817 0.9104181 0.7043817 0.9415138 0.4847222 0.5462807 0.4969303 0.5462807 0.4950854 0.5151849 0.9179021 0.9301905 0.9170149 0.9612863 0.9292229 0.9612863 0.9822271 0.831435 0.9822271 0.8525784 0.9910264 0.8525784 0.977254 0.7180793 0.9772539 0.7392835 0.9894574 0.7392801 0.09625041 0.9696516 0.09625035 0.9908558 0.1084539 0.9908524 0.4918651 0.9015372 0.4706776 0.9015315 0.4706776 0.9376448 0.293228 0.5044201 0.293228 0.5405469 0.3020274 0.5405469 0.07792443 0.9578504 0.07792443 0.9220058 0.06912505 0.9220058 0.9910264 0.7951923 0.9822271 0.7951923 0.9822271 0.816358 0.7039129 0.2082737 0.7039129 0.2471721 0.7251005 0.2471682 0.8656257 0.9924287 0.8656257 0.9712629 0.8553855 0.971263 0.8861979 0.9712555 0.886198 0.9924596 0.8965711 0.9924615 0.9822271 0.7801152 0.9924674 0.7801152 0.9924674 0.7589718</float_array>
          <technique_common>
            <accessor source="#Cylinder_019-mesh-map-0-array" count="102" stride="2">
              <param name="S" type="float"/>
              <param name="T" type="float"/>
            </accessor>
          </technique_common>
        </source>
        <vertices id="Cylinder_019-mesh-vertices">
          <input semantic="POSITION" source="#Cylinder_019-mesh-positions"/>
        </vertices>
        <triangles material="Material_001-material" count="34">
          <input semantic="VERTEX" source="#Cylinder_019-mesh-vertices" offset="0"/>
          <input semantic="NORMAL" source="#Cylinder_019-mesh-normals" offset="1"/>
          <input semantic="TEXCOORD" source="#Cylinder_019-mesh-map-0" offset="2" set="0"/>
          <p>22 0 0 10 0 1 11 0 2 2 1 3 7 1 4 3 1 5 19 2 6 7 2 7 6 2 8 0 3 9 5 3 10 4 3 11 1 4 12 17 4 13 5 4 14 16 4 15 3 4 16 7 4 17 13 5 18 10 5 19 9 5 20 11 6 21 2 6 22 3 6 23 9 6 24 1 6 25 0 6 26 12 6 27 14 6 28 13 6 29 14 7 30 11 7 31 10 7 32 12 8 33 9 8 34 8 8 35 11 9 36 12 9 37 8 9 38 20 2 39 23 2 40 22 2 41 18 10 42 23 10 43 21 10 44 4 2 45 17 2 46 18 2 47 22 3 48 19 3 49 20 3 50 22 11 51 23 11 52 10 11 53 2 10 54 6 10 55 7 10 56 19 2 57 16 2 58 7 2 59 0 12 60 1 12 61 5 12 62 1 13 63 10 13 64 17 13 65 16 14 66 11 14 67 3 14 68 13 15 69 14 15 70 10 15 71 11 6 72 8 6 73 2 6 74 9 6 75 10 6 76 1 6 77 12 6 78 15 6 79 14 6 80 14 7 81 15 7 82 11 7 83 12 16 84 13 16 85 9 16 86 11 17 87 15 17 88 12 17 89 20 2 90 21 2 91 23 2 92 18 10 93 17 10 94 23 10 95 4 2 96 5 2 97 17 2 98 22 3 99 16 3 100 19 3 101</p>
        </triangles>
      </mesh>
    </geometry>
    <geometry id="Cylinder_020-mesh" name="Cylinder.020">
      <mesh>
        <source id="Cylinder_020-mesh-positions">
          <float_array id="Cylinder_020-mesh-positions-array" count="72">1.718274 4.035402 -2.708467 -1.099277 4.035402 -2.708467 1.718274 -4.03987 -2.708467 -1.099277 -4.03987 -2.708467 1.718275 4.035402 5.366802 -1.099276 4.035402 5.366802 1.718275 -4.03987 5.366802 -1.099276 -4.03987 5.366802 1.718274 -2.410793 -2.708467 1.718274 2.406324 -2.708467 -1.099277 2.406324 -2.708467 -1.099277 -2.410793 -2.708467 1.718274 -2.410793 -4.995352 1.718274 2.406324 -4.995352 -1.099277 2.406324 -4.995352 -1.099277 -2.410793 -4.995352 -1.099276 -2.529187 5.366802 -1.099276 2.652501 5.366802 1.718275 2.652501 5.366802 1.718275 -2.529187 5.366802 1.718275 -2.529187 2.705421 1.718275 2.652501 2.705421 -1.099276 -2.529187 2.705421 -1.099276 2.652501 2.705421</float_array>
          <technique_common>
            <accessor source="#Cylinder_020-mesh-positions-array" count="24" stride="3">
              <param name="X" type="float"/>
              <param name="Y" type="float"/>
              <param name="Z" type="float"/>
            </accessor>
          </technique_common>
        </source>
        <source id="Cylinder_020-mesh-normals">
          <float_array id="Cylinder_020-mesh-normals-array" count="51">-1 0 0 0 -1 0 0 0 1 0 1 0 -1 0 0 0 0 -1 -1 0 0 1 0 -2.08509e-7 0 -1 0 0 -1 0 -1 0 0 0 1 0 -1 0 0 -1 0 0 0 1 0 -1 0 0 1 0 -2.08509e-7</float_array>
          <technique_common>
            <accessor source="#Cylinder_020-mesh-normals-array" count="17" stride="3">
              <param name="X" type="float"/>
              <param name="Y" type="float"/>
              <param name="Z" type="float"/>
            </accessor>
          </technique_common>
        </source>
        <source id="Cylinder_020-mesh-map-0">
          <float_array id="Cylinder_020-mesh-map-0-array" count="204">0.3228586 0.5414348 0.3020274 0.5044202 0.3020274 0.5405469 0.6681672 0.9104181 0.6893165 0.9415138 0.6893165 0.9104181 0.37636 0.969778 0.3876917 0.9909842 0.3876917 0.96978 0.7255086 0.9104181 0.7043817 0.9415138 0.7255086 0.9415138 0.4847222 0.5462807 0.4950854 0.5151849 0.4847222 0.5151849 0.9179021 0.9301905 0.9292229 0.9612863 0.9292229 0.9301905 0.9822271 0.831435 0.9910264 0.8525784 0.9910264 0.831435 0.977254 0.7180793 0.9894574 0.7392801 0.9894574 0.718076 0.09625041 0.9696516 0.1084539 0.9908524 0.1084538 0.9696483 0.4918651 0.9015372 0.4706776 0.9376448 0.4918651 0.9376506 0.293228 0.5044201 0.3020274 0.5405469 0.3020274 0.5044202 0.07792443 0.9578504 0.06912505 0.9220058 0.06912505 0.9578504 0.9910264 0.7951923 0.9822271 0.816358 0.9910264 0.816358 0.7039129 0.2082737 0.7251005 0.2471682 0.7251005 0.2082698 0.8656257 0.9924287 0.8553855 0.971263 0.8553855 0.9924287 0.8861979 0.9712555 0.8965711 0.9924615 0.8965711 0.9712574 0.9822271 0.7801152 0.9924674 0.7589718 0.9822271 0.7589718 0.3228586 0.5414348 0.3228586 0.5025739 0.3020274 0.5044202 0.6681672 0.9104181 0.6681672 0.9415138 0.6893165 0.9415138 0.37636 0.969778 0.3763599 0.9909821 0.3876917 0.9909842 0.7255086 0.9104181 0.7043817 0.9104181 0.7043817 0.9415138 0.4847222 0.5462807 0.4969303 0.5462807 0.4950854 0.5151849 0.9179021 0.9301905 0.9170149 0.9612863 0.9292229 0.9612863 0.9822271 0.831435 0.9822271 0.8525784 0.9910264 0.8525784 0.977254 0.7180793 0.9772539 0.7392835 0.9894574 0.7392801 0.09625041 0.9696516 0.09625035 0.9908558 0.1084539 0.9908524 0.4918651 0.9015372 0.4706776 0.9015315 0.4706776 0.9376448 0.293228 0.5044201 0.293228 0.5405469 0.3020274 0.5405469 0.07792443 0.9578504 0.07792443 0.9220058 0.06912505 0.9220058 0.9910264 0.7951923 0.9822271 0.7951923 0.9822271 0.816358 0.7039129 0.2082737 0.7039129 0.2471721 0.7251005 0.2471682 0.8656257 0.9924287 0.8656257 0.9712629 0.8553855 0.971263 0.8861979 0.9712555 0.886198 0.9924596 0.8965711 0.9924615 0.9822271 0.7801152 0.9924674 0.7801152 0.9924674 0.7589718</float_array>
          <technique_common>
            <accessor source="#Cylinder_020-mesh-map-0-array" count="102" stride="2">
              <param name="S" type="float"/>
              <param name="T" type="float"/>
            </accessor>
          </technique_common>
        </source>
        <vertices id="Cylinder_020-mesh-vertices">
          <input semantic="POSITION" source="#Cylinder_020-mesh-positions"/>
        </vertices>
        <triangles material="Material_001-material" count="34">
          <input semantic="VERTEX" source="#Cylinder_020-mesh-vertices" offset="0"/>
          <input semantic="NORMAL" source="#Cylinder_020-mesh-normals" offset="1"/>
          <input semantic="TEXCOORD" source="#Cylinder_020-mesh-map-0" offset="2" set="0"/>
          <p>22 0 0 10 0 1 11 0 2 2 1 3 7 1 4 3 1 5 19 2 6 7 2 7 6 2 8 0 3 9 5 3 10 4 3 11 1 4 12 17 4 13 5 4 14 16 4 15 3 4 16 7 4 17 13 3 18 10 3 19 9 3 20 11 5 21 2 5 22 3 5 23 9 5 24 1 5 25 0 5 26 12 5 27 14 5 28 13 5 29 14 6 30 11 6 31 10 6 32 12 7 33 9 7 34 8 7 35 11 8 36 12 8 37 8 8 38 20 2 39 23 2 40 22 2 41 18 9 42 23 9 43 21 9 44 4 2 45 17 2 46 18 2 47 22 3 48 19 3 49 20 3 50 22 10 51 23 10 52 10 10 53 2 9 54 6 9 55 7 9 56 19 2 57 16 2 58 7 2 59 0 11 60 1 11 61 5 11 62 1 12 63 10 12 64 17 12 65 16 13 66 11 13 67 3 13 68 13 14 69 14 14 70 10 14 71 11 5 72 8 5 73 2 5 74 9 5 75 10 5 76 1 5 77 12 5 78 15 5 79 14 5 80 14 15 81 15 15 82 11 15 83 12 16 84 13 16 85 9 16 86 11 9 87 15 9 88 12 9 89 20 2 90 21 2 91 23 2 92 18 9 93 17 9 94 23 9 95 4 2 96 5 2 97 17 2 98 22 3 99 16 3 100 19 3 101</p>
        </triangles>
      </mesh>
    </geometry>
    <geometry id="Cylinder_023-mesh" name="Cylinder.023">
      <mesh>
        <source id="Cylinder_023-mesh-positions">
          <float_array id="Cylinder_023-mesh-positions-array" count="198">-5.377676 -1.069688 -1.084316 -5.377676 -1.069689 0.2952341 -5.065659 -2.098267 -1.084315 -5.065659 -2.098267 0.2952342 -4.558972 -3.046211 -1.084315 -4.558972 -3.046211 0.2952342 -3.174099 -3.174099 -1.084315 -3.174099 -3.174099 1.084315 -4.488854 0 -1.084316 -4.488854 0 1.084315 0 0 1.084315 0 0 -1.084316 -1.069688 -5.377676 -1.084315 -1.069688 -5.377676 0.2952343 -2.098268 -5.065659 -1.084315 -2.098268 -5.065659 0.2952343 -3.046211 -4.558972 -1.084315 -3.046211 -4.558972 0.2952343 0 -4.488854 -1.084315 0 -4.488854 1.084316 -5.377676 1.069688 -1.084316 -5.377676 1.069688 0.2952341 -5.065659 2.098267 -1.084316 -5.065659 2.098267 0.295234 -4.558972 3.046211 -1.084316 -4.558972 3.046211 0.295234 -3.174099 3.174099 -1.084316 -3.174099 3.174099 1.084315 5.377676 -1.069688 -1.084316 5.377676 -1.069689 0.2952341 -3.046211 4.558972 0.2952339 -3.046211 4.558972 -1.084316 -1.069688 5.377676 -1.084316 -1.069688 5.377676 0.2952339 -2.098268 5.065659 -1.084316 -2.098268 5.065659 0.2952339 0 4.488854 -1.084316 0 4.488854 1.084315 5.065659 -2.098267 -1.084315 5.065659 -2.098267 0.2952342 4.558972 -3.046211 -1.084315 4.558972 -3.046211 0.2952342 3.174099 -3.174099 -1.084315 3.174099 -3.174099 1.084315 4.488854 0 -1.084316 4.488854 0 1.084315 1.069688 -5.377676 -1.084315 1.069688 -5.377676 0.2952343 2.098268 -5.065659 -1.084315 2.098268 -5.065659 0.2952343 3.046211 -4.558972 -1.084315 3.046211 -4.558972 0.2952343 5.377676 1.069688 -1.084316 5.377676 1.069688 0.2952341 5.065659 2.098267 -1.084316 5.065659 2.098267 0.295234 4.558972 3.046211 -1.084316 4.558972 3.046211 0.295234 3.174099 3.174099 -1.084316 3.174099 3.174099 1.084315 3.046211 4.558972 0.2952339 3.046211 4.558972 -1.084316 1.069688 5.377676 -1.084316 1.069688 5.377676 0.2952339 2.098268 5.065659 -1.084316 2.098268 5.065659 0.2952339</float_array>
          <technique_common>
            <accessor source="#Cylinder_023-mesh-positions-array" count="66" stride="3">
              <param name="X" type="float"/>
              <param name="Y" type="float"/>
              <param name="Z" type="float"/>
            </accessor>
          </technique_common>
        </source>
        <source id="Cylinder_023-mesh-normals">
          <float_array id="Cylinder_023-mesh-normals-array" count="198">-0.4707878 0 -0.8822466 -0.9202591 0.1176838 0.3731943 -0.5393949 0 0.8420529 -0.6724823 -0.2785453 -0.6856969 -0.7733943 0.1562902 -0.6143572 -0.4363648 -0.6573856 -0.6143534 -0.8146226 -0.337422 0.4717376 -0.3328776 -0.3328776 -0.8822614 -0.5674774 -0.7339606 0.3731909 -0.381401 -0.381401 0.8420609 0 -0.4707878 -0.8822466 0.1176838 -0.9202591 0.3731943 0.1562902 -0.7733943 -0.6143572 -0.2785453 -0.6724823 -0.6856969 -0.337422 -0.8146226 0.4717376 -0.6573856 -0.4363648 -0.6143534 -0.7339606 -0.5674774 0.3731909 0 -0.5393949 0.8420529 -0.5674774 0.7339606 0.3731909 -0.3328776 0.3328776 -0.8822614 -0.4363648 0.6573856 -0.6143534 -0.6724823 0.2785453 -0.6856969 -0.9202591 -0.1176838 0.3731943 -0.7733943 -0.1562902 -0.6143572 -0.8146226 0.337422 0.4717376 -0.381401 0.381401 0.8420609 -0.6573856 0.4363648 -0.6143534 -0.337422 0.8146226 0.4717376 -0.2785453 0.6724823 -0.6856969 0 0.4707878 -0.8822466 0.1176838 0.9202591 0.3731943 0 0.5393949 0.8420529 0.1562902 0.7733943 -0.6143572 -0.7339606 0.5674774 0.3731909 0.4707878 0 -0.8822466 0.9202591 0.1176838 0.3731943 0.7733943 0.1562902 -0.6143572 0.6724823 -0.2785453 -0.6856969 0.8146226 -0.337422 0.4717376 0.4363648 -0.6573856 -0.6143534 0.5674774 -0.7339606 0.3731909 0.3328776 -0.3328776 -0.8822614 0.381401 -0.381401 0.8420609 0.5393949 0 0.8420529 -0.1176838 -0.9202591 0.3731943 0.2785453 -0.6724823 -0.6856969 -0.1562902 -0.7733943 -0.6143572 0.6573856 -0.4363648 -0.6143534 0.337422 -0.8146226 0.4717376 0.7339606 -0.5674774 0.3731909 0.3328776 0.3328776 -0.8822614 0.5674774 0.7339606 0.3731909 0.4363648 0.6573856 -0.6143534 0.6724823 0.2785453 -0.6856969 0.9202591 -0.1176838 0.3731943 0.7733943 -0.1562902 -0.6143572 0.8146226 0.337422 0.4717376 0.381401 0.381401 0.8420609 0.337422 0.8146226 0.4717376 0.6573856 0.4363648 -0.6143534 0.2785453 0.6724823 -0.6856969 -0.1176838 0.9202591 0.3731943 -0.1562902 0.7733943 -0.6143572 0.7339606 0.5674774 0.3731909 0 0 1 0 0 -1</float_array>
          <technique_common>
            <accessor source="#Cylinder_023-mesh-normals-array" count="66" stride="3">
              <param name="X" type="float"/>
              <param name="Y" type="float"/>
              <param name="Z" type="float"/>
            </accessor>
          </technique_common>
        </source>
        <source id="Cylinder_023-mesh-map-0">
          <float_array id="Cylinder_023-mesh-map-0-array" count="768">0.2269006 0.05565196 0.2353196 0.1122514 0.2269006 0.1066085 0.2389015 0.05000907 0.2353196 0.1122514 0.2353196 0.05000913 0.2424834 0.05000907 0.2389015 0.1122514 0.2389015 0.05000907 0.2509025 0.05565196 0.2424834 0.1122514 0.2424834 0.05000907 0.2700226 0.07479029 0.2567877 0.07900542 0.2509025 0.06711798 0.2700226 0.06375318 0.2759078 0.05186581 0.2891429 0.05608087 0.2269006 0.05565196 0.2353196 0.1122514 0.2353196 0.05000913 0.2353196 0.1122514 0.2389015 0.05000907 0.2353196 0.05000913 0.2389015 0.1122514 0.2424834 0.05000907 0.2389015 0.05000907 0.2424834 0.1122514 0.2509025 0.05565196 0.2424834 0.05000907 0.2509025 0.06711798 0.2567877 0.07900542 0.2700226 0.07479029 0.2759078 0.05186581 0.2701976 0.05478668 0.2700226 0.06375318 0.2424834 0.1122514 0.2509025 0.05565196 0.2424834 0.05000907 0.2759078 0.05186581 0.2701976 0.05478668 0.2700226 0.06375318 0.2269006 0.05565196 0.2353196 0.1122514 0.2353196 0.05000913 0.2353196 0.05000913 0.2389015 0.1122514 0.2389015 0.05000907 0.2509025 0.06711798 0.2567877 0.07900542 0.2700226 0.07479029 0.2389015 0.1122514 0.2424834 0.05000907 0.2389015 0.05000907 0.2424834 0.05000907 0.2389015 0.1122514 0.2389015 0.05000907 0.2269006 0.05565196 0.2353196 0.1122514 0.2269006 0.1066085 0.2700226 0.07479029 0.2567877 0.07900542 0.2509025 0.06711798 0.2389015 0.05000907 0.2353196 0.1122514 0.2353196 0.05000913 0.2700226 0.06375318 0.2759078 0.05186581 0.2891429 0.05608087 0.2509025 0.05565196 0.2424834 0.1122514 0.2424834 0.05000907 0.2269006 0.05565196 0.2353196 0.1122514 0.2353196 0.05000913 0.2353196 0.1122514 0.2389015 0.05000907 0.2353196 0.05000913 0.2389015 0.1122514 0.2424834 0.05000907 0.2389015 0.05000907 0.2424834 0.1122514 0.2509025 0.05565196 0.2424834 0.05000907 0.2509025 0.06711798 0.2567877 0.07900542 0.2700226 0.07479029 0.2759078 0.05186581 0.2701976 0.05478668 0.2700226 0.06375318 0.2269006 0.05565196 0.2353196 0.1122514 0.2269006 0.1066085 0.2389015 0.05000907 0.2353196 0.1122514 0.2353196 0.05000913 0.2424834 0.05000907 0.2389015 0.1122514 0.2389015 0.05000907 0.2509025 0.05565196 0.2424834 0.1122514 0.2424834 0.05000907 0.2700226 0.07479029 0.2567877 0.07900542 0.2509025 0.06711798 0.2700226 0.06375318 0.2759078 0.05186581 0.2891429 0.05608087 0.2509025 0.05565196 0.2424834 0.1122514 0.2424834 0.05000907 0.2700226 0.06375318 0.2759078 0.05186581 0.2891429 0.05608087 0.2269006 0.05565196 0.2353196 0.1122514 0.2269006 0.1066085 0.2353196 0.05000913 0.2389015 0.1122514 0.2353196 0.1122514 0.2700226 0.07479029 0.2567877 0.07900542 0.2509025 0.06711798 0.2424834 0.05000907 0.2389015 0.1122514 0.2389015 0.05000907 0.2389015 0.1122514 0.2424834 0.05000907 0.2389015 0.05000907 0.2269006 0.05565196 0.2353196 0.1122514 0.2353196 0.05000913 0.2509025 0.06711798 0.2567877 0.07900542 0.2700226 0.07479029 0.2353196 0.1122514 0.2389015 0.05000907 0.2353196 0.05000913 0.2759078 0.05186581 0.2701976 0.05478668 0.2700226 0.06375318 0.2424834 0.1122514 0.2509025 0.05565196 0.2424834 0.05000907 0.2269006 0.05565196 0.2353196 0.05000913 0.2353196 0.1122514 0.2389015 0.05000907 0.2389015 0.1122514 0.2353196 0.1122514 0.2424834 0.05000907 0.2424834 0.1122514 0.2389015 0.1122514 0.2509025 0.05565196 0.2509025 0.1066085 0.2424834 0.1122514 0.2509025 0.06711798 0.2700226 0.05000907 0.2700226 0.07479029 0.2700226 0.07479029 0.2629836 0.0808621 0.2567877 0.07900542 0.2567877 0.07900542 0.2510774 0.07608449 0.2509025 0.06711798 0.2821038 0.05000907 0.2891429 0.05608087 0.2759078 0.05186581 0.2891429 0.05608087 0.2891429 0.08086204 0.2700226 0.06375318 0.2700226 0.06375318 0.2701976 0.05478668 0.2759078 0.05186581 0.2269006 0.05565196 0.2269006 0.1066085 0.2353196 0.1122514 0.2353196 0.1122514 0.2389015 0.1122514 0.2389015 0.05000907 0.2389015 0.1122514 0.2424834 0.1122514 0.2424834 0.05000907 0.2424834 0.1122514 0.2509025 0.1066085 0.2509025 0.05565196 0.2700226 0.07479029 0.2700226 0.05000907 0.2509025 0.06711798 0.2509025 0.06711798 0.2510774 0.07608449 0.2567877 0.07900542 0.2567877 0.07900542 0.2629836 0.0808621 0.2700226 0.07479029 0.2891429 0.08086204 0.2891429 0.05608087 0.2700226 0.06375318 0.2891429 0.05608087 0.2821038 0.05000907 0.2759078 0.05186581 0.2700226 0.06375318 0.2891429 0.05608087 0.2759078 0.05186581 0.2424834 0.1122514 0.2509025 0.1066085 0.2509025 0.05565196 0.2891429 0.08086204 0.2891429 0.05608087 0.2700226 0.06375318 0.2891429 0.05608087 0.2821038 0.05000907 0.2759078 0.05186581 0.2700226 0.06375318 0.2891429 0.05608087 0.2759078 0.05186581 0.2269006 0.05565196 0.2269006 0.1066085 0.2353196 0.1122514 0.2353196 0.05000913 0.2353196 0.1122514 0.2389015 0.1122514 0.2700226 0.07479029 0.2700226 0.05000907 0.2509025 0.06711798 0.2509025 0.06711798 0.2510774 0.07608449 0.2567877 0.07900542 0.2567877 0.07900542 0.2629836 0.0808621 0.2700226 0.07479029 0.2389015 0.1122514 0.2424834 0.1122514 0.2424834 0.05000907 0.2424834 0.05000907 0.2424834 0.1122514 0.2389015 0.1122514 0.2269006 0.05565196 0.2353196 0.05000913 0.2353196 0.1122514 0.2509025 0.06711798 0.2700226 0.05000907 0.2700226 0.07479029 0.2700226 0.07479029 0.2629836 0.0808621 0.2567877 0.07900542 0.2567877 0.07900542 0.2510774 0.07608449 0.2509025 0.06711798 0.2389015 0.05000907 0.2389015 0.1122514 0.2353196 0.1122514 0.2821038 0.05000907 0.2891429 0.05608087 0.2759078 0.05186581 0.2891429 0.05608087 0.2891429 0.08086204 0.2700226 0.06375318 0.2700226 0.06375318 0.2701976 0.05478668 0.2759078 0.05186581 0.2509025 0.05565196 0.2509025 0.1066085 0.2424834 0.1122514 0.2269006 0.05565196 0.2269006 0.1066085 0.2353196 0.1122514 0.2353196 0.1122514 0.2389015 0.1122514 0.2389015 0.05000907 0.2389015 0.1122514 0.2424834 0.1122514 0.2424834 0.05000907 0.2424834 0.1122514 0.2509025 0.1066085 0.2509025 0.05565196 0.2700226 0.07479029 0.2700226 0.05000907 0.2509025 0.06711798 0.2509025 0.06711798 0.2510774 0.07608449 0.2567877 0.07900542 0.2567877 0.07900542 0.2629836 0.0808621 0.2700226 0.07479029 0.2891429 0.08086204 0.2891429 0.05608087 0.2700226 0.06375318 0.2891429 0.05608087 0.2821038 0.05000907 0.2759078 0.05186581 0.2700226 0.06375318 0.2891429 0.05608087 0.2759078 0.05186581 0.2269006 0.05565196 0.2353196 0.05000913 0.2353196 0.1122514 0.2389015 0.05000907 0.2389015 0.1122514 0.2353196 0.1122514 0.2424834 0.05000907 0.2424834 0.1122514 0.2389015 0.1122514 0.2509025 0.05565196 0.2509025 0.1066085 0.2424834 0.1122514 0.2509025 0.06711798 0.2700226 0.05000907 0.2700226 0.07479029 0.2700226 0.07479029 0.2629836 0.0808621 0.2567877 0.07900542 0.2567877 0.07900542 0.2510774 0.07608449 0.2509025 0.06711798 0.2821038 0.05000907 0.2891429 0.05608087 0.2759078 0.05186581 0.2891429 0.05608087 0.2891429 0.08086204 0.2700226 0.06375318 0.2700226 0.06375318 0.2701976 0.05478668 0.2759078 0.05186581 0.2509025 0.05565196 0.2509025 0.1066085 0.2424834 0.1122514 0.2821038 0.05000907 0.2891429 0.05608087 0.2759078 0.05186581 0.2891429 0.05608087 0.2891429 0.08086204 0.2700226 0.06375318 0.2700226 0.06375318 0.2701976 0.05478668 0.2759078 0.05186581 0.2269006 0.05565196 0.2353196 0.05000913 0.2353196 0.1122514 0.2353196 0.05000913 0.2389015 0.05000907 0.2389015 0.1122514 0.2509025 0.06711798 0.2700226 0.05000907 0.2700226 0.07479029 0.2700226 0.07479029 0.2629836 0.0808621 0.2567877 0.07900542 0.2567877 0.07900542 0.2510774 0.07608449 0.2509025 0.06711798 0.2424834 0.05000907 0.2424834 0.1122514 0.2389015 0.1122514 0.2389015 0.1122514 0.2424834 0.1122514 0.2424834 0.05000907 0.2269006 0.05565196 0.2269006 0.1066085 0.2353196 0.1122514 0.2700226 0.07479029 0.2700226 0.05000907 0.2509025 0.06711798 0.2509025 0.06711798 0.2510774 0.07608449 0.2567877 0.07900542 0.2567877 0.07900542 0.2629836 0.0808621 0.2700226 0.07479029 0.2353196 0.1122514 0.2389015 0.1122514 0.2389015 0.05000907 0.2891429 0.08086204 0.2891429 0.05608087 0.2700226 0.06375318 0.2891429 0.05608087 0.2821038 0.05000907 0.2759078 0.05186581 0.2700226 0.06375318 0.2891429 0.05608087 0.2759078 0.05186581 0.2424834 0.1122514 0.2509025 0.1066085 0.2509025 0.05565196</float_array>
          <technique_common>
            <accessor source="#Cylinder_023-mesh-map-0-array" count="384" stride="2">
              <param name="S" type="float"/>
              <param name="T" type="float"/>
            </accessor>
          </technique_common>
        </source>
        <vertices id="Cylinder_023-mesh-vertices">
          <input semantic="POSITION" source="#Cylinder_023-mesh-positions"/>
        </vertices>
        <triangles material="Material_001-material" count="128">
          <input semantic="VERTEX" source="#Cylinder_023-mesh-vertices" offset="0"/>
          <input semantic="NORMAL" source="#Cylinder_023-mesh-normals" offset="1"/>
          <input semantic="TEXCOORD" source="#Cylinder_023-mesh-map-0" offset="2" set="0"/>
          <p>8 0 0 1 1 1 9 2 2 2 3 3 1 1 4 0 4 5 4 5 6 3 6 7 2 3 8 6 7 9 5 8 10 4 5 11 9 2 12 3 6 13 7 9 14 6 7 15 2 3 16 8 0 17 18 10 18 13 11 19 12 12 20 13 11 21 14 13 22 12 12 23 15 14 24 16 15 25 14 13 26 17 16 27 6 7 28 16 15 29 7 9 30 15 14 31 19 17 32 14 13 33 16 15 34 6 7 35 25 18 36 26 19 37 24 20 38 22 21 39 24 20 40 26 19 41 8 0 42 21 22 43 20 23 44 20 23 45 23 24 46 22 21 47 27 25 48 23 24 49 9 2 50 23 24 51 24 20 52 22 21 53 31 26 54 35 27 55 34 28 56 36 29 57 33 30 58 37 31 59 37 31 60 35 27 61 27 25 62 34 28 63 33 30 64 32 32 65 26 19 66 34 28 67 36 29 68 26 19 69 30 33 70 31 26 71 44 34 72 29 35 73 28 36 74 29 35 75 38 37 76 28 36 77 39 38 78 40 39 79 38 37 80 41 40 81 42 41 82 40 39 83 43 42 84 39 38 85 45 43 86 38 37 87 40 39 88 42 41 89 18 10 90 47 44 91 19 17 92 48 45 93 47 44 94 46 46 95 50 47 96 49 48 97 48 45 98 42 41 99 51 49 100 50 47 101 19 17 102 49 48 103 43 42 104 42 41 105 48 45 106 18 10 107 58 50 108 57 51 109 56 52 110 58 50 111 54 53 112 44 34 113 44 34 114 53 54 115 45 43 116 52 55 117 55 56 118 53 54 119 45 43 120 55 56 121 59 57 122 56 52 123 55 56 124 54 53 125 65 58 126 61 59 127 64 60 128 36 29 129 63 61 130 62 62 131 59 57 132 65 58 133 37 31 134 63 61 135 64 60 136 62 62 137 64 60 138 61 59 139 58 50 140 60 63 141 58 50 142 61 59 143 8 0 144 0 4 145 1 1 146 2 3 147 3 6 148 1 1 149 4 5 150 5 8 151 3 6 152 6 7 153 7 9 154 5 8 155 7 9 156 10 64 157 9 2 158 9 2 159 1 1 160 3 6 161 3 6 162 5 8 163 7 9 164 0 4 165 8 0 166 2 3 167 8 0 168 11 65 169 6 7 170 6 7 171 4 5 172 2 3 173 18 10 174 19 17 175 13 11 176 13 11 177 15 14 178 14 13 179 15 14 180 17 16 181 16 15 182 17 16 183 7 9 184 6 7 185 19 17 186 10 64 187 7 9 188 7 9 189 17 16 190 15 14 191 15 14 192 13 11 193 19 17 194 11 65 195 18 10 196 6 7 197 18 10 198 12 12 199 14 13 200 6 7 201 18 10 202 14 13 203 25 18 204 27 25 205 26 19 206 11 65 207 8 0 208 26 19 209 8 0 210 20 23 211 22 21 212 26 19 213 8 0 214 22 21 215 8 0 216 9 2 217 21 22 218 20 23 219 21 22 220 23 24 221 9 2 222 10 64 223 27 25 224 27 25 225 25 18 226 23 24 227 23 24 228 21 22 229 9 2 230 23 24 231 25 18 232 24 20 233 31 26 234 30 33 235 35 27 236 36 29 237 32 32 238 33 30 239 27 25 240 10 64 241 37 31 242 37 31 243 33 30 244 35 27 245 35 27 246 30 33 247 27 25 248 34 28 249 35 27 250 33 30 251 32 32 252 36 29 253 34 28 254 36 29 255 11 65 256 26 19 257 26 19 258 31 26 259 34 28 260 26 19 261 27 25 262 30 33 263 44 34 264 45 43 265 29 35 266 29 35 267 39 38 268 38 37 269 39 38 270 41 40 271 40 39 272 41 40 273 43 42 274 42 41 275 45 43 276 10 64 277 43 42 278 43 42 279 41 40 280 39 38 281 39 38 282 29 35 283 45 43 284 11 65 285 44 34 286 42 41 287 44 34 288 28 36 289 38 37 290 42 41 291 44 34 292 38 37 293 18 10 294 46 46 295 47 44 296 48 45 297 49 48 298 47 44 299 50 47 300 51 49 301 49 48 302 42 41 303 43 42 304 51 49 305 43 42 306 10 64 307 19 17 308 19 17 309 47 44 310 49 48 311 49 48 312 51 49 313 43 42 314 46 46 315 18 10 316 48 45 317 18 10 318 11 65 319 42 41 320 42 41 321 50 47 322 48 45 323 58 50 324 59 57 325 57 51 326 52 55 327 44 34 328 54 53 329 44 34 330 11 65 331 58 50 332 58 50 333 56 52 334 54 53 335 44 34 336 52 55 337 53 54 338 52 55 339 54 53 340 55 56 341 59 57 342 10 64 343 45 43 344 45 43 345 53 54 346 55 56 347 55 56 348 57 51 349 59 57 350 56 52 351 57 51 352 55 56 353 65 58 354 60 63 355 61 59 356 36 29 357 37 31 358 63 61 359 37 31 360 10 64 361 59 57 362 59 57 363 60 63 364 65 58 365 65 58 366 63 61 367 37 31 368 63 61 369 65 58 370 64 60 371 11 65 372 36 29 373 58 50 374 36 29 375 62 62 376 64 60 377 58 50 378 36 29 379 64 60 380 60 63 381 59 57 382 58 50 383</p>
        </triangles>
      </mesh>
    </geometry>
    <geometry id="Cylinder_030-mesh" name="Cylinder.030">
      <mesh>
        <source id="Cylinder_030-mesh-positions">
          <float_array id="Cylinder_030-mesh-positions-array" count="198">-3.46309 -0.688853 -0.6982725 -3.46309 -0.688853 0.1901235 -3.262159 -1.351232 -0.6982724 -3.262159 -1.351232 0.1901236 -2.935865 -1.961685 -0.6982724 -2.935865 -1.961685 0.1901236 -2.044041 -2.044041 -0.6982724 -2.044041 -2.044041 0.6982724 -2.890711 0 -0.6982725 -2.890711 0 0.6982724 0 0 0.6982724 0 0 -0.6982725 -0.688853 -3.46309 -0.6982724 -0.688853 -3.46309 0.1901236 -1.351233 -3.262159 -0.6982724 -1.351233 -3.262159 0.1901236 -1.961685 -2.935865 -0.6982724 -1.961685 -2.935865 0.1901236 0 -2.890711 -0.6982724 0 -2.890711 0.6982725 -3.46309 0.688853 -0.6982725 -3.46309 0.688853 0.1901235 -3.262159 1.351232 -0.6982725 -3.262159 1.351232 0.1901234 -2.935865 1.961685 -0.6982725 -2.935865 1.961685 0.1901234 -2.044041 2.044041 -0.6982725 -2.044041 2.044041 0.6982723 3.46309 -0.688853 -0.6982725 3.46309 -0.688853 0.1901235 -1.961685 2.935865 0.1901233 -1.961685 2.935865 -0.6982727 -0.688853 3.46309 -0.6982727 -0.688853 3.46309 0.1901233 -1.351233 3.262159 -0.6982727 -1.351233 3.262159 0.1901233 0 2.890711 -0.6982727 0 2.890711 0.6982722 3.262159 -1.351232 -0.6982724 3.262159 -1.351232 0.1901236 2.935865 -1.961685 -0.6982724 2.935865 -1.961685 0.1901236 2.044041 -2.044041 -0.6982724 2.044041 -2.044041 0.6982724 2.890711 0 -0.6982725 2.890711 0 0.6982724 0.688853 -3.46309 -0.6982724 0.688853 -3.46309 0.1901236 1.351233 -3.262159 -0.6982724 1.351233 -3.262159 0.1901236 1.961685 -2.935865 -0.6982724 1.961685 -2.935865 0.1901236 3.46309 0.688853 -0.6982725 3.46309 0.688853 0.1901235 3.262159 1.351232 -0.6982725 3.262159 1.351232 0.1901234 2.935865 1.961685 -0.6982725 2.935865 1.961685 0.1901234 2.044041 2.044041 -0.6982725 2.044041 2.044041 0.6982723 1.961685 2.935865 0.1901233 1.961685 2.935865 -0.6982727 0.688853 3.46309 -0.6982727 0.688853 3.46309 0.1901233 1.351233 3.262159 -0.6982727 1.351233 3.262159 0.1901233</float_array>
          <technique_common>
            <accessor source="#Cylinder_030-mesh-positions-array" count="66" stride="3">
              <param name="X" type="float"/>
              <param name="Y" type="float"/>
              <param name="Z" type="float"/>
            </accessor>
          </technique_common>
        </source>
        <source id="Cylinder_030-mesh-normals">
          <float_array id="Cylinder_030-mesh-normals-array" count="198">-0.4707878 0 -0.8822466 -0.9202591 0.1176838 0.3731943 -0.5393949 0 0.8420529 -0.6724823 -0.2785453 -0.6856969 -0.7733943 0.1562902 -0.6143572 -0.4363648 -0.6573856 -0.6143534 -0.8146226 -0.337422 0.4717376 -0.3328776 -0.3328776 -0.8822614 -0.5674774 -0.7339606 0.3731909 -0.381401 -0.381401 0.8420609 0 -0.4707878 -0.8822466 0.1176838 -0.9202591 0.3731943 0.1562902 -0.7733943 -0.6143572 -0.2785453 -0.6724823 -0.6856969 -0.337422 -0.8146226 0.4717376 -0.6573856 -0.4363648 -0.6143534 -0.7339606 -0.5674774 0.3731909 0 -0.5393949 0.8420529 -0.5674774 0.7339606 0.3731909 -0.3328776 0.3328776 -0.8822614 -0.4363648 0.6573856 -0.6143534 -0.6724823 0.2785453 -0.6856969 -0.9202591 -0.1176838 0.3731943 -0.7733943 -0.1562902 -0.6143572 -0.8146226 0.337422 0.4717376 -0.381401 0.381401 0.8420609 -0.6573856 0.4363648 -0.6143534 -0.337422 0.8146226 0.4717376 -0.2785453 0.6724823 -0.6856969 0 0.4707878 -0.8822466 0.1176838 0.9202591 0.3731943 0 0.5393949 0.8420529 0.1562902 0.7733943 -0.6143572 -0.7339606 0.5674774 0.3731909 0.4707878 0 -0.8822466 0.9202591 0.1176838 0.3731943 0.7733943 0.1562902 -0.6143572 0.6724823 -0.2785453 -0.6856969 0.8146226 -0.337422 0.4717376 0.4363648 -0.6573856 -0.6143534 0.5674774 -0.7339606 0.3731909 0.3328776 -0.3328776 -0.8822614 0.381401 -0.381401 0.8420609 0.5393949 0 0.8420529 -0.1176838 -0.9202591 0.3731943 0.2785453 -0.6724823 -0.6856969 -0.1562902 -0.7733943 -0.6143572 0.6573856 -0.4363648 -0.6143534 0.337422 -0.8146226 0.4717376 0.7339606 -0.5674774 0.3731909 0.3328776 0.3328776 -0.8822614 0.5674774 0.7339606 0.3731909 0.4363648 0.6573856 -0.6143534 0.6724823 0.2785453 -0.6856969 0.9202591 -0.1176838 0.3731943 0.7733943 -0.1562902 -0.6143572 0.8146226 0.337422 0.4717376 0.381401 0.381401 0.8420609 0.337422 0.8146226 0.4717376 0.6573856 0.4363648 -0.6143534 0.2785453 0.6724823 -0.6856969 -0.1176838 0.9202591 0.3731943 -0.1562902 0.7733943 -0.6143572 0.7339606 0.5674774 0.3731909 0 0 1 0 0 -1</float_array>
          <technique_common>
            <accessor source="#Cylinder_030-mesh-normals-array" count="66" stride="3">
              <param name="X" type="float"/>
              <param name="Y" type="float"/>
              <param name="Z" type="float"/>
            </accessor>
          </technique_common>
        </source>
        <source id="Cylinder_030-mesh-map-0">
          <float_array id="Cylinder_030-mesh-map-0-array" count="768">0.2269006 0.05565196 0.2353196 0.1122514 0.2269006 0.1066085 0.2389015 0.05000907 0.2353196 0.1122514 0.2353196 0.05000913 0.2424834 0.05000907 0.2389015 0.1122514 0.2389015 0.05000907 0.2509025 0.05565196 0.2424834 0.1122514 0.2424834 0.05000907 0.2700226 0.07479029 0.2567877 0.07900542 0.2509025 0.06711798 0.2700226 0.06375318 0.2759078 0.05186581 0.2891429 0.05608087 0.2269006 0.05565196 0.2353196 0.1122514 0.2353196 0.05000913 0.2353196 0.1122514 0.2389015 0.05000907 0.2353196 0.05000913 0.2389015 0.1122514 0.2424834 0.05000907 0.2389015 0.05000907 0.2424834 0.1122514 0.2509025 0.05565196 0.2424834 0.05000907 0.2509025 0.06711798 0.2567877 0.07900542 0.2700226 0.07479029 0.2759078 0.05186581 0.2701976 0.05478668 0.2700226 0.06375318 0.2424834 0.1122514 0.2509025 0.05565196 0.2424834 0.05000907 0.2759078 0.05186581 0.2701976 0.05478668 0.2700226 0.06375318 0.2269006 0.05565196 0.2353196 0.1122514 0.2353196 0.05000913 0.2353196 0.05000913 0.2389015 0.1122514 0.2389015 0.05000907 0.2509025 0.06711798 0.2567877 0.07900542 0.2700226 0.07479029 0.2389015 0.1122514 0.2424834 0.05000907 0.2389015 0.05000907 0.2424834 0.05000907 0.2389015 0.1122514 0.2389015 0.05000907 0.2269006 0.05565196 0.2353196 0.1122514 0.2269006 0.1066085 0.2700226 0.07479029 0.2567877 0.07900542 0.2509025 0.06711798 0.2389015 0.05000907 0.2353196 0.1122514 0.2353196 0.05000913 0.2700226 0.06375318 0.2759078 0.05186581 0.2891429 0.05608087 0.2509025 0.05565196 0.2424834 0.1122514 0.2424834 0.05000907 0.2269006 0.05565196 0.2353196 0.1122514 0.2353196 0.05000913 0.2353196 0.1122514 0.2389015 0.05000907 0.2353196 0.05000913 0.2389015 0.1122514 0.2424834 0.05000907 0.2389015 0.05000907 0.2424834 0.1122514 0.2509025 0.05565196 0.2424834 0.05000907 0.2509025 0.06711798 0.2567877 0.07900542 0.2700226 0.07479029 0.2759078 0.05186581 0.2701976 0.05478668 0.2700226 0.06375318 0.2269006 0.05565196 0.2353196 0.1122514 0.2269006 0.1066085 0.2389015 0.05000907 0.2353196 0.1122514 0.2353196 0.05000913 0.2424834 0.05000907 0.2389015 0.1122514 0.2389015 0.05000907 0.2509025 0.05565196 0.2424834 0.1122514 0.2424834 0.05000907 0.2700226 0.07479029 0.2567877 0.07900542 0.2509025 0.06711798 0.2700226 0.06375318 0.2759078 0.05186581 0.2891429 0.05608087 0.2509025 0.05565196 0.2424834 0.1122514 0.2424834 0.05000907 0.2700226 0.06375318 0.2759078 0.05186581 0.2891429 0.05608087 0.2269006 0.05565196 0.2353196 0.1122514 0.2269006 0.1066085 0.2353196 0.05000913 0.2389015 0.1122514 0.2353196 0.1122514 0.2700226 0.07479029 0.2567877 0.07900542 0.2509025 0.06711798 0.2424834 0.05000907 0.2389015 0.1122514 0.2389015 0.05000907 0.2389015 0.1122514 0.2424834 0.05000907 0.2389015 0.05000907 0.2269006 0.05565196 0.2353196 0.1122514 0.2353196 0.05000913 0.2509025 0.06711798 0.2567877 0.07900542 0.2700226 0.07479029 0.2353196 0.1122514 0.2389015 0.05000907 0.2353196 0.05000913 0.2759078 0.05186581 0.2701976 0.05478668 0.2700226 0.06375318 0.2424834 0.1122514 0.2509025 0.05565196 0.2424834 0.05000907 0.2269006 0.05565196 0.2353196 0.05000913 0.2353196 0.1122514 0.2389015 0.05000907 0.2389015 0.1122514 0.2353196 0.1122514 0.2424834 0.05000907 0.2424834 0.1122514 0.2389015 0.1122514 0.2509025 0.05565196 0.2509025 0.1066085 0.2424834 0.1122514 0.2509025 0.06711798 0.2700226 0.05000907 0.2700226 0.07479029 0.2700226 0.07479029 0.2629836 0.0808621 0.2567877 0.07900542 0.2567877 0.07900542 0.2510774 0.07608449 0.2509025 0.06711798 0.2821038 0.05000907 0.2891429 0.05608087 0.2759078 0.05186581 0.2891429 0.05608087 0.2891429 0.08086204 0.2700226 0.06375318 0.2700226 0.06375318 0.2701976 0.05478668 0.2759078 0.05186581 0.2269006 0.05565196 0.2269006 0.1066085 0.2353196 0.1122514 0.2353196 0.1122514 0.2389015 0.1122514 0.2389015 0.05000907 0.2389015 0.1122514 0.2424834 0.1122514 0.2424834 0.05000907 0.2424834 0.1122514 0.2509025 0.1066085 0.2509025 0.05565196 0.2700226 0.07479029 0.2700226 0.05000907 0.2509025 0.06711798 0.2509025 0.06711798 0.2510774 0.07608449 0.2567877 0.07900542 0.2567877 0.07900542 0.2629836 0.0808621 0.2700226 0.07479029 0.2891429 0.08086204 0.2891429 0.05608087 0.2700226 0.06375318 0.2891429 0.05608087 0.2821038 0.05000907 0.2759078 0.05186581 0.2700226 0.06375318 0.2891429 0.05608087 0.2759078 0.05186581 0.2424834 0.1122514 0.2509025 0.1066085 0.2509025 0.05565196 0.2891429 0.08086204 0.2891429 0.05608087 0.2700226 0.06375318 0.2891429 0.05608087 0.2821038 0.05000907 0.2759078 0.05186581 0.2700226 0.06375318 0.2891429 0.05608087 0.2759078 0.05186581 0.2269006 0.05565196 0.2269006 0.1066085 0.2353196 0.1122514 0.2353196 0.05000913 0.2353196 0.1122514 0.2389015 0.1122514 0.2700226 0.07479029 0.2700226 0.05000907 0.2509025 0.06711798 0.2509025 0.06711798 0.2510774 0.07608449 0.2567877 0.07900542 0.2567877 0.07900542 0.2629836 0.0808621 0.2700226 0.07479029 0.2389015 0.1122514 0.2424834 0.1122514 0.2424834 0.05000907 0.2424834 0.05000907 0.2424834 0.1122514 0.2389015 0.1122514 0.2269006 0.05565196 0.2353196 0.05000913 0.2353196 0.1122514 0.2509025 0.06711798 0.2700226 0.05000907 0.2700226 0.07479029 0.2700226 0.07479029 0.2629836 0.0808621 0.2567877 0.07900542 0.2567877 0.07900542 0.2510774 0.07608449 0.2509025 0.06711798 0.2389015 0.05000907 0.2389015 0.1122514 0.2353196 0.1122514 0.2821038 0.05000907 0.2891429 0.05608087 0.2759078 0.05186581 0.2891429 0.05608087 0.2891429 0.08086204 0.2700226 0.06375318 0.2700226 0.06375318 0.2701976 0.05478668 0.2759078 0.05186581 0.2509025 0.05565196 0.2509025 0.1066085 0.2424834 0.1122514 0.2269006 0.05565196 0.2269006 0.1066085 0.2353196 0.1122514 0.2353196 0.1122514 0.2389015 0.1122514 0.2389015 0.05000907 0.2389015 0.1122514 0.2424834 0.1122514 0.2424834 0.05000907 0.2424834 0.1122514 0.2509025 0.1066085 0.2509025 0.05565196 0.2700226 0.07479029 0.2700226 0.05000907 0.2509025 0.06711798 0.2509025 0.06711798 0.2510774 0.07608449 0.2567877 0.07900542 0.2567877 0.07900542 0.2629836 0.0808621 0.2700226 0.07479029 0.2891429 0.08086204 0.2891429 0.05608087 0.2700226 0.06375318 0.2891429 0.05608087 0.2821038 0.05000907 0.2759078 0.05186581 0.2700226 0.06375318 0.2891429 0.05608087 0.2759078 0.05186581 0.2269006 0.05565196 0.2353196 0.05000913 0.2353196 0.1122514 0.2389015 0.05000907 0.2389015 0.1122514 0.2353196 0.1122514 0.2424834 0.05000907 0.2424834 0.1122514 0.2389015 0.1122514 0.2509025 0.05565196 0.2509025 0.1066085 0.2424834 0.1122514 0.2509025 0.06711798 0.2700226 0.05000907 0.2700226 0.07479029 0.2700226 0.07479029 0.2629836 0.0808621 0.2567877 0.07900542 0.2567877 0.07900542 0.2510774 0.07608449 0.2509025 0.06711798 0.2821038 0.05000907 0.2891429 0.05608087 0.2759078 0.05186581 0.2891429 0.05608087 0.2891429 0.08086204 0.2700226 0.06375318 0.2700226 0.06375318 0.2701976 0.05478668 0.2759078 0.05186581 0.2509025 0.05565196 0.2509025 0.1066085 0.2424834 0.1122514 0.2821038 0.05000907 0.2891429 0.05608087 0.2759078 0.05186581 0.2891429 0.05608087 0.2891429 0.08086204 0.2700226 0.06375318 0.2700226 0.06375318 0.2701976 0.05478668 0.2759078 0.05186581 0.2269006 0.05565196 0.2353196 0.05000913 0.2353196 0.1122514 0.2353196 0.05000913 0.2389015 0.05000907 0.2389015 0.1122514 0.2509025 0.06711798 0.2700226 0.05000907 0.2700226 0.07479029 0.2700226 0.07479029 0.2629836 0.0808621 0.2567877 0.07900542 0.2567877 0.07900542 0.2510774 0.07608449 0.2509025 0.06711798 0.2424834 0.05000907 0.2424834 0.1122514 0.2389015 0.1122514 0.2389015 0.1122514 0.2424834 0.1122514 0.2424834 0.05000907 0.2269006 0.05565196 0.2269006 0.1066085 0.2353196 0.1122514 0.2700226 0.07479029 0.2700226 0.05000907 0.2509025 0.06711798 0.2509025 0.06711798 0.2510774 0.07608449 0.2567877 0.07900542 0.2567877 0.07900542 0.2629836 0.0808621 0.2700226 0.07479029 0.2353196 0.1122514 0.2389015 0.1122514 0.2389015 0.05000907 0.2891429 0.08086204 0.2891429 0.05608087 0.2700226 0.06375318 0.2891429 0.05608087 0.2821038 0.05000907 0.2759078 0.05186581 0.2700226 0.06375318 0.2891429 0.05608087 0.2759078 0.05186581 0.2424834 0.1122514 0.2509025 0.1066085 0.2509025 0.05565196</float_array>
          <technique_common>
            <accessor source="#Cylinder_030-mesh-map-0-array" count="384" stride="2">
              <param name="S" type="float"/>
              <param name="T" type="float"/>
            </accessor>
          </technique_common>
        </source>
        <vertices id="Cylinder_030-mesh-vertices">
          <input semantic="POSITION" source="#Cylinder_030-mesh-positions"/>
        </vertices>
        <triangles material="Material_001-material" count="128">
          <input semantic="VERTEX" source="#Cylinder_030-mesh-vertices" offset="0"/>
          <input semantic="NORMAL" source="#Cylinder_030-mesh-normals" offset="1"/>
          <input semantic="TEXCOORD" source="#Cylinder_030-mesh-map-0" offset="2" set="0"/>
          <p>8 0 0 1 1 1 9 2 2 2 3 3 1 1 4 0 4 5 4 5 6 3 6 7 2 3 8 6 7 9 5 8 10 4 5 11 9 2 12 3 6 13 7 9 14 6 7 15 2 3 16 8 0 17 18 10 18 13 11 19 12 12 20 13 11 21 14 13 22 12 12 23 15 14 24 16 15 25 14 13 26 17 16 27 6 7 28 16 15 29 7 9 30 15 14 31 19 17 32 14 13 33 16 15 34 6 7 35 25 18 36 26 19 37 24 20 38 22 21 39 24 20 40 26 19 41 8 0 42 21 22 43 20 23 44 20 23 45 23 24 46 22 21 47 27 25 48 23 24 49 9 2 50 23 24 51 24 20 52 22 21 53 31 26 54 35 27 55 34 28 56 36 29 57 33 30 58 37 31 59 37 31 60 35 27 61 27 25 62 34 28 63 33 30 64 32 32 65 26 19 66 34 28 67 36 29 68 26 19 69 30 33 70 31 26 71 44 34 72 29 35 73 28 36 74 29 35 75 38 37 76 28 36 77 39 38 78 40 39 79 38 37 80 41 40 81 42 41 82 40 39 83 43 42 84 39 38 85 45 43 86 38 37 87 40 39 88 42 41 89 18 10 90 47 44 91 19 17 92 48 45 93 47 44 94 46 46 95 50 47 96 49 48 97 48 45 98 42 41 99 51 49 100 50 47 101 19 17 102 49 48 103 43 42 104 42 41 105 48 45 106 18 10 107 58 50 108 57 51 109 56 52 110 58 50 111 54 53 112 44 34 113 44 34 114 53 54 115 45 43 116 52 55 117 55 56 118 53 54 119 45 43 120 55 56 121 59 57 122 56 52 123 55 56 124 54 53 125 65 58 126 61 59 127 64 60 128 36 29 129 63 61 130 62 62 131 59 57 132 65 58 133 37 31 134 63 61 135 64 60 136 62 62 137 64 60 138 61 59 139 58 50 140 60 63 141 58 50 142 61 59 143 8 0 144 0 4 145 1 1 146 2 3 147 3 6 148 1 1 149 4 5 150 5 8 151 3 6 152 6 7 153 7 9 154 5 8 155 7 9 156 10 64 157 9 2 158 9 2 159 1 1 160 3 6 161 3 6 162 5 8 163 7 9 164 0 4 165 8 0 166 2 3 167 8 0 168 11 65 169 6 7 170 6 7 171 4 5 172 2 3 173 18 10 174 19 17 175 13 11 176 13 11 177 15 14 178 14 13 179 15 14 180 17 16 181 16 15 182 17 16 183 7 9 184 6 7 185 19 17 186 10 64 187 7 9 188 7 9 189 17 16 190 15 14 191 15 14 192 13 11 193 19 17 194 11 65 195 18 10 196 6 7 197 18 10 198 12 12 199 14 13 200 6 7 201 18 10 202 14 13 203 25 18 204 27 25 205 26 19 206 11 65 207 8 0 208 26 19 209 8 0 210 20 23 211 22 21 212 26 19 213 8 0 214 22 21 215 8 0 216 9 2 217 21 22 218 20 23 219 21 22 220 23 24 221 9 2 222 10 64 223 27 25 224 27 25 225 25 18 226 23 24 227 23 24 228 21 22 229 9 2 230 23 24 231 25 18 232 24 20 233 31 26 234 30 33 235 35 27 236 36 29 237 32 32 238 33 30 239 27 25 240 10 64 241 37 31 242 37 31 243 33 30 244 35 27 245 35 27 246 30 33 247 27 25 248 34 28 249 35 27 250 33 30 251 32 32 252 36 29 253 34 28 254 36 29 255 11 65 256 26 19 257 26 19 258 31 26 259 34 28 260 26 19 261 27 25 262 30 33 263 44 34 264 45 43 265 29 35 266 29 35 267 39 38 268 38 37 269 39 38 270 41 40 271 40 39 272 41 40 273 43 42 274 42 41 275 45 43 276 10 64 277 43 42 278 43 42 279 41 40 280 39 38 281 39 38 282 29 35 283 45 43 284 11 65 285 44 34 286 42 41 287 44 34 288 28 36 289 38 37 290 42 41 291 44 34 292 38 37 293 18 10 294 46 46 295 47 44 296 48 45 297 49 48 298 47 44 299 50 47 300 51 49 301 49 48 302 42 41 303 43 42 304 51 49 305 43 42 306 10 64 307 19 17 308 19 17 309 47 44 310 49 48 311 49 48 312 51 49 313 43 42 314 46 46 315 18 10 316 48 45 317 18 10 318 11 65 319 42 41 320 42 41 321 50 47 322 48 45 323 58 50 324 59 57 325 57 51 326 52 55 327 44 34 328 54 53 329 44 34 330 11 65 331 58 50 332 58 50 333 56 52 334 54 53 335 44 34 336 52 55 337 53 54 338 52 55 339 54 53 340 55 56 341 59 57 342 10 64 343 45 43 344 45 43 345 53 54 346 55 56 347 55 56 348 57 51 349 59 57 350 56 52 351 57 51 352 55 56 353 65 58 354 60 63 355 61 59 356 36 29 357 37 31 358 63 61 359 37 31 360 10 64 361 59 57 362 59 57 363 60 63 364 65 58 365 65 58 366 63 61 367 37 31 368 63 61 369 65 58 370 64 60 371 11 65 372 36 29 373 58 50 374 36 29 375 62 62 376 64 60 377 58 50 378 36 29 379 64 60 380 60 63 381 59 57 382 58 50 383</p>
        </triangles>
      </mesh>
    </geometry>
    <geometry id="Cylinder_031-mesh" name="Cylinder.031">
      <mesh>
        <source id="Cylinder_031-mesh-positions">
          <float_array id="Cylinder_031-mesh-positions-array" count="198">-2.066564 -0.4110659 -0.4166869 -2.066564 -0.4110659 0.1134542 -1.94666 -0.8063341 -0.4166868 -1.94666 -0.8063341 0.1134542 -1.751948 -1.170615 -0.4166868 -1.751948 -1.170615 0.1134542 -1.219761 -1.219761 -0.4166868 -1.219761 -1.219761 0.4166868 -1.725002 0 -0.4166869 -1.725002 0 0.4166868 0 0 0.4166868 0 0 -0.4166869 -0.4110659 -2.066564 -0.4166868 -0.4110659 -2.066564 0.1134543 -0.8063342 -1.94666 -0.4166868 -0.8063342 -1.94666 0.1134543 -1.170615 -1.751948 -0.4166868 -1.170615 -1.751948 0.1134543 0 -1.725002 -0.4166868 0 -1.725002 0.4166869 -2.066564 0.4110659 -0.4166869 -2.066564 0.4110659 0.1134542 -1.94666 0.8063341 -0.4166869 -1.94666 0.8063341 0.1134542 -1.751948 1.170615 -0.4166869 -1.751948 1.170615 0.1134542 -1.219761 1.219761 -0.4166869 -1.219761 1.219761 0.4166868 2.066564 -0.4110659 -0.4166869 2.066564 -0.4110659 0.1134542 -1.170615 1.751948 0.1134541 -1.170615 1.751948 -0.416687 -0.4110659 2.066564 -0.416687 -0.4110659 2.066564 0.1134541 -0.8063342 1.94666 -0.416687 -0.8063342 1.94666 0.1134541 0 1.725002 -0.416687 0 1.725002 0.4166867 1.94666 -0.8063341 -0.4166868 1.94666 -0.8063341 0.1134542 1.751948 -1.170615 -0.4166868 1.751948 -1.170615 0.1134542 1.219761 -1.219761 -0.4166868 1.219761 -1.219761 0.4166868 1.725002 0 -0.4166869 1.725002 0 0.4166868 0.4110659 -2.066564 -0.4166868 0.4110659 -2.066564 0.1134543 0.8063342 -1.94666 -0.4166868 0.8063342 -1.94666 0.1134543 1.170615 -1.751948 -0.4166868 1.170615 -1.751948 0.1134543 2.066564 0.4110659 -0.4166869 2.066564 0.4110659 0.1134542 1.94666 0.8063341 -0.4166869 1.94666 0.8063341 0.1134542 1.751948 1.170615 -0.4166869 1.751948 1.170615 0.1134542 1.219761 1.219761 -0.4166869 1.219761 1.219761 0.4166868 1.170615 1.751948 0.1134541 1.170615 1.751948 -0.416687 0.4110659 2.066564 -0.416687 0.4110659 2.066564 0.1134541 0.8063342 1.94666 -0.416687 0.8063342 1.94666 0.1134541</float_array>
          <technique_common>
            <accessor source="#Cylinder_031-mesh-positions-array" count="66" stride="3">
              <param name="X" type="float"/>
              <param name="Y" type="float"/>
              <param name="Z" type="float"/>
            </accessor>
          </technique_common>
        </source>
        <source id="Cylinder_031-mesh-normals">
          <float_array id="Cylinder_031-mesh-normals-array" count="198">-0.4707878 0 -0.8822466 -0.9202591 0.1176838 0.3731943 -0.5393949 0 0.8420529 -0.6724823 -0.2785453 -0.6856969 -0.7733943 0.1562902 -0.6143572 -0.4363648 -0.6573856 -0.6143534 -0.8146226 -0.337422 0.4717376 -0.3328776 -0.3328776 -0.8822614 -0.5674774 -0.7339606 0.3731909 -0.381401 -0.381401 0.8420609 0 -0.4707878 -0.8822466 0.1176838 -0.9202591 0.3731943 0.1562902 -0.7733943 -0.6143572 -0.2785453 -0.6724823 -0.6856969 -0.337422 -0.8146226 0.4717376 -0.6573856 -0.4363648 -0.6143534 -0.7339606 -0.5674774 0.3731909 0 -0.5393949 0.8420529 -0.5674774 0.7339606 0.3731909 -0.3328776 0.3328776 -0.8822614 -0.4363648 0.6573856 -0.6143534 -0.6724823 0.2785453 -0.6856969 -0.9202591 -0.1176838 0.3731943 -0.7733943 -0.1562902 -0.6143572 -0.8146226 0.337422 0.4717376 -0.381401 0.381401 0.8420609 -0.6573856 0.4363648 -0.6143534 -0.337422 0.8146226 0.4717376 -0.2785453 0.6724823 -0.6856969 0 0.4707878 -0.8822466 0.1176838 0.9202591 0.3731943 0 0.5393949 0.8420529 0.1562902 0.7733943 -0.6143572 -0.7339606 0.5674774 0.3731909 0.4707878 0 -0.8822466 0.9202591 0.1176838 0.3731943 0.7733943 0.1562902 -0.6143572 0.6724823 -0.2785453 -0.6856969 0.8146226 -0.337422 0.4717376 0.4363648 -0.6573856 -0.6143534 0.5674774 -0.7339606 0.3731909 0.3328776 -0.3328776 -0.8822614 0.381401 -0.381401 0.8420609 0.5393949 0 0.8420529 -0.1176838 -0.9202591 0.3731943 0.2785453 -0.6724823 -0.6856969 -0.1562902 -0.7733943 -0.6143572 0.6573856 -0.4363648 -0.6143534 0.337422 -0.8146226 0.4717376 0.7339606 -0.5674774 0.3731909 0.3328776 0.3328776 -0.8822614 0.5674774 0.7339606 0.3731909 0.4363648 0.6573856 -0.6143534 0.6724823 0.2785453 -0.6856969 0.9202591 -0.1176838 0.3731943 0.7733943 -0.1562902 -0.6143572 0.8146226 0.337422 0.4717376 0.381401 0.381401 0.8420609 0.337422 0.8146226 0.4717376 0.6573856 0.4363648 -0.6143534 0.2785453 0.6724823 -0.6856969 -0.1176838 0.9202591 0.3731943 -0.1562902 0.7733943 -0.6143572 0.7339606 0.5674774 0.3731909 0 0 1 0 0 -1</float_array>
          <technique_common>
            <accessor source="#Cylinder_031-mesh-normals-array" count="66" stride="3">
              <param name="X" type="float"/>
              <param name="Y" type="float"/>
              <param name="Z" type="float"/>
            </accessor>
          </technique_common>
        </source>
        <source id="Cylinder_031-mesh-map-0">
          <float_array id="Cylinder_031-mesh-map-0-array" count="768">0.2269006 0.05565196 0.2353196 0.1122514 0.2269006 0.1066085 0.2389015 0.05000907 0.2353196 0.1122514 0.2353196 0.05000913 0.2424834 0.05000907 0.2389015 0.1122514 0.2389015 0.05000907 0.2509025 0.05565196 0.2424834 0.1122514 0.2424834 0.05000907 0.2700226 0.07479029 0.2567877 0.07900542 0.2509025 0.06711798 0.2700226 0.06375318 0.2759078 0.05186581 0.2891429 0.05608087 0.2269006 0.05565196 0.2353196 0.1122514 0.2353196 0.05000913 0.2353196 0.1122514 0.2389015 0.05000907 0.2353196 0.05000913 0.2389015 0.1122514 0.2424834 0.05000907 0.2389015 0.05000907 0.2424834 0.1122514 0.2509025 0.05565196 0.2424834 0.05000907 0.2509025 0.06711798 0.2567877 0.07900542 0.2700226 0.07479029 0.2759078 0.05186581 0.2701976 0.05478668 0.2700226 0.06375318 0.2424834 0.1122514 0.2509025 0.05565196 0.2424834 0.05000907 0.2759078 0.05186581 0.2701976 0.05478668 0.2700226 0.06375318 0.2269006 0.05565196 0.2353196 0.1122514 0.2353196 0.05000913 0.2353196 0.05000913 0.2389015 0.1122514 0.2389015 0.05000907 0.2509025 0.06711798 0.2567877 0.07900542 0.2700226 0.07479029 0.2389015 0.1122514 0.2424834 0.05000907 0.2389015 0.05000907 0.2424834 0.05000907 0.2389015 0.1122514 0.2389015 0.05000907 0.2269006 0.05565196 0.2353196 0.1122514 0.2269006 0.1066085 0.2700226 0.07479029 0.2567877 0.07900542 0.2509025 0.06711798 0.2389015 0.05000907 0.2353196 0.1122514 0.2353196 0.05000913 0.2700226 0.06375318 0.2759078 0.05186581 0.2891429 0.05608087 0.2509025 0.05565196 0.2424834 0.1122514 0.2424834 0.05000907 0.2269006 0.05565196 0.2353196 0.1122514 0.2353196 0.05000913 0.2353196 0.1122514 0.2389015 0.05000907 0.2353196 0.05000913 0.2389015 0.1122514 0.2424834 0.05000907 0.2389015 0.05000907 0.2424834 0.1122514 0.2509025 0.05565196 0.2424834 0.05000907 0.2509025 0.06711798 0.2567877 0.07900542 0.2700226 0.07479029 0.2759078 0.05186581 0.2701976 0.05478668 0.2700226 0.06375318 0.2269006 0.05565196 0.2353196 0.1122514 0.2269006 0.1066085 0.2389015 0.05000907 0.2353196 0.1122514 0.2353196 0.05000913 0.2424834 0.05000907 0.2389015 0.1122514 0.2389015 0.05000907 0.2509025 0.05565196 0.2424834 0.1122514 0.2424834 0.05000907 0.2700226 0.07479029 0.2567877 0.07900542 0.2509025 0.06711798 0.2700226 0.06375318 0.2759078 0.05186581 0.2891429 0.05608087 0.2509025 0.05565196 0.2424834 0.1122514 0.2424834 0.05000907 0.2700226 0.06375318 0.2759078 0.05186581 0.2891429 0.05608087 0.2269006 0.05565196 0.2353196 0.1122514 0.2269006 0.1066085 0.2353196 0.05000913 0.2389015 0.1122514 0.2353196 0.1122514 0.2700226 0.07479029 0.2567877 0.07900542 0.2509025 0.06711798 0.2424834 0.05000907 0.2389015 0.1122514 0.2389015 0.05000907 0.2389015 0.1122514 0.2424834 0.05000907 0.2389015 0.05000907 0.2269006 0.05565196 0.2353196 0.1122514 0.2353196 0.05000913 0.2509025 0.06711798 0.2567877 0.07900542 0.2700226 0.07479029 0.2353196 0.1122514 0.2389015 0.05000907 0.2353196 0.05000913 0.2759078 0.05186581 0.2701976 0.05478668 0.2700226 0.06375318 0.2424834 0.1122514 0.2509025 0.05565196 0.2424834 0.05000907 0.2269006 0.05565196 0.2353196 0.05000913 0.2353196 0.1122514 0.2389015 0.05000907 0.2389015 0.1122514 0.2353196 0.1122514 0.2424834 0.05000907 0.2424834 0.1122514 0.2389015 0.1122514 0.2509025 0.05565196 0.2509025 0.1066085 0.2424834 0.1122514 0.2509025 0.06711798 0.2700226 0.05000907 0.2700226 0.07479029 0.2700226 0.07479029 0.2629836 0.0808621 0.2567877 0.07900542 0.2567877 0.07900542 0.2510774 0.07608449 0.2509025 0.06711798 0.2821038 0.05000907 0.2891429 0.05608087 0.2759078 0.05186581 0.2891429 0.05608087 0.2891429 0.08086204 0.2700226 0.06375318 0.2700226 0.06375318 0.2701976 0.05478668 0.2759078 0.05186581 0.2269006 0.05565196 0.2269006 0.1066085 0.2353196 0.1122514 0.2353196 0.1122514 0.2389015 0.1122514 0.2389015 0.05000907 0.2389015 0.1122514 0.2424834 0.1122514 0.2424834 0.05000907 0.2424834 0.1122514 0.2509025 0.1066085 0.2509025 0.05565196 0.2700226 0.07479029 0.2700226 0.05000907 0.2509025 0.06711798 0.2509025 0.06711798 0.2510774 0.07608449 0.2567877 0.07900542 0.2567877 0.07900542 0.2629836 0.0808621 0.2700226 0.07479029 0.2891429 0.08086204 0.2891429 0.05608087 0.2700226 0.06375318 0.2891429 0.05608087 0.2821038 0.05000907 0.2759078 0.05186581 0.2700226 0.06375318 0.2891429 0.05608087 0.2759078 0.05186581 0.2424834 0.1122514 0.2509025 0.1066085 0.2509025 0.05565196 0.2891429 0.08086204 0.2891429 0.05608087 0.2700226 0.06375318 0.2891429 0.05608087 0.2821038 0.05000907 0.2759078 0.05186581 0.2700226 0.06375318 0.2891429 0.05608087 0.2759078 0.05186581 0.2269006 0.05565196 0.2269006 0.1066085 0.2353196 0.1122514 0.2353196 0.05000913 0.2353196 0.1122514 0.2389015 0.1122514 0.2700226 0.07479029 0.2700226 0.05000907 0.2509025 0.06711798 0.2509025 0.06711798 0.2510774 0.07608449 0.2567877 0.07900542 0.2567877 0.07900542 0.2629836 0.0808621 0.2700226 0.07479029 0.2389015 0.1122514 0.2424834 0.1122514 0.2424834 0.05000907 0.2424834 0.05000907 0.2424834 0.1122514 0.2389015 0.1122514 0.2269006 0.05565196 0.2353196 0.05000913 0.2353196 0.1122514 0.2509025 0.06711798 0.2700226 0.05000907 0.2700226 0.07479029 0.2700226 0.07479029 0.2629836 0.0808621 0.2567877 0.07900542 0.2567877 0.07900542 0.2510774 0.07608449 0.2509025 0.06711798 0.2389015 0.05000907 0.2389015 0.1122514 0.2353196 0.1122514 0.2821038 0.05000907 0.2891429 0.05608087 0.2759078 0.05186581 0.2891429 0.05608087 0.2891429 0.08086204 0.2700226 0.06375318 0.2700226 0.06375318 0.2701976 0.05478668 0.2759078 0.05186581 0.2509025 0.05565196 0.2509025 0.1066085 0.2424834 0.1122514 0.2269006 0.05565196 0.2269006 0.1066085 0.2353196 0.1122514 0.2353196 0.1122514 0.2389015 0.1122514 0.2389015 0.05000907 0.2389015 0.1122514 0.2424834 0.1122514 0.2424834 0.05000907 0.2424834 0.1122514 0.2509025 0.1066085 0.2509025 0.05565196 0.2700226 0.07479029 0.2700226 0.05000907 0.2509025 0.06711798 0.2509025 0.06711798 0.2510774 0.07608449 0.2567877 0.07900542 0.2567877 0.07900542 0.2629836 0.0808621 0.2700226 0.07479029 0.2891429 0.08086204 0.2891429 0.05608087 0.2700226 0.06375318 0.2891429 0.05608087 0.2821038 0.05000907 0.2759078 0.05186581 0.2700226 0.06375318 0.2891429 0.05608087 0.2759078 0.05186581 0.2269006 0.05565196 0.2353196 0.05000913 0.2353196 0.1122514 0.2389015 0.05000907 0.2389015 0.1122514 0.2353196 0.1122514 0.2424834 0.05000907 0.2424834 0.1122514 0.2389015 0.1122514 0.2509025 0.05565196 0.2509025 0.1066085 0.2424834 0.1122514 0.2509025 0.06711798 0.2700226 0.05000907 0.2700226 0.07479029 0.2700226 0.07479029 0.2629836 0.0808621 0.2567877 0.07900542 0.2567877 0.07900542 0.2510774 0.07608449 0.2509025 0.06711798 0.2821038 0.05000907 0.2891429 0.05608087 0.2759078 0.05186581 0.2891429 0.05608087 0.2891429 0.08086204 0.2700226 0.06375318 0.2700226 0.06375318 0.2701976 0.05478668 0.2759078 0.05186581 0.2509025 0.05565196 0.2509025 0.1066085 0.2424834 0.1122514 0.2821038 0.05000907 0.2891429 0.05608087 0.2759078 0.05186581 0.2891429 0.05608087 0.2891429 0.08086204 0.2700226 0.06375318 0.2700226 0.06375318 0.2701976 0.05478668 0.2759078 0.05186581 0.2269006 0.05565196 0.2353196 0.05000913 0.2353196 0.1122514 0.2353196 0.05000913 0.2389015 0.05000907 0.2389015 0.1122514 0.2509025 0.06711798 0.2700226 0.05000907 0.2700226 0.07479029 0.2700226 0.07479029 0.2629836 0.0808621 0.2567877 0.07900542 0.2567877 0.07900542 0.2510774 0.07608449 0.2509025 0.06711798 0.2424834 0.05000907 0.2424834 0.1122514 0.2389015 0.1122514 0.2389015 0.1122514 0.2424834 0.1122514 0.2424834 0.05000907 0.2269006 0.05565196 0.2269006 0.1066085 0.2353196 0.1122514 0.2700226 0.07479029 0.2700226 0.05000907 0.2509025 0.06711798 0.2509025 0.06711798 0.2510774 0.07608449 0.2567877 0.07900542 0.2567877 0.07900542 0.2629836 0.0808621 0.2700226 0.07479029 0.2353196 0.1122514 0.2389015 0.1122514 0.2389015 0.05000907 0.2891429 0.08086204 0.2891429 0.05608087 0.2700226 0.06375318 0.2891429 0.05608087 0.2821038 0.05000907 0.2759078 0.05186581 0.2700226 0.06375318 0.2891429 0.05608087 0.2759078 0.05186581 0.2424834 0.1122514 0.2509025 0.1066085 0.2509025 0.05565196</float_array>
          <technique_common>
            <accessor source="#Cylinder_031-mesh-map-0-array" count="384" stride="2">
              <param name="S" type="float"/>
              <param name="T" type="float"/>
            </accessor>
          </technique_common>
        </source>
        <vertices id="Cylinder_031-mesh-vertices">
          <input semantic="POSITION" source="#Cylinder_031-mesh-positions"/>
        </vertices>
        <triangles material="Material_001-material" count="128">
          <input semantic="VERTEX" source="#Cylinder_031-mesh-vertices" offset="0"/>
          <input semantic="NORMAL" source="#Cylinder_031-mesh-normals" offset="1"/>
          <input semantic="TEXCOORD" source="#Cylinder_031-mesh-map-0" offset="2" set="0"/>
          <p>8 0 0 1 1 1 9 2 2 2 3 3 1 1 4 0 4 5 4 5 6 3 6 7 2 3 8 6 7 9 5 8 10 4 5 11 9 2 12 3 6 13 7 9 14 6 7 15 2 3 16 8 0 17 18 10 18 13 11 19 12 12 20 13 11 21 14 13 22 12 12 23 15 14 24 16 15 25 14 13 26 17 16 27 6 7 28 16 15 29 7 9 30 15 14 31 19 17 32 14 13 33 16 15 34 6 7 35 25 18 36 26 19 37 24 20 38 22 21 39 24 20 40 26 19 41 8 0 42 21 22 43 20 23 44 20 23 45 23 24 46 22 21 47 27 25 48 23 24 49 9 2 50 23 24 51 24 20 52 22 21 53 31 26 54 35 27 55 34 28 56 36 29 57 33 30 58 37 31 59 37 31 60 35 27 61 27 25 62 34 28 63 33 30 64 32 32 65 26 19 66 34 28 67 36 29 68 26 19 69 30 33 70 31 26 71 44 34 72 29 35 73 28 36 74 29 35 75 38 37 76 28 36 77 39 38 78 40 39 79 38 37 80 41 40 81 42 41 82 40 39 83 43 42 84 39 38 85 45 43 86 38 37 87 40 39 88 42 41 89 18 10 90 47 44 91 19 17 92 48 45 93 47 44 94 46 46 95 50 47 96 49 48 97 48 45 98 42 41 99 51 49 100 50 47 101 19 17 102 49 48 103 43 42 104 42 41 105 48 45 106 18 10 107 58 50 108 57 51 109 56 52 110 58 50 111 54 53 112 44 34 113 44 34 114 53 54 115 45 43 116 52 55 117 55 56 118 53 54 119 45 43 120 55 56 121 59 57 122 56 52 123 55 56 124 54 53 125 65 58 126 61 59 127 64 60 128 36 29 129 63 61 130 62 62 131 59 57 132 65 58 133 37 31 134 63 61 135 64 60 136 62 62 137 64 60 138 61 59 139 58 50 140 60 63 141 58 50 142 61 59 143 8 0 144 0 4 145 1 1 146 2 3 147 3 6 148 1 1 149 4 5 150 5 8 151 3 6 152 6 7 153 7 9 154 5 8 155 7 9 156 10 64 157 9 2 158 9 2 159 1 1 160 3 6 161 3 6 162 5 8 163 7 9 164 0 4 165 8 0 166 2 3 167 8 0 168 11 65 169 6 7 170 6 7 171 4 5 172 2 3 173 18 10 174 19 17 175 13 11 176 13 11 177 15 14 178 14 13 179 15 14 180 17 16 181 16 15 182 17 16 183 7 9 184 6 7 185 19 17 186 10 64 187 7 9 188 7 9 189 17 16 190 15 14 191 15 14 192 13 11 193 19 17 194 11 65 195 18 10 196 6 7 197 18 10 198 12 12 199 14 13 200 6 7 201 18 10 202 14 13 203 25 18 204 27 25 205 26 19 206 11 65 207 8 0 208 26 19 209 8 0 210 20 23 211 22 21 212 26 19 213 8 0 214 22 21 215 8 0 216 9 2 217 21 22 218 20 23 219 21 22 220 23 24 221 9 2 222 10 64 223 27 25 224 27 25 225 25 18 226 23 24 227 23 24 228 21 22 229 9 2 230 23 24 231 25 18 232 24 20 233 31 26 234 30 33 235 35 27 236 36 29 237 32 32 238 33 30 239 27 25 240 10 64 241 37 31 242 37 31 243 33 30 244 35 27 245 35 27 246 30 33 247 27 25 248 34 28 249 35 27 250 33 30 251 32 32 252 36 29 253 34 28 254 36 29 255 11 65 256 26 19 257 26 19 258 31 26 259 34 28 260 26 19 261 27 25 262 30 33 263 44 34 264 45 43 265 29 35 266 29 35 267 39 38 268 38 37 269 39 38 270 41 40 271 40 39 272 41 40 273 43 42 274 42 41 275 45 43 276 10 64 277 43 42 278 43 42 279 41 40 280 39 38 281 39 38 282 29 35 283 45 43 284 11 65 285 44 34 286 42 41 287 44 34 288 28 36 289 38 37 290 42 41 291 44 34 292 38 37 293 18 10 294 46 46 295 47 44 296 48 45 297 49 48 298 47 44 299 50 47 300 51 49 301 49 48 302 42 41 303 43 42 304 51 49 305 43 42 306 10 64 307 19 17 308 19 17 309 47 44 310 49 48 311 49 48 312 51 49 313 43 42 314 46 46 315 18 10 316 48 45 317 18 10 318 11 65 319 42 41 320 42 41 321 50 47 322 48 45 323 58 50 324 59 57 325 57 51 326 52 55 327 44 34 328 54 53 329 44 34 330 11 65 331 58 50 332 58 50 333 56 52 334 54 53 335 44 34 336 52 55 337 53 54 338 52 55 339 54 53 340 55 56 341 59 57 342 10 64 343 45 43 344 45 43 345 53 54 346 55 56 347 55 56 348 57 51 349 59 57 350 56 52 351 57 51 352 55 56 353 65 58 354 60 63 355 61 59 356 36 29 357 37 31 358 63 61 359 37 31 360 10 64 361 59 57 362 59 57 363 60 63 364 65 58 365 65 58 366 63 61 367 37 31 368 63 61 369 65 58 370 64 60 371 11 65 372 36 29 373 58 50 374 36 29 375 62 62 376 64 60 377 58 50 378 36 29 379 64 60 380 60 63 381 59 57 382 58 50 383</p>
        </triangles>
      </mesh>
    </geometry>
    <geometry id="Cylinder_032-mesh" name="Cylinder.032">
      <mesh>
        <source id="Cylinder_032-mesh-positions">
          <float_array id="Cylinder_032-mesh-positions-array" count="198">-2.066564 -0.4110659 -0.4166869 -2.066564 -0.4110659 0.1134542 -1.94666 -0.8063341 -0.4166868 -1.94666 -0.8063341 0.1134542 -1.751948 -1.170615 -0.4166868 -1.751948 -1.170615 0.1134542 -1.219761 -1.219761 -0.4166868 -1.219761 -1.219761 0.4166868 -1.725002 0 -0.4166869 -1.725002 0 0.4166868 0 0 0.4166868 0 0 -0.4166869 -0.4110659 -2.066564 -0.4166868 -0.4110659 -2.066564 0.1134543 -0.8063342 -1.94666 -0.4166868 -0.8063342 -1.94666 0.1134543 -1.170615 -1.751948 -0.4166868 -1.170615 -1.751948 0.1134543 0 -1.725002 -0.4166868 0 -1.725002 0.4166869 -2.066564 0.4110659 -0.4166869 -2.066564 0.4110659 0.1134542 -1.94666 0.8063341 -0.4166869 -1.94666 0.8063341 0.1134542 -1.751948 1.170615 -0.4166869 -1.751948 1.170615 0.1134542 -1.219761 1.219761 -0.4166869 -1.219761 1.219761 0.4166868 2.066564 -0.4110659 -0.4166869 2.066564 -0.4110659 0.1134542 -1.170615 1.751948 0.1134541 -1.170615 1.751948 -0.416687 -0.4110659 2.066564 -0.416687 -0.4110659 2.066564 0.1134541 -0.8063342 1.94666 -0.416687 -0.8063342 1.94666 0.1134541 0 1.725002 -0.416687 0 1.725002 0.4166867 1.94666 -0.8063341 -0.4166868 1.94666 -0.8063341 0.1134542 1.751948 -1.170615 -0.4166868 1.751948 -1.170615 0.1134542 1.219761 -1.219761 -0.4166868 1.219761 -1.219761 0.4166868 1.725002 0 -0.4166869 1.725002 0 0.4166868 0.4110659 -2.066564 -0.4166868 0.4110659 -2.066564 0.1134543 0.8063342 -1.94666 -0.4166868 0.8063342 -1.94666 0.1134543 1.170615 -1.751948 -0.4166868 1.170615 -1.751948 0.1134543 2.066564 0.4110659 -0.4166869 2.066564 0.4110659 0.1134542 1.94666 0.8063341 -0.4166869 1.94666 0.8063341 0.1134542 1.751948 1.170615 -0.4166869 1.751948 1.170615 0.1134542 1.219761 1.219761 -0.4166869 1.219761 1.219761 0.4166868 1.170615 1.751948 0.1134541 1.170615 1.751948 -0.416687 0.4110659 2.066564 -0.416687 0.4110659 2.066564 0.1134541 0.8063342 1.94666 -0.416687 0.8063342 1.94666 0.1134541</float_array>
          <technique_common>
            <accessor source="#Cylinder_032-mesh-positions-array" count="66" stride="3">
              <param name="X" type="float"/>
              <param name="Y" type="float"/>
              <param name="Z" type="float"/>
            </accessor>
          </technique_common>
        </source>
        <source id="Cylinder_032-mesh-normals">
          <float_array id="Cylinder_032-mesh-normals-array" count="198">-0.4707878 0 -0.8822466 -0.9202591 0.1176838 0.3731943 -0.5393949 0 0.8420529 -0.6724823 -0.2785453 -0.6856969 -0.7733943 0.1562902 -0.6143572 -0.4363648 -0.6573856 -0.6143534 -0.8146226 -0.337422 0.4717376 -0.3328776 -0.3328776 -0.8822614 -0.5674774 -0.7339606 0.3731909 -0.381401 -0.381401 0.8420609 0 -0.4707878 -0.8822466 0.1176838 -0.9202591 0.3731943 0.1562902 -0.7733943 -0.6143572 -0.2785453 -0.6724823 -0.6856969 -0.337422 -0.8146226 0.4717376 -0.6573856 -0.4363648 -0.6143534 -0.7339606 -0.5674774 0.3731909 0 -0.5393949 0.8420529 -0.5674774 0.7339606 0.3731909 -0.3328776 0.3328776 -0.8822614 -0.4363648 0.6573856 -0.6143534 -0.6724823 0.2785453 -0.6856969 -0.9202591 -0.1176838 0.3731943 -0.7733943 -0.1562902 -0.6143572 -0.8146226 0.337422 0.4717376 -0.381401 0.381401 0.8420609 -0.6573856 0.4363648 -0.6143534 -0.337422 0.8146226 0.4717376 -0.2785453 0.6724823 -0.6856969 0 0.4707878 -0.8822466 0.1176838 0.9202591 0.3731943 0 0.5393949 0.8420529 0.1562902 0.7733943 -0.6143572 -0.7339606 0.5674774 0.3731909 0.4707878 0 -0.8822466 0.9202591 0.1176838 0.3731943 0.7733943 0.1562902 -0.6143572 0.6724823 -0.2785453 -0.6856969 0.8146226 -0.337422 0.4717376 0.4363648 -0.6573856 -0.6143534 0.5674774 -0.7339606 0.3731909 0.3328776 -0.3328776 -0.8822614 0.381401 -0.381401 0.8420609 0.5393949 0 0.8420529 -0.1176838 -0.9202591 0.3731943 0.2785453 -0.6724823 -0.6856969 -0.1562902 -0.7733943 -0.6143572 0.6573856 -0.4363648 -0.6143534 0.337422 -0.8146226 0.4717376 0.7339606 -0.5674774 0.3731909 0.3328776 0.3328776 -0.8822614 0.5674774 0.7339606 0.3731909 0.4363648 0.6573856 -0.6143534 0.6724823 0.2785453 -0.6856969 0.9202591 -0.1176838 0.3731943 0.7733943 -0.1562902 -0.6143572 0.8146226 0.337422 0.4717376 0.381401 0.381401 0.8420609 0.337422 0.8146226 0.4717376 0.6573856 0.4363648 -0.6143534 0.2785453 0.6724823 -0.6856969 -0.1176838 0.9202591 0.3731943 -0.1562902 0.7733943 -0.6143572 0.7339606 0.5674774 0.3731909 0 0 1 0 0 -1</float_array>
          <technique_common>
            <accessor source="#Cylinder_032-mesh-normals-array" count="66" stride="3">
              <param name="X" type="float"/>
              <param name="Y" type="float"/>
              <param name="Z" type="float"/>
            </accessor>
          </technique_common>
        </source>
        <source id="Cylinder_032-mesh-map-0">
          <float_array id="Cylinder_032-mesh-map-0-array" count="768">0.2269006 0.05565196 0.2353196 0.1122514 0.2269006 0.1066085 0.2389015 0.05000907 0.2353196 0.1122514 0.2353196 0.05000913 0.2424834 0.05000907 0.2389015 0.1122514 0.2389015 0.05000907 0.2509025 0.05565196 0.2424834 0.1122514 0.2424834 0.05000907 0.2700226 0.07479029 0.2567877 0.07900542 0.2509025 0.06711798 0.2700226 0.06375318 0.2759078 0.05186581 0.2891429 0.05608087 0.2269006 0.05565196 0.2353196 0.1122514 0.2353196 0.05000913 0.2353196 0.1122514 0.2389015 0.05000907 0.2353196 0.05000913 0.2389015 0.1122514 0.2424834 0.05000907 0.2389015 0.05000907 0.2424834 0.1122514 0.2509025 0.05565196 0.2424834 0.05000907 0.2509025 0.06711798 0.2567877 0.07900542 0.2700226 0.07479029 0.2759078 0.05186581 0.2701976 0.05478668 0.2700226 0.06375318 0.2424834 0.1122514 0.2509025 0.05565196 0.2424834 0.05000907 0.2759078 0.05186581 0.2701976 0.05478668 0.2700226 0.06375318 0.2269006 0.05565196 0.2353196 0.1122514 0.2353196 0.05000913 0.2353196 0.05000913 0.2389015 0.1122514 0.2389015 0.05000907 0.2509025 0.06711798 0.2567877 0.07900542 0.2700226 0.07479029 0.2389015 0.1122514 0.2424834 0.05000907 0.2389015 0.05000907 0.2424834 0.05000907 0.2389015 0.1122514 0.2389015 0.05000907 0.2269006 0.05565196 0.2353196 0.1122514 0.2269006 0.1066085 0.2700226 0.07479029 0.2567877 0.07900542 0.2509025 0.06711798 0.2389015 0.05000907 0.2353196 0.1122514 0.2353196 0.05000913 0.2700226 0.06375318 0.2759078 0.05186581 0.2891429 0.05608087 0.2509025 0.05565196 0.2424834 0.1122514 0.2424834 0.05000907 0.2269006 0.05565196 0.2353196 0.1122514 0.2353196 0.05000913 0.2353196 0.1122514 0.2389015 0.05000907 0.2353196 0.05000913 0.2389015 0.1122514 0.2424834 0.05000907 0.2389015 0.05000907 0.2424834 0.1122514 0.2509025 0.05565196 0.2424834 0.05000907 0.2509025 0.06711798 0.2567877 0.07900542 0.2700226 0.07479029 0.2759078 0.05186581 0.2701976 0.05478668 0.2700226 0.06375318 0.2269006 0.05565196 0.2353196 0.1122514 0.2269006 0.1066085 0.2389015 0.05000907 0.2353196 0.1122514 0.2353196 0.05000913 0.2424834 0.05000907 0.2389015 0.1122514 0.2389015 0.05000907 0.2509025 0.05565196 0.2424834 0.1122514 0.2424834 0.05000907 0.2700226 0.07479029 0.2567877 0.07900542 0.2509025 0.06711798 0.2700226 0.06375318 0.2759078 0.05186581 0.2891429 0.05608087 0.2509025 0.05565196 0.2424834 0.1122514 0.2424834 0.05000907 0.2700226 0.06375318 0.2759078 0.05186581 0.2891429 0.05608087 0.2269006 0.05565196 0.2353196 0.1122514 0.2269006 0.1066085 0.2353196 0.05000913 0.2389015 0.1122514 0.2353196 0.1122514 0.2700226 0.07479029 0.2567877 0.07900542 0.2509025 0.06711798 0.2424834 0.05000907 0.2389015 0.1122514 0.2389015 0.05000907 0.2389015 0.1122514 0.2424834 0.05000907 0.2389015 0.05000907 0.2269006 0.05565196 0.2353196 0.1122514 0.2353196 0.05000913 0.2509025 0.06711798 0.2567877 0.07900542 0.2700226 0.07479029 0.2353196 0.1122514 0.2389015 0.05000907 0.2353196 0.05000913 0.2759078 0.05186581 0.2701976 0.05478668 0.2700226 0.06375318 0.2424834 0.1122514 0.2509025 0.05565196 0.2424834 0.05000907 0.2269006 0.05565196 0.2353196 0.05000913 0.2353196 0.1122514 0.2389015 0.05000907 0.2389015 0.1122514 0.2353196 0.1122514 0.2424834 0.05000907 0.2424834 0.1122514 0.2389015 0.1122514 0.2509025 0.05565196 0.2509025 0.1066085 0.2424834 0.1122514 0.2509025 0.06711798 0.2700226 0.05000907 0.2700226 0.07479029 0.2700226 0.07479029 0.2629836 0.0808621 0.2567877 0.07900542 0.2567877 0.07900542 0.2510774 0.07608449 0.2509025 0.06711798 0.2821038 0.05000907 0.2891429 0.05608087 0.2759078 0.05186581 0.2891429 0.05608087 0.2891429 0.08086204 0.2700226 0.06375318 0.2700226 0.06375318 0.2701976 0.05478668 0.2759078 0.05186581 0.2269006 0.05565196 0.2269006 0.1066085 0.2353196 0.1122514 0.2353196 0.1122514 0.2389015 0.1122514 0.2389015 0.05000907 0.2389015 0.1122514 0.2424834 0.1122514 0.2424834 0.05000907 0.2424834 0.1122514 0.2509025 0.1066085 0.2509025 0.05565196 0.2700226 0.07479029 0.2700226 0.05000907 0.2509025 0.06711798 0.2509025 0.06711798 0.2510774 0.07608449 0.2567877 0.07900542 0.2567877 0.07900542 0.2629836 0.0808621 0.2700226 0.07479029 0.2891429 0.08086204 0.2891429 0.05608087 0.2700226 0.06375318 0.2891429 0.05608087 0.2821038 0.05000907 0.2759078 0.05186581 0.2700226 0.06375318 0.2891429 0.05608087 0.2759078 0.05186581 0.2424834 0.1122514 0.2509025 0.1066085 0.2509025 0.05565196 0.2891429 0.08086204 0.2891429 0.05608087 0.2700226 0.06375318 0.2891429 0.05608087 0.2821038 0.05000907 0.2759078 0.05186581 0.2700226 0.06375318 0.2891429 0.05608087 0.2759078 0.05186581 0.2269006 0.05565196 0.2269006 0.1066085 0.2353196 0.1122514 0.2353196 0.05000913 0.2353196 0.1122514 0.2389015 0.1122514 0.2700226 0.07479029 0.2700226 0.05000907 0.2509025 0.06711798 0.2509025 0.06711798 0.2510774 0.07608449 0.2567877 0.07900542 0.2567877 0.07900542 0.2629836 0.0808621 0.2700226 0.07479029 0.2389015 0.1122514 0.2424834 0.1122514 0.2424834 0.05000907 0.2424834 0.05000907 0.2424834 0.1122514 0.2389015 0.1122514 0.2269006 0.05565196 0.2353196 0.05000913 0.2353196 0.1122514 0.2509025 0.06711798 0.2700226 0.05000907 0.2700226 0.07479029 0.2700226 0.07479029 0.2629836 0.0808621 0.2567877 0.07900542 0.2567877 0.07900542 0.2510774 0.07608449 0.2509025 0.06711798 0.2389015 0.05000907 0.2389015 0.1122514 0.2353196 0.1122514 0.2821038 0.05000907 0.2891429 0.05608087 0.2759078 0.05186581 0.2891429 0.05608087 0.2891429 0.08086204 0.2700226 0.06375318 0.2700226 0.06375318 0.2701976 0.05478668 0.2759078 0.05186581 0.2509025 0.05565196 0.2509025 0.1066085 0.2424834 0.1122514 0.2269006 0.05565196 0.2269006 0.1066085 0.2353196 0.1122514 0.2353196 0.1122514 0.2389015 0.1122514 0.2389015 0.05000907 0.2389015 0.1122514 0.2424834 0.1122514 0.2424834 0.05000907 0.2424834 0.1122514 0.2509025 0.1066085 0.2509025 0.05565196 0.2700226 0.07479029 0.2700226 0.05000907 0.2509025 0.06711798 0.2509025 0.06711798 0.2510774 0.07608449 0.2567877 0.07900542 0.2567877 0.07900542 0.2629836 0.0808621 0.2700226 0.07479029 0.2891429 0.08086204 0.2891429 0.05608087 0.2700226 0.06375318 0.2891429 0.05608087 0.2821038 0.05000907 0.2759078 0.05186581 0.2700226 0.06375318 0.2891429 0.05608087 0.2759078 0.05186581 0.2269006 0.05565196 0.2353196 0.05000913 0.2353196 0.1122514 0.2389015 0.05000907 0.2389015 0.1122514 0.2353196 0.1122514 0.2424834 0.05000907 0.2424834 0.1122514 0.2389015 0.1122514 0.2509025 0.05565196 0.2509025 0.1066085 0.2424834 0.1122514 0.2509025 0.06711798 0.2700226 0.05000907 0.2700226 0.07479029 0.2700226 0.07479029 0.2629836 0.0808621 0.2567877 0.07900542 0.2567877 0.07900542 0.2510774 0.07608449 0.2509025 0.06711798 0.2821038 0.05000907 0.2891429 0.05608087 0.2759078 0.05186581 0.2891429 0.05608087 0.2891429 0.08086204 0.2700226 0.06375318 0.2700226 0.06375318 0.2701976 0.05478668 0.2759078 0.05186581 0.2509025 0.05565196 0.2509025 0.1066085 0.2424834 0.1122514 0.2821038 0.05000907 0.2891429 0.05608087 0.2759078 0.05186581 0.2891429 0.05608087 0.2891429 0.08086204 0.2700226 0.06375318 0.2700226 0.06375318 0.2701976 0.05478668 0.2759078 0.05186581 0.2269006 0.05565196 0.2353196 0.05000913 0.2353196 0.1122514 0.2353196 0.05000913 0.2389015 0.05000907 0.2389015 0.1122514 0.2509025 0.06711798 0.2700226 0.05000907 0.2700226 0.07479029 0.2700226 0.07479029 0.2629836 0.0808621 0.2567877 0.07900542 0.2567877 0.07900542 0.2510774 0.07608449 0.2509025 0.06711798 0.2424834 0.05000907 0.2424834 0.1122514 0.2389015 0.1122514 0.2389015 0.1122514 0.2424834 0.1122514 0.2424834 0.05000907 0.2269006 0.05565196 0.2269006 0.1066085 0.2353196 0.1122514 0.2700226 0.07479029 0.2700226 0.05000907 0.2509025 0.06711798 0.2509025 0.06711798 0.2510774 0.07608449 0.2567877 0.07900542 0.2567877 0.07900542 0.2629836 0.0808621 0.2700226 0.07479029 0.2353196 0.1122514 0.2389015 0.1122514 0.2389015 0.05000907 0.2891429 0.08086204 0.2891429 0.05608087 0.2700226 0.06375318 0.2891429 0.05608087 0.2821038 0.05000907 0.2759078 0.05186581 0.2700226 0.06375318 0.2891429 0.05608087 0.2759078 0.05186581 0.2424834 0.1122514 0.2509025 0.1066085 0.2509025 0.05565196</float_array>
          <technique_common>
            <accessor source="#Cylinder_032-mesh-map-0-array" count="384" stride="2">
              <param name="S" type="float"/>
              <param name="T" type="float"/>
            </accessor>
          </technique_common>
        </source>
        <vertices id="Cylinder_032-mesh-vertices">
          <input semantic="POSITION" source="#Cylinder_032-mesh-positions"/>
        </vertices>
        <triangles material="Material_001-material" count="128">
          <input semantic="VERTEX" source="#Cylinder_032-mesh-vertices" offset="0"/>
          <input semantic="NORMAL" source="#Cylinder_032-mesh-normals" offset="1"/>
          <input semantic="TEXCOORD" source="#Cylinder_032-mesh-map-0" offset="2" set="0"/>
          <p>8 0 0 1 1 1 9 2 2 2 3 3 1 1 4 0 4 5 4 5 6 3 6 7 2 3 8 6 7 9 5 8 10 4 5 11 9 2 12 3 6 13 7 9 14 6 7 15 2 3 16 8 0 17 18 10 18 13 11 19 12 12 20 13 11 21 14 13 22 12 12 23 15 14 24 16 15 25 14 13 26 17 16 27 6 7 28 16 15 29 7 9 30 15 14 31 19 17 32 14 13 33 16 15 34 6 7 35 25 18 36 26 19 37 24 20 38 22 21 39 24 20 40 26 19 41 8 0 42 21 22 43 20 23 44 20 23 45 23 24 46 22 21 47 27 25 48 23 24 49 9 2 50 23 24 51 24 20 52 22 21 53 31 26 54 35 27 55 34 28 56 36 29 57 33 30 58 37 31 59 37 31 60 35 27 61 27 25 62 34 28 63 33 30 64 32 32 65 26 19 66 34 28 67 36 29 68 26 19 69 30 33 70 31 26 71 44 34 72 29 35 73 28 36 74 29 35 75 38 37 76 28 36 77 39 38 78 40 39 79 38 37 80 41 40 81 42 41 82 40 39 83 43 42 84 39 38 85 45 43 86 38 37 87 40 39 88 42 41 89 18 10 90 47 44 91 19 17 92 48 45 93 47 44 94 46 46 95 50 47 96 49 48 97 48 45 98 42 41 99 51 49 100 50 47 101 19 17 102 49 48 103 43 42 104 42 41 105 48 45 106 18 10 107 58 50 108 57 51 109 56 52 110 58 50 111 54 53 112 44 34 113 44 34 114 53 54 115 45 43 116 52 55 117 55 56 118 53 54 119 45 43 120 55 56 121 59 57 122 56 52 123 55 56 124 54 53 125 65 58 126 61 59 127 64 60 128 36 29 129 63 61 130 62 62 131 59 57 132 65 58 133 37 31 134 63 61 135 64 60 136 62 62 137 64 60 138 61 59 139 58 50 140 60 63 141 58 50 142 61 59 143 8 0 144 0 4 145 1 1 146 2 3 147 3 6 148 1 1 149 4 5 150 5 8 151 3 6 152 6 7 153 7 9 154 5 8 155 7 9 156 10 64 157 9 2 158 9 2 159 1 1 160 3 6 161 3 6 162 5 8 163 7 9 164 0 4 165 8 0 166 2 3 167 8 0 168 11 65 169 6 7 170 6 7 171 4 5 172 2 3 173 18 10 174 19 17 175 13 11 176 13 11 177 15 14 178 14 13 179 15 14 180 17 16 181 16 15 182 17 16 183 7 9 184 6 7 185 19 17 186 10 64 187 7 9 188 7 9 189 17 16 190 15 14 191 15 14 192 13 11 193 19 17 194 11 65 195 18 10 196 6 7 197 18 10 198 12 12 199 14 13 200 6 7 201 18 10 202 14 13 203 25 18 204 27 25 205 26 19 206 11 65 207 8 0 208 26 19 209 8 0 210 20 23 211 22 21 212 26 19 213 8 0 214 22 21 215 8 0 216 9 2 217 21 22 218 20 23 219 21 22 220 23 24 221 9 2 222 10 64 223 27 25 224 27 25 225 25 18 226 23 24 227 23 24 228 21 22 229 9 2 230 23 24 231 25 18 232 24 20 233 31 26 234 30 33 235 35 27 236 36 29 237 32 32 238 33 30 239 27 25 240 10 64 241 37 31 242 37 31 243 33 30 244 35 27 245 35 27 246 30 33 247 27 25 248 34 28 249 35 27 250 33 30 251 32 32 252 36 29 253 34 28 254 36 29 255 11 65 256 26 19 257 26 19 258 31 26 259 34 28 260 26 19 261 27 25 262 30 33 263 44 34 264 45 43 265 29 35 266 29 35 267 39 38 268 38 37 269 39 38 270 41 40 271 40 39 272 41 40 273 43 42 274 42 41 275 45 43 276 10 64 277 43 42 278 43 42 279 41 40 280 39 38 281 39 38 282 29 35 283 45 43 284 11 65 285 44 34 286 42 41 287 44 34 288 28 36 289 38 37 290 42 41 291 44 34 292 38 37 293 18 10 294 46 46 295 47 44 296 48 45 297 49 48 298 47 44 299 50 47 300 51 49 301 49 48 302 42 41 303 43 42 304 51 49 305 43 42 306 10 64 307 19 17 308 19 17 309 47 44 310 49 48 311 49 48 312 51 49 313 43 42 314 46 46 315 18 10 316 48 45 317 18 10 318 11 65 319 42 41 320 42 41 321 50 47 322 48 45 323 58 50 324 59 57 325 57 51 326 52 55 327 44 34 328 54 53 329 44 34 330 11 65 331 58 50 332 58 50 333 56 52 334 54 53 335 44 34 336 52 55 337 53 54 338 52 55 339 54 53 340 55 56 341 59 57 342 10 64 343 45 43 344 45 43 345 53 54 346 55 56 347 55 56 348 57 51 349 59 57 350 56 52 351 57 51 352 55 56 353 65 58 354 60 63 355 61 59 356 36 29 357 37 31 358 63 61 359 37 31 360 10 64 361 59 57 362 59 57 363 60 63 364 65 58 365 65 58 366 63 61 367 37 31 368 63 61 369 65 58 370 64 60 371 11 65 372 36 29 373 58 50 374 36 29 375 62 62 376 64 60 377 58 50 378 36 29 379 64 60 380 60 63 381 59 57 382 58 50 383</p>
        </triangles>
      </mesh>
    </geometry>
    <geometry id="Cylinder_033-mesh" name="Cylinder.033">
      <mesh>
        <source id="Cylinder_033-mesh-positions">
          <float_array id="Cylinder_033-mesh-positions-array" count="198">-5.377676 -1.069688 -1.084316 -5.377676 -1.069689 0.2952341 -5.065659 -2.098267 -1.084315 -5.065659 -2.098267 0.2952342 -4.558972 -3.046211 -1.084315 -4.558972 -3.046211 0.2952342 -3.174099 -3.174099 -1.084315 -3.174099 -3.174099 1.084315 -4.488854 0 -1.084316 -4.488854 0 1.084315 0 0 1.084315 0 0 -1.084316 -1.069688 -5.377676 -1.084315 -1.069688 -5.377676 0.2952343 -2.098268 -5.065659 -1.084315 -2.098268 -5.065659 0.2952343 -3.046211 -4.558972 -1.084315 -3.046211 -4.558972 0.2952343 0 -4.488854 -1.084315 0 -4.488854 1.084316 -5.377676 1.069688 -1.084316 -5.377676 1.069688 0.2952341 -5.065659 2.098267 -1.084316 -5.065659 2.098267 0.295234 -4.558972 3.046211 -1.084316 -4.558972 3.046211 0.295234 -3.174099 3.174099 -1.084316 -3.174099 3.174099 1.084315 5.377676 -1.069688 -1.084316 5.377676 -1.069689 0.2952341 -3.046211 4.558972 0.2952339 -3.046211 4.558972 -1.084316 -1.069688 5.377676 -1.084316 -1.069688 5.377676 0.2952339 -2.098268 5.065659 -1.084316 -2.098268 5.065659 0.2952339 0 4.488854 -1.084316 0 4.488854 1.084315 5.065659 -2.098267 -1.084315 5.065659 -2.098267 0.2952342 4.558972 -3.046211 -1.084315 4.558972 -3.046211 0.2952342 3.174099 -3.174099 -1.084315 3.174099 -3.174099 1.084315 4.488854 0 -1.084316 4.488854 0 1.084315 1.069688 -5.377676 -1.084315 1.069688 -5.377676 0.2952343 2.098268 -5.065659 -1.084315 2.098268 -5.065659 0.2952343 3.046211 -4.558972 -1.084315 3.046211 -4.558972 0.2952343 5.377676 1.069688 -1.084316 5.377676 1.069688 0.2952341 5.065659 2.098267 -1.084316 5.065659 2.098267 0.295234 4.558972 3.046211 -1.084316 4.558972 3.046211 0.295234 3.174099 3.174099 -1.084316 3.174099 3.174099 1.084315 3.046211 4.558972 0.2952339 3.046211 4.558972 -1.084316 1.069688 5.377676 -1.084316 1.069688 5.377676 0.2952339 2.098268 5.065659 -1.084316 2.098268 5.065659 0.2952339</float_array>
          <technique_common>
            <accessor source="#Cylinder_033-mesh-positions-array" count="66" stride="3">
              <param name="X" type="float"/>
              <param name="Y" type="float"/>
              <param name="Z" type="float"/>
            </accessor>
          </technique_common>
        </source>
        <source id="Cylinder_033-mesh-normals">
          <float_array id="Cylinder_033-mesh-normals-array" count="198">-0.4707878 0 -0.8822466 -0.9202591 0.1176838 0.3731943 -0.5393949 0 0.8420529 -0.6724823 -0.2785453 -0.6856969 -0.7733943 0.1562902 -0.6143572 -0.4363648 -0.6573856 -0.6143534 -0.8146226 -0.337422 0.4717376 -0.3328776 -0.3328776 -0.8822614 -0.5674774 -0.7339606 0.3731909 -0.381401 -0.381401 0.8420609 0 -0.4707878 -0.8822466 0.1176838 -0.9202591 0.3731943 0.1562902 -0.7733943 -0.6143572 -0.2785453 -0.6724823 -0.6856969 -0.337422 -0.8146226 0.4717376 -0.6573856 -0.4363648 -0.6143534 -0.7339606 -0.5674774 0.3731909 0 -0.5393949 0.8420529 -0.5674774 0.7339606 0.3731909 -0.3328776 0.3328776 -0.8822614 -0.4363648 0.6573856 -0.6143534 -0.6724823 0.2785453 -0.6856969 -0.9202591 -0.1176838 0.3731943 -0.7733943 -0.1562902 -0.6143572 -0.8146226 0.337422 0.4717376 -0.381401 0.381401 0.8420609 -0.6573856 0.4363648 -0.6143534 -0.337422 0.8146226 0.4717376 -0.2785453 0.6724823 -0.6856969 0 0.4707878 -0.8822466 0.1176838 0.9202591 0.3731943 0 0.5393949 0.8420529 0.1562902 0.7733943 -0.6143572 -0.7339606 0.5674774 0.3731909 0.4707878 0 -0.8822466 0.9202591 0.1176838 0.3731943 0.7733943 0.1562902 -0.6143572 0.6724823 -0.2785453 -0.6856969 0.8146226 -0.337422 0.4717376 0.4363648 -0.6573856 -0.6143534 0.5674774 -0.7339606 0.3731909 0.3328776 -0.3328776 -0.8822614 0.381401 -0.381401 0.8420609 0.5393949 0 0.8420529 -0.1176838 -0.9202591 0.3731943 0.2785453 -0.6724823 -0.6856969 -0.1562902 -0.7733943 -0.6143572 0.6573856 -0.4363648 -0.6143534 0.337422 -0.8146226 0.4717376 0.7339606 -0.5674774 0.3731909 0.3328776 0.3328776 -0.8822614 0.5674774 0.7339606 0.3731909 0.4363648 0.6573856 -0.6143534 0.6724823 0.2785453 -0.6856969 0.9202591 -0.1176838 0.3731943 0.7733943 -0.1562902 -0.6143572 0.8146226 0.337422 0.4717376 0.381401 0.381401 0.8420609 0.337422 0.8146226 0.4717376 0.6573856 0.4363648 -0.6143534 0.2785453 0.6724823 -0.6856969 -0.1176838 0.9202591 0.3731943 -0.1562902 0.7733943 -0.6143572 0.7339606 0.5674774 0.3731909 0 0 1 0 0 -1</float_array>
          <technique_common>
            <accessor source="#Cylinder_033-mesh-normals-array" count="66" stride="3">
              <param name="X" type="float"/>
              <param name="Y" type="float"/>
              <param name="Z" type="float"/>
            </accessor>
          </technique_common>
        </source>
        <source id="Cylinder_033-mesh-map-0">
          <float_array id="Cylinder_033-mesh-map-0-array" count="768">0.2269006 0.05565196 0.2353196 0.1122514 0.2269006 0.1066085 0.2389015 0.05000907 0.2353196 0.1122514 0.2353196 0.05000913 0.2424834 0.05000907 0.2389015 0.1122514 0.2389015 0.05000907 0.2509025 0.05565196 0.2424834 0.1122514 0.2424834 0.05000907 0.2700226 0.07479029 0.2567877 0.07900542 0.2509025 0.06711798 0.2700226 0.06375318 0.2759078 0.05186581 0.2891429 0.05608087 0.2269006 0.05565196 0.2353196 0.1122514 0.2353196 0.05000913 0.2353196 0.1122514 0.2389015 0.05000907 0.2353196 0.05000913 0.2389015 0.1122514 0.2424834 0.05000907 0.2389015 0.05000907 0.2424834 0.1122514 0.2509025 0.05565196 0.2424834 0.05000907 0.2509025 0.06711798 0.2567877 0.07900542 0.2700226 0.07479029 0.2759078 0.05186581 0.2701976 0.05478668 0.2700226 0.06375318 0.2424834 0.1122514 0.2509025 0.05565196 0.2424834 0.05000907 0.2759078 0.05186581 0.2701976 0.05478668 0.2700226 0.06375318 0.2269006 0.05565196 0.2353196 0.1122514 0.2353196 0.05000913 0.2353196 0.05000913 0.2389015 0.1122514 0.2389015 0.05000907 0.2509025 0.06711798 0.2567877 0.07900542 0.2700226 0.07479029 0.2389015 0.1122514 0.2424834 0.05000907 0.2389015 0.05000907 0.2424834 0.05000907 0.2389015 0.1122514 0.2389015 0.05000907 0.2269006 0.05565196 0.2353196 0.1122514 0.2269006 0.1066085 0.2700226 0.07479029 0.2567877 0.07900542 0.2509025 0.06711798 0.2389015 0.05000907 0.2353196 0.1122514 0.2353196 0.05000913 0.2700226 0.06375318 0.2759078 0.05186581 0.2891429 0.05608087 0.2509025 0.05565196 0.2424834 0.1122514 0.2424834 0.05000907 0.2269006 0.05565196 0.2353196 0.1122514 0.2353196 0.05000913 0.2353196 0.1122514 0.2389015 0.05000907 0.2353196 0.05000913 0.2389015 0.1122514 0.2424834 0.05000907 0.2389015 0.05000907 0.2424834 0.1122514 0.2509025 0.05565196 0.2424834 0.05000907 0.2509025 0.06711798 0.2567877 0.07900542 0.2700226 0.07479029 0.2759078 0.05186581 0.2701976 0.05478668 0.2700226 0.06375318 0.2269006 0.05565196 0.2353196 0.1122514 0.2269006 0.1066085 0.2389015 0.05000907 0.2353196 0.1122514 0.2353196 0.05000913 0.2424834 0.05000907 0.2389015 0.1122514 0.2389015 0.05000907 0.2509025 0.05565196 0.2424834 0.1122514 0.2424834 0.05000907 0.2700226 0.07479029 0.2567877 0.07900542 0.2509025 0.06711798 0.2700226 0.06375318 0.2759078 0.05186581 0.2891429 0.05608087 0.2509025 0.05565196 0.2424834 0.1122514 0.2424834 0.05000907 0.2700226 0.06375318 0.2759078 0.05186581 0.2891429 0.05608087 0.2269006 0.05565196 0.2353196 0.1122514 0.2269006 0.1066085 0.2353196 0.05000913 0.2389015 0.1122514 0.2353196 0.1122514 0.2700226 0.07479029 0.2567877 0.07900542 0.2509025 0.06711798 0.2424834 0.05000907 0.2389015 0.1122514 0.2389015 0.05000907 0.2389015 0.1122514 0.2424834 0.05000907 0.2389015 0.05000907 0.2269006 0.05565196 0.2353196 0.1122514 0.2353196 0.05000913 0.2509025 0.06711798 0.2567877 0.07900542 0.2700226 0.07479029 0.2353196 0.1122514 0.2389015 0.05000907 0.2353196 0.05000913 0.2759078 0.05186581 0.2701976 0.05478668 0.2700226 0.06375318 0.2424834 0.1122514 0.2509025 0.05565196 0.2424834 0.05000907 0.2269006 0.05565196 0.2353196 0.05000913 0.2353196 0.1122514 0.2389015 0.05000907 0.2389015 0.1122514 0.2353196 0.1122514 0.2424834 0.05000907 0.2424834 0.1122514 0.2389015 0.1122514 0.2509025 0.05565196 0.2509025 0.1066085 0.2424834 0.1122514 0.2509025 0.06711798 0.2700226 0.05000907 0.2700226 0.07479029 0.2700226 0.07479029 0.2629836 0.0808621 0.2567877 0.07900542 0.2567877 0.07900542 0.2510774 0.07608449 0.2509025 0.06711798 0.2821038 0.05000907 0.2891429 0.05608087 0.2759078 0.05186581 0.2891429 0.05608087 0.2891429 0.08086204 0.2700226 0.06375318 0.2700226 0.06375318 0.2701976 0.05478668 0.2759078 0.05186581 0.2269006 0.05565196 0.2269006 0.1066085 0.2353196 0.1122514 0.2353196 0.1122514 0.2389015 0.1122514 0.2389015 0.05000907 0.2389015 0.1122514 0.2424834 0.1122514 0.2424834 0.05000907 0.2424834 0.1122514 0.2509025 0.1066085 0.2509025 0.05565196 0.2700226 0.07479029 0.2700226 0.05000907 0.2509025 0.06711798 0.2509025 0.06711798 0.2510774 0.07608449 0.2567877 0.07900542 0.2567877 0.07900542 0.2629836 0.0808621 0.2700226 0.07479029 0.2891429 0.08086204 0.2891429 0.05608087 0.2700226 0.06375318 0.2891429 0.05608087 0.2821038 0.05000907 0.2759078 0.05186581 0.2700226 0.06375318 0.2891429 0.05608087 0.2759078 0.05186581 0.2424834 0.1122514 0.2509025 0.1066085 0.2509025 0.05565196 0.2891429 0.08086204 0.2891429 0.05608087 0.2700226 0.06375318 0.2891429 0.05608087 0.2821038 0.05000907 0.2759078 0.05186581 0.2700226 0.06375318 0.2891429 0.05608087 0.2759078 0.05186581 0.2269006 0.05565196 0.2269006 0.1066085 0.2353196 0.1122514 0.2353196 0.05000913 0.2353196 0.1122514 0.2389015 0.1122514 0.2700226 0.07479029 0.2700226 0.05000907 0.2509025 0.06711798 0.2509025 0.06711798 0.2510774 0.07608449 0.2567877 0.07900542 0.2567877 0.07900542 0.2629836 0.0808621 0.2700226 0.07479029 0.2389015 0.1122514 0.2424834 0.1122514 0.2424834 0.05000907 0.2424834 0.05000907 0.2424834 0.1122514 0.2389015 0.1122514 0.2269006 0.05565196 0.2353196 0.05000913 0.2353196 0.1122514 0.2509025 0.06711798 0.2700226 0.05000907 0.2700226 0.07479029 0.2700226 0.07479029 0.2629836 0.0808621 0.2567877 0.07900542 0.2567877 0.07900542 0.2510774 0.07608449 0.2509025 0.06711798 0.2389015 0.05000907 0.2389015 0.1122514 0.2353196 0.1122514 0.2821038 0.05000907 0.2891429 0.05608087 0.2759078 0.05186581 0.2891429 0.05608087 0.2891429 0.08086204 0.2700226 0.06375318 0.2700226 0.06375318 0.2701976 0.05478668 0.2759078 0.05186581 0.2509025 0.05565196 0.2509025 0.1066085 0.2424834 0.1122514 0.2269006 0.05565196 0.2269006 0.1066085 0.2353196 0.1122514 0.2353196 0.1122514 0.2389015 0.1122514 0.2389015 0.05000907 0.2389015 0.1122514 0.2424834 0.1122514 0.2424834 0.05000907 0.2424834 0.1122514 0.2509025 0.1066085 0.2509025 0.05565196 0.2700226 0.07479029 0.2700226 0.05000907 0.2509025 0.06711798 0.2509025 0.06711798 0.2510774 0.07608449 0.2567877 0.07900542 0.2567877 0.07900542 0.2629836 0.0808621 0.2700226 0.07479029 0.2891429 0.08086204 0.2891429 0.05608087 0.2700226 0.06375318 0.2891429 0.05608087 0.2821038 0.05000907 0.2759078 0.05186581 0.2700226 0.06375318 0.2891429 0.05608087 0.2759078 0.05186581 0.2269006 0.05565196 0.2353196 0.05000913 0.2353196 0.1122514 0.2389015 0.05000907 0.2389015 0.1122514 0.2353196 0.1122514 0.2424834 0.05000907 0.2424834 0.1122514 0.2389015 0.1122514 0.2509025 0.05565196 0.2509025 0.1066085 0.2424834 0.1122514 0.2509025 0.06711798 0.2700226 0.05000907 0.2700226 0.07479029 0.2700226 0.07479029 0.2629836 0.0808621 0.2567877 0.07900542 0.2567877 0.07900542 0.2510774 0.07608449 0.2509025 0.06711798 0.2821038 0.05000907 0.2891429 0.05608087 0.2759078 0.05186581 0.2891429 0.05608087 0.2891429 0.08086204 0.2700226 0.06375318 0.2700226 0.06375318 0.2701976 0.05478668 0.2759078 0.05186581 0.2509025 0.05565196 0.2509025 0.1066085 0.2424834 0.1122514 0.2821038 0.05000907 0.2891429 0.05608087 0.2759078 0.05186581 0.2891429 0.05608087 0.2891429 0.08086204 0.2700226 0.06375318 0.2700226 0.06375318 0.2701976 0.05478668 0.2759078 0.05186581 0.2269006 0.05565196 0.2353196 0.05000913 0.2353196 0.1122514 0.2353196 0.05000913 0.2389015 0.05000907 0.2389015 0.1122514 0.2509025 0.06711798 0.2700226 0.05000907 0.2700226 0.07479029 0.2700226 0.07479029 0.2629836 0.0808621 0.2567877 0.07900542 0.2567877 0.07900542 0.2510774 0.07608449 0.2509025 0.06711798 0.2424834 0.05000907 0.2424834 0.1122514 0.2389015 0.1122514 0.2389015 0.1122514 0.2424834 0.1122514 0.2424834 0.05000907 0.2269006 0.05565196 0.2269006 0.1066085 0.2353196 0.1122514 0.2700226 0.07479029 0.2700226 0.05000907 0.2509025 0.06711798 0.2509025 0.06711798 0.2510774 0.07608449 0.2567877 0.07900542 0.2567877 0.07900542 0.2629836 0.0808621 0.2700226 0.07479029 0.2353196 0.1122514 0.2389015 0.1122514 0.2389015 0.05000907 0.2891429 0.08086204 0.2891429 0.05608087 0.2700226 0.06375318 0.2891429 0.05608087 0.2821038 0.05000907 0.2759078 0.05186581 0.2700226 0.06375318 0.2891429 0.05608087 0.2759078 0.05186581 0.2424834 0.1122514 0.2509025 0.1066085 0.2509025 0.05565196</float_array>
          <technique_common>
            <accessor source="#Cylinder_033-mesh-map-0-array" count="384" stride="2">
              <param name="S" type="float"/>
              <param name="T" type="float"/>
            </accessor>
          </technique_common>
        </source>
        <vertices id="Cylinder_033-mesh-vertices">
          <input semantic="POSITION" source="#Cylinder_033-mesh-positions"/>
        </vertices>
        <triangles material="Material_001-material" count="128">
          <input semantic="VERTEX" source="#Cylinder_033-mesh-vertices" offset="0"/>
          <input semantic="NORMAL" source="#Cylinder_033-mesh-normals" offset="1"/>
          <input semantic="TEXCOORD" source="#Cylinder_033-mesh-map-0" offset="2" set="0"/>
          <p>8 0 0 1 1 1 9 2 2 2 3 3 1 1 4 0 4 5 4 5 6 3 6 7 2 3 8 6 7 9 5 8 10 4 5 11 9 2 12 3 6 13 7 9 14 6 7 15 2 3 16 8 0 17 18 10 18 13 11 19 12 12 20 13 11 21 14 13 22 12 12 23 15 14 24 16 15 25 14 13 26 17 16 27 6 7 28 16 15 29 7 9 30 15 14 31 19 17 32 14 13 33 16 15 34 6 7 35 25 18 36 26 19 37 24 20 38 22 21 39 24 20 40 26 19 41 8 0 42 21 22 43 20 23 44 20 23 45 23 24 46 22 21 47 27 25 48 23 24 49 9 2 50 23 24 51 24 20 52 22 21 53 31 26 54 35 27 55 34 28 56 36 29 57 33 30 58 37 31 59 37 31 60 35 27 61 27 25 62 34 28 63 33 30 64 32 32 65 26 19 66 34 28 67 36 29 68 26 19 69 30 33 70 31 26 71 44 34 72 29 35 73 28 36 74 29 35 75 38 37 76 28 36 77 39 38 78 40 39 79 38 37 80 41 40 81 42 41 82 40 39 83 43 42 84 39 38 85 45 43 86 38 37 87 40 39 88 42 41 89 18 10 90 47 44 91 19 17 92 48 45 93 47 44 94 46 46 95 50 47 96 49 48 97 48 45 98 42 41 99 51 49 100 50 47 101 19 17 102 49 48 103 43 42 104 42 41 105 48 45 106 18 10 107 58 50 108 57 51 109 56 52 110 58 50 111 54 53 112 44 34 113 44 34 114 53 54 115 45 43 116 52 55 117 55 56 118 53 54 119 45 43 120 55 56 121 59 57 122 56 52 123 55 56 124 54 53 125 65 58 126 61 59 127 64 60 128 36 29 129 63 61 130 62 62 131 59 57 132 65 58 133 37 31 134 63 61 135 64 60 136 62 62 137 64 60 138 61 59 139 58 50 140 60 63 141 58 50 142 61 59 143 8 0 144 0 4 145 1 1 146 2 3 147 3 6 148 1 1 149 4 5 150 5 8 151 3 6 152 6 7 153 7 9 154 5 8 155 7 9 156 10 64 157 9 2 158 9 2 159 1 1 160 3 6 161 3 6 162 5 8 163 7 9 164 0 4 165 8 0 166 2 3 167 8 0 168 11 65 169 6 7 170 6 7 171 4 5 172 2 3 173 18 10 174 19 17 175 13 11 176 13 11 177 15 14 178 14 13 179 15 14 180 17 16 181 16 15 182 17 16 183 7 9 184 6 7 185 19 17 186 10 64 187 7 9 188 7 9 189 17 16 190 15 14 191 15 14 192 13 11 193 19 17 194 11 65 195 18 10 196 6 7 197 18 10 198 12 12 199 14 13 200 6 7 201 18 10 202 14 13 203 25 18 204 27 25 205 26 19 206 11 65 207 8 0 208 26 19 209 8 0 210 20 23 211 22 21 212 26 19 213 8 0 214 22 21 215 8 0 216 9 2 217 21 22 218 20 23 219 21 22 220 23 24 221 9 2 222 10 64 223 27 25 224 27 25 225 25 18 226 23 24 227 23 24 228 21 22 229 9 2 230 23 24 231 25 18 232 24 20 233 31 26 234 30 33 235 35 27 236 36 29 237 32 32 238 33 30 239 27 25 240 10 64 241 37 31 242 37 31 243 33 30 244 35 27 245 35 27 246 30 33 247 27 25 248 34 28 249 35 27 250 33 30 251 32 32 252 36 29 253 34 28 254 36 29 255 11 65 256 26 19 257 26 19 258 31 26 259 34 28 260 26 19 261 27 25 262 30 33 263 44 34 264 45 43 265 29 35 266 29 35 267 39 38 268 38 37 269 39 38 270 41 40 271 40 39 272 41 40 273 43 42 274 42 41 275 45 43 276 10 64 277 43 42 278 43 42 279 41 40 280 39 38 281 39 38 282 29 35 283 45 43 284 11 65 285 44 34 286 42 41 287 44 34 288 28 36 289 38 37 290 42 41 291 44 34 292 38 37 293 18 10 294 46 46 295 47 44 296 48 45 297 49 48 298 47 44 299 50 47 300 51 49 301 49 48 302 42 41 303 43 42 304 51 49 305 43 42 306 10 64 307 19 17 308 19 17 309 47 44 310 49 48 311 49 48 312 51 49 313 43 42 314 46 46 315 18 10 316 48 45 317 18 10 318 11 65 319 42 41 320 42 41 321 50 47 322 48 45 323 58 50 324 59 57 325 57 51 326 52 55 327 44 34 328 54 53 329 44 34 330 11 65 331 58 50 332 58 50 333 56 52 334 54 53 335 44 34 336 52 55 337 53 54 338 52 55 339 54 53 340 55 56 341 59 57 342 10 64 343 45 43 344 45 43 345 53 54 346 55 56 347 55 56 348 57 51 349 59 57 350 56 52 351 57 51 352 55 56 353 65 58 354 60 63 355 61 59 356 36 29 357 37 31 358 63 61 359 37 31 360 10 64 361 59 57 362 59 57 363 60 63 364 65 58 365 65 58 366 63 61 367 37 31 368 63 61 369 65 58 370 64 60 371 11 65 372 36 29 373 58 50 374 36 29 375 62 62 376 64 60 377 58 50 378 36 29 379 64 60 380 60 63 381 59 57 382 58 50 383</p>
        </triangles>
      </mesh>
    </geometry>
    <geometry id="Cylinder_034-mesh" name="Cylinder.034">
      <mesh>
        <source id="Cylinder_034-mesh-positions">
          <float_array id="Cylinder_034-mesh-positions-array" count="198">-3.074185 -0.6114947 -0.6198565 -3.074185 -0.6114947 0.1687726 -2.895818 -1.199489 -0.6198564 -2.895818 -1.199489 0.1687726 -2.606167 -1.741387 -0.6198564 -2.606167 -1.741387 0.1687726 -1.814496 -1.814496 -0.6198564 -1.814496 -1.814496 0.6198564 -2.566084 0 -0.6198565 -2.566084 0 0.6198564 0 0 0.6198564 0 0 -0.6198565 -0.6114947 -3.074185 -0.6198564 -0.6114947 -3.074185 0.1687727 -1.199489 -2.895818 -0.6198564 -1.199489 -2.895818 0.1687727 -1.741387 -2.606167 -0.6198564 -1.741387 -2.606167 0.1687727 0 -2.566084 -0.6198564 0 -2.566084 0.6198565 -3.074185 0.6114947 -0.6198565 -3.074185 0.6114947 0.1687726 -2.895818 1.199489 -0.6198565 -2.895818 1.199489 0.1687725 -2.606167 1.741387 -0.6198565 -2.606167 1.741387 0.1687725 -1.814496 1.814496 -0.6198565 -1.814496 1.814496 0.6198562 3.074185 -0.6114947 -0.6198565 3.074185 -0.6114947 0.1687726 -1.741387 2.606167 0.1687725 -1.741387 2.606167 -0.6198565 -0.6114947 3.074185 -0.6198565 -0.6114947 3.074185 0.1687725 -1.199489 2.895818 -0.6198565 -1.199489 2.895818 0.1687725 0 2.566084 -0.6198565 0 2.566084 0.6198562 2.895818 -1.199489 -0.6198564 2.895818 -1.199489 0.1687726 2.606167 -1.741387 -0.6198564 2.606167 -1.741387 0.1687726 1.814496 -1.814496 -0.6198564 1.814496 -1.814496 0.6198564 2.566084 0 -0.6198565 2.566084 0 0.6198564 0.6114947 -3.074185 -0.6198564 0.6114947 -3.074185 0.1687727 1.199489 -2.895818 -0.6198564 1.199489 -2.895818 0.1687727 1.741387 -2.606167 -0.6198564 1.741387 -2.606167 0.1687727 3.074185 0.6114947 -0.6198565 3.074185 0.6114947 0.1687726 2.895818 1.199489 -0.6198565 2.895818 1.199489 0.1687725 2.606167 1.741387 -0.6198565 2.606167 1.741387 0.1687725 1.814496 1.814496 -0.6198565 1.814496 1.814496 0.6198562 1.741387 2.606167 0.1687725 1.741387 2.606167 -0.6198565 0.6114947 3.074185 -0.6198565 0.6114947 3.074185 0.1687725 1.199489 2.895818 -0.6198565 1.199489 2.895818 0.1687725</float_array>
          <technique_common>
            <accessor source="#Cylinder_034-mesh-positions-array" count="66" stride="3">
              <param name="X" type="float"/>
              <param name="Y" type="float"/>
              <param name="Z" type="float"/>
            </accessor>
          </technique_common>
        </source>
        <source id="Cylinder_034-mesh-normals">
          <float_array id="Cylinder_034-mesh-normals-array" count="198">-0.4707878 0 -0.8822466 -0.9202591 0.1176838 0.3731943 -0.5393949 0 0.8420529 -0.6724823 -0.2785453 -0.6856969 -0.7733943 0.1562902 -0.6143572 -0.4363648 -0.6573856 -0.6143534 -0.8146226 -0.337422 0.4717376 -0.3328776 -0.3328776 -0.8822614 -0.5674774 -0.7339606 0.3731909 -0.381401 -0.381401 0.8420609 0 -0.4707878 -0.8822466 0.1176838 -0.9202591 0.3731943 0.1562902 -0.7733943 -0.6143572 -0.2785453 -0.6724823 -0.6856969 -0.337422 -0.8146226 0.4717376 -0.6573856 -0.4363648 -0.6143534 -0.7339606 -0.5674774 0.3731909 0 -0.5393949 0.8420529 -0.5674774 0.7339606 0.3731909 -0.3328776 0.3328776 -0.8822614 -0.4363648 0.6573856 -0.6143534 -0.6724823 0.2785453 -0.6856969 -0.9202591 -0.1176838 0.3731943 -0.7733943 -0.1562902 -0.6143572 -0.8146226 0.337422 0.4717376 -0.381401 0.381401 0.8420609 -0.6573856 0.4363648 -0.6143534 -0.337422 0.8146226 0.4717376 -0.2785453 0.6724823 -0.6856969 0 0.4707878 -0.8822466 0.1176838 0.9202591 0.3731943 0 0.5393949 0.8420529 0.1562902 0.7733943 -0.6143572 -0.7339606 0.5674774 0.3731909 0.4707878 0 -0.8822466 0.9202591 0.1176838 0.3731943 0.7733943 0.1562902 -0.6143572 0.6724823 -0.2785453 -0.6856969 0.8146226 -0.337422 0.4717376 0.4363648 -0.6573856 -0.6143534 0.5674774 -0.7339606 0.3731909 0.3328776 -0.3328776 -0.8822614 0.381401 -0.381401 0.8420609 0.5393949 0 0.8420529 -0.1176838 -0.9202591 0.3731943 0.2785453 -0.6724823 -0.6856969 -0.1562902 -0.7733943 -0.6143572 0.6573856 -0.4363648 -0.6143534 0.337422 -0.8146226 0.4717376 0.7339606 -0.5674774 0.3731909 0.3328776 0.3328776 -0.8822614 0.5674774 0.7339606 0.3731909 0.4363648 0.6573856 -0.6143534 0.6724823 0.2785453 -0.6856969 0.9202591 -0.1176838 0.3731943 0.7733943 -0.1562902 -0.6143572 0.8146226 0.337422 0.4717376 0.381401 0.381401 0.8420609 0.337422 0.8146226 0.4717376 0.6573856 0.4363648 -0.6143534 0.2785453 0.6724823 -0.6856969 -0.1176838 0.9202591 0.3731943 -0.1562902 0.7733943 -0.6143572 0.7339606 0.5674774 0.3731909 0 0 1 0 0 -1</float_array>
          <technique_common>
            <accessor source="#Cylinder_034-mesh-normals-array" count="66" stride="3">
              <param name="X" type="float"/>
              <param name="Y" type="float"/>
              <param name="Z" type="float"/>
            </accessor>
          </technique_common>
        </source>
        <source id="Cylinder_034-mesh-map-0">
          <float_array id="Cylinder_034-mesh-map-0-array" count="768">0.2269006 0.05565196 0.2353196 0.1122514 0.2269006 0.1066085 0.2389015 0.05000907 0.2353196 0.1122514 0.2353196 0.05000913 0.2424834 0.05000907 0.2389015 0.1122514 0.2389015 0.05000907 0.2509025 0.05565196 0.2424834 0.1122514 0.2424834 0.05000907 0.2700226 0.07479029 0.2567877 0.07900542 0.2509025 0.06711798 0.2700226 0.06375318 0.2759078 0.05186581 0.2891429 0.05608087 0.2269006 0.05565196 0.2353196 0.1122514 0.2353196 0.05000913 0.2353196 0.1122514 0.2389015 0.05000907 0.2353196 0.05000913 0.2389015 0.1122514 0.2424834 0.05000907 0.2389015 0.05000907 0.2424834 0.1122514 0.2509025 0.05565196 0.2424834 0.05000907 0.2509025 0.06711798 0.2567877 0.07900542 0.2700226 0.07479029 0.2759078 0.05186581 0.2701976 0.05478668 0.2700226 0.06375318 0.2424834 0.1122514 0.2509025 0.05565196 0.2424834 0.05000907 0.2759078 0.05186581 0.2701976 0.05478668 0.2700226 0.06375318 0.2269006 0.05565196 0.2353196 0.1122514 0.2353196 0.05000913 0.2353196 0.05000913 0.2389015 0.1122514 0.2389015 0.05000907 0.2509025 0.06711798 0.2567877 0.07900542 0.2700226 0.07479029 0.2389015 0.1122514 0.2424834 0.05000907 0.2389015 0.05000907 0.2424834 0.05000907 0.2389015 0.1122514 0.2389015 0.05000907 0.2269006 0.05565196 0.2353196 0.1122514 0.2269006 0.1066085 0.2700226 0.07479029 0.2567877 0.07900542 0.2509025 0.06711798 0.2389015 0.05000907 0.2353196 0.1122514 0.2353196 0.05000913 0.2700226 0.06375318 0.2759078 0.05186581 0.2891429 0.05608087 0.2509025 0.05565196 0.2424834 0.1122514 0.2424834 0.05000907 0.2269006 0.05565196 0.2353196 0.1122514 0.2353196 0.05000913 0.2353196 0.1122514 0.2389015 0.05000907 0.2353196 0.05000913 0.2389015 0.1122514 0.2424834 0.05000907 0.2389015 0.05000907 0.2424834 0.1122514 0.2509025 0.05565196 0.2424834 0.05000907 0.2509025 0.06711798 0.2567877 0.07900542 0.2700226 0.07479029 0.2759078 0.05186581 0.2701976 0.05478668 0.2700226 0.06375318 0.2269006 0.05565196 0.2353196 0.1122514 0.2269006 0.1066085 0.2389015 0.05000907 0.2353196 0.1122514 0.2353196 0.05000913 0.2424834 0.05000907 0.2389015 0.1122514 0.2389015 0.05000907 0.2509025 0.05565196 0.2424834 0.1122514 0.2424834 0.05000907 0.2700226 0.07479029 0.2567877 0.07900542 0.2509025 0.06711798 0.2700226 0.06375318 0.2759078 0.05186581 0.2891429 0.05608087 0.2509025 0.05565196 0.2424834 0.1122514 0.2424834 0.05000907 0.2700226 0.06375318 0.2759078 0.05186581 0.2891429 0.05608087 0.2269006 0.05565196 0.2353196 0.1122514 0.2269006 0.1066085 0.2353196 0.05000913 0.2389015 0.1122514 0.2353196 0.1122514 0.2700226 0.07479029 0.2567877 0.07900542 0.2509025 0.06711798 0.2424834 0.05000907 0.2389015 0.1122514 0.2389015 0.05000907 0.2389015 0.1122514 0.2424834 0.05000907 0.2389015 0.05000907 0.2269006 0.05565196 0.2353196 0.1122514 0.2353196 0.05000913 0.2509025 0.06711798 0.2567877 0.07900542 0.2700226 0.07479029 0.2353196 0.1122514 0.2389015 0.05000907 0.2353196 0.05000913 0.2759078 0.05186581 0.2701976 0.05478668 0.2700226 0.06375318 0.2424834 0.1122514 0.2509025 0.05565196 0.2424834 0.05000907 0.2269006 0.05565196 0.2353196 0.05000913 0.2353196 0.1122514 0.2389015 0.05000907 0.2389015 0.1122514 0.2353196 0.1122514 0.2424834 0.05000907 0.2424834 0.1122514 0.2389015 0.1122514 0.2509025 0.05565196 0.2509025 0.1066085 0.2424834 0.1122514 0.2509025 0.06711798 0.2700226 0.05000907 0.2700226 0.07479029 0.2700226 0.07479029 0.2629836 0.0808621 0.2567877 0.07900542 0.2567877 0.07900542 0.2510774 0.07608449 0.2509025 0.06711798 0.2821038 0.05000907 0.2891429 0.05608087 0.2759078 0.05186581 0.2891429 0.05608087 0.2891429 0.08086204 0.2700226 0.06375318 0.2700226 0.06375318 0.2701976 0.05478668 0.2759078 0.05186581 0.2269006 0.05565196 0.2269006 0.1066085 0.2353196 0.1122514 0.2353196 0.1122514 0.2389015 0.1122514 0.2389015 0.05000907 0.2389015 0.1122514 0.2424834 0.1122514 0.2424834 0.05000907 0.2424834 0.1122514 0.2509025 0.1066085 0.2509025 0.05565196 0.2700226 0.07479029 0.2700226 0.05000907 0.2509025 0.06711798 0.2509025 0.06711798 0.2510774 0.07608449 0.2567877 0.07900542 0.2567877 0.07900542 0.2629836 0.0808621 0.2700226 0.07479029 0.2891429 0.08086204 0.2891429 0.05608087 0.2700226 0.06375318 0.2891429 0.05608087 0.2821038 0.05000907 0.2759078 0.05186581 0.2700226 0.06375318 0.2891429 0.05608087 0.2759078 0.05186581 0.2424834 0.1122514 0.2509025 0.1066085 0.2509025 0.05565196 0.2891429 0.08086204 0.2891429 0.05608087 0.2700226 0.06375318 0.2891429 0.05608087 0.2821038 0.05000907 0.2759078 0.05186581 0.2700226 0.06375318 0.2891429 0.05608087 0.2759078 0.05186581 0.2269006 0.05565196 0.2269006 0.1066085 0.2353196 0.1122514 0.2353196 0.05000913 0.2353196 0.1122514 0.2389015 0.1122514 0.2700226 0.07479029 0.2700226 0.05000907 0.2509025 0.06711798 0.2509025 0.06711798 0.2510774 0.07608449 0.2567877 0.07900542 0.2567877 0.07900542 0.2629836 0.0808621 0.2700226 0.07479029 0.2389015 0.1122514 0.2424834 0.1122514 0.2424834 0.05000907 0.2424834 0.05000907 0.2424834 0.1122514 0.2389015 0.1122514 0.2269006 0.05565196 0.2353196 0.05000913 0.2353196 0.1122514 0.2509025 0.06711798 0.2700226 0.05000907 0.2700226 0.07479029 0.2700226 0.07479029 0.2629836 0.0808621 0.2567877 0.07900542 0.2567877 0.07900542 0.2510774 0.07608449 0.2509025 0.06711798 0.2389015 0.05000907 0.2389015 0.1122514 0.2353196 0.1122514 0.2821038 0.05000907 0.2891429 0.05608087 0.2759078 0.05186581 0.2891429 0.05608087 0.2891429 0.08086204 0.2700226 0.06375318 0.2700226 0.06375318 0.2701976 0.05478668 0.2759078 0.05186581 0.2509025 0.05565196 0.2509025 0.1066085 0.2424834 0.1122514 0.2269006 0.05565196 0.2269006 0.1066085 0.2353196 0.1122514 0.2353196 0.1122514 0.2389015 0.1122514 0.2389015 0.05000907 0.2389015 0.1122514 0.2424834 0.1122514 0.2424834 0.05000907 0.2424834 0.1122514 0.2509025 0.1066085 0.2509025 0.05565196 0.2700226 0.07479029 0.2700226 0.05000907 0.2509025 0.06711798 0.2509025 0.06711798 0.2510774 0.07608449 0.2567877 0.07900542 0.2567877 0.07900542 0.2629836 0.0808621 0.2700226 0.07479029 0.2891429 0.08086204 0.2891429 0.05608087 0.2700226 0.06375318 0.2891429 0.05608087 0.2821038 0.05000907 0.2759078 0.05186581 0.2700226 0.06375318 0.2891429 0.05608087 0.2759078 0.05186581 0.2269006 0.05565196 0.2353196 0.05000913 0.2353196 0.1122514 0.2389015 0.05000907 0.2389015 0.1122514 0.2353196 0.1122514 0.2424834 0.05000907 0.2424834 0.1122514 0.2389015 0.1122514 0.2509025 0.05565196 0.2509025 0.1066085 0.2424834 0.1122514 0.2509025 0.06711798 0.2700226 0.05000907 0.2700226 0.07479029 0.2700226 0.07479029 0.2629836 0.0808621 0.2567877 0.07900542 0.2567877 0.07900542 0.2510774 0.07608449 0.2509025 0.06711798 0.2821038 0.05000907 0.2891429 0.05608087 0.2759078 0.05186581 0.2891429 0.05608087 0.2891429 0.08086204 0.2700226 0.06375318 0.2700226 0.06375318 0.2701976 0.05478668 0.2759078 0.05186581 0.2509025 0.05565196 0.2509025 0.1066085 0.2424834 0.1122514 0.2821038 0.05000907 0.2891429 0.05608087 0.2759078 0.05186581 0.2891429 0.05608087 0.2891429 0.08086204 0.2700226 0.06375318 0.2700226 0.06375318 0.2701976 0.05478668 0.2759078 0.05186581 0.2269006 0.05565196 0.2353196 0.05000913 0.2353196 0.1122514 0.2353196 0.05000913 0.2389015 0.05000907 0.2389015 0.1122514 0.2509025 0.06711798 0.2700226 0.05000907 0.2700226 0.07479029 0.2700226 0.07479029 0.2629836 0.0808621 0.2567877 0.07900542 0.2567877 0.07900542 0.2510774 0.07608449 0.2509025 0.06711798 0.2424834 0.05000907 0.2424834 0.1122514 0.2389015 0.1122514 0.2389015 0.1122514 0.2424834 0.1122514 0.2424834 0.05000907 0.2269006 0.05565196 0.2269006 0.1066085 0.2353196 0.1122514 0.2700226 0.07479029 0.2700226 0.05000907 0.2509025 0.06711798 0.2509025 0.06711798 0.2510774 0.07608449 0.2567877 0.07900542 0.2567877 0.07900542 0.2629836 0.0808621 0.2700226 0.07479029 0.2353196 0.1122514 0.2389015 0.1122514 0.2389015 0.05000907 0.2891429 0.08086204 0.2891429 0.05608087 0.2700226 0.06375318 0.2891429 0.05608087 0.2821038 0.05000907 0.2759078 0.05186581 0.2700226 0.06375318 0.2891429 0.05608087 0.2759078 0.05186581 0.2424834 0.1122514 0.2509025 0.1066085 0.2509025 0.05565196</float_array>
          <technique_common>
            <accessor source="#Cylinder_034-mesh-map-0-array" count="384" stride="2">
              <param name="S" type="float"/>
              <param name="T" type="float"/>
            </accessor>
          </technique_common>
        </source>
        <vertices id="Cylinder_034-mesh-vertices">
          <input semantic="POSITION" source="#Cylinder_034-mesh-positions"/>
        </vertices>
        <triangles material="Material_001-material" count="128">
          <input semantic="VERTEX" source="#Cylinder_034-mesh-vertices" offset="0"/>
          <input semantic="NORMAL" source="#Cylinder_034-mesh-normals" offset="1"/>
          <input semantic="TEXCOORD" source="#Cylinder_034-mesh-map-0" offset="2" set="0"/>
          <p>8 0 0 1 1 1 9 2 2 2 3 3 1 1 4 0 4 5 4 5 6 3 6 7 2 3 8 6 7 9 5 8 10 4 5 11 9 2 12 3 6 13 7 9 14 6 7 15 2 3 16 8 0 17 18 10 18 13 11 19 12 12 20 13 11 21 14 13 22 12 12 23 15 14 24 16 15 25 14 13 26 17 16 27 6 7 28 16 15 29 7 9 30 15 14 31 19 17 32 14 13 33 16 15 34 6 7 35 25 18 36 26 19 37 24 20 38 22 21 39 24 20 40 26 19 41 8 0 42 21 22 43 20 23 44 20 23 45 23 24 46 22 21 47 27 25 48 23 24 49 9 2 50 23 24 51 24 20 52 22 21 53 31 26 54 35 27 55 34 28 56 36 29 57 33 30 58 37 31 59 37 31 60 35 27 61 27 25 62 34 28 63 33 30 64 32 32 65 26 19 66 34 28 67 36 29 68 26 19 69 30 33 70 31 26 71 44 34 72 29 35 73 28 36 74 29 35 75 38 37 76 28 36 77 39 38 78 40 39 79 38 37 80 41 40 81 42 41 82 40 39 83 43 42 84 39 38 85 45 43 86 38 37 87 40 39 88 42 41 89 18 10 90 47 44 91 19 17 92 48 45 93 47 44 94 46 46 95 50 47 96 49 48 97 48 45 98 42 41 99 51 49 100 50 47 101 19 17 102 49 48 103 43 42 104 42 41 105 48 45 106 18 10 107 58 50 108 57 51 109 56 52 110 58 50 111 54 53 112 44 34 113 44 34 114 53 54 115 45 43 116 52 55 117 55 56 118 53 54 119 45 43 120 55 56 121 59 57 122 56 52 123 55 56 124 54 53 125 65 58 126 61 59 127 64 60 128 36 29 129 63 61 130 62 62 131 59 57 132 65 58 133 37 31 134 63 61 135 64 60 136 62 62 137 64 60 138 61 59 139 58 50 140 60 63 141 58 50 142 61 59 143 8 0 144 0 4 145 1 1 146 2 3 147 3 6 148 1 1 149 4 5 150 5 8 151 3 6 152 6 7 153 7 9 154 5 8 155 7 9 156 10 64 157 9 2 158 9 2 159 1 1 160 3 6 161 3 6 162 5 8 163 7 9 164 0 4 165 8 0 166 2 3 167 8 0 168 11 65 169 6 7 170 6 7 171 4 5 172 2 3 173 18 10 174 19 17 175 13 11 176 13 11 177 15 14 178 14 13 179 15 14 180 17 16 181 16 15 182 17 16 183 7 9 184 6 7 185 19 17 186 10 64 187 7 9 188 7 9 189 17 16 190 15 14 191 15 14 192 13 11 193 19 17 194 11 65 195 18 10 196 6 7 197 18 10 198 12 12 199 14 13 200 6 7 201 18 10 202 14 13 203 25 18 204 27 25 205 26 19 206 11 65 207 8 0 208 26 19 209 8 0 210 20 23 211 22 21 212 26 19 213 8 0 214 22 21 215 8 0 216 9 2 217 21 22 218 20 23 219 21 22 220 23 24 221 9 2 222 10 64 223 27 25 224 27 25 225 25 18 226 23 24 227 23 24 228 21 22 229 9 2 230 23 24 231 25 18 232 24 20 233 31 26 234 30 33 235 35 27 236 36 29 237 32 32 238 33 30 239 27 25 240 10 64 241 37 31 242 37 31 243 33 30 244 35 27 245 35 27 246 30 33 247 27 25 248 34 28 249 35 27 250 33 30 251 32 32 252 36 29 253 34 28 254 36 29 255 11 65 256 26 19 257 26 19 258 31 26 259 34 28 260 26 19 261 27 25 262 30 33 263 44 34 264 45 43 265 29 35 266 29 35 267 39 38 268 38 37 269 39 38 270 41 40 271 40 39 272 41 40 273 43 42 274 42 41 275 45 43 276 10 64 277 43 42 278 43 42 279 41 40 280 39 38 281 39 38 282 29 35 283 45 43 284 11 65 285 44 34 286 42 41 287 44 34 288 28 36 289 38 37 290 42 41 291 44 34 292 38 37 293 18 10 294 46 46 295 47 44 296 48 45 297 49 48 298 47 44 299 50 47 300 51 49 301 49 48 302 42 41 303 43 42 304 51 49 305 43 42 306 10 64 307 19 17 308 19 17 309 47 44 310 49 48 311 49 48 312 51 49 313 43 42 314 46 46 315 18 10 316 48 45 317 18 10 318 11 65 319 42 41 320 42 41 321 50 47 322 48 45 323 58 50 324 59 57 325 57 51 326 52 55 327 44 34 328 54 53 329 44 34 330 11 65 331 58 50 332 58 50 333 56 52 334 54 53 335 44 34 336 52 55 337 53 54 338 52 55 339 54 53 340 55 56 341 59 57 342 10 64 343 45 43 344 45 43 345 53 54 346 55 56 347 55 56 348 57 51 349 59 57 350 56 52 351 57 51 352 55 56 353 65 58 354 60 63 355 61 59 356 36 29 357 37 31 358 63 61 359 37 31 360 10 64 361 59 57 362 59 57 363 60 63 364 65 58 365 65 58 366 63 61 367 37 31 368 63 61 369 65 58 370 64 60 371 11 65 372 36 29 373 58 50 374 36 29 375 62 62 376 64 60 377 58 50 378 36 29 379 64 60 380 60 63 381 59 57 382 58 50 383</p>
        </triangles>
      </mesh>
    </geometry>
    <geometry id="Cylinder_042-mesh" name="Cylinder.042">
      <mesh>
        <source id="Cylinder_042-mesh-positions">
          <float_array id="Cylinder_042-mesh-positions-array" count="594">-0.6458937 3.952414 -19.64341 -0.6458912 3.952414 19.57522 0.3143077 -4.403395 -39.917 4.509794 3.952414 -37.3109 6.552401 3.952414 -29.73403 6.833101 3.952414 -27.22028 7.679177 3.952414 -8.928097 -3.799776 3.952414 -34.50725 -1.414028 3.952414 -36.09558 -1.722216 3.952414 -28.37279 0.1318877 3.952414 -36.78102 2.523486 3.952414 -37.3109 0.4808795 3.952414 -29.73403 7.679177 -3.50301 -8.928097 6.833101 -3.50301 -27.22028 6.552401 -3.50301 -29.73403 4.509794 -3.50301 -37.3109 2.523486 -3.50301 -37.3109 0.1318877 -3.50301 -36.78102 3.279479 -4.403395 -40.20685 -1.414028 -3.50301 -36.09558 -3.799776 -3.50301 -34.50725 7.67918 3.952414 8.859909 6.833105 3.952414 27.15209 6.552407 3.952414 29.66584 4.509799 3.952414 37.24272 2.523492 3.952414 37.24272 0.1318928 3.952414 36.71284 0.4808846 3.952414 29.66584 -1.414024 3.952414 36.0274 -3.799771 3.952414 34.43906 -1.722213 3.952414 28.3046 4.509799 -3.50301 37.24272 6.552407 -3.50301 29.66584 6.833105 -3.50301 27.15209 7.67918 -3.50301 8.859909 -3.799771 -3.50301 34.43906 -1.414024 -3.50301 36.0274 0.1318928 -3.50301 36.71284 2.523492 -3.50301 37.24272 -8.871416 3.952414 -1.615987 -8.068216 3.952414 -20.27359 -7.711416 3.952414 -23.80171 -5.717535 3.952414 -32.80244 -5.717535 -3.50301 -32.80244 -7.711416 -3.50301 -23.80171 -8.068216 -3.50301 -20.27359 -8.871416 -3.50301 -1.615988 -8.871416 -3.50301 1.5478 -8.068212 -3.50301 20.2054 -7.711413 -3.50301 23.73352 -5.717532 -3.50301 32.73426 -5.717532 3.952414 32.73426 -7.711413 3.952414 23.73352 -8.068212 3.952414 20.2054 -8.871416 3.952414 1.547801 0.3143077 -6.109755 -39.917 3.279479 -6.109755 -40.20685 2.523486 -4.403395 -37.3109 0.1318877 -4.403395 -36.78102 -1.414028 -4.403395 -36.09558 -3.799776 -4.403395 -34.50725 -3.799771 -4.403395 34.43906 -1.414024 -4.403395 36.0274 0.1318928 -4.403395 36.71284 2.523492 -4.403395 37.24272 6.833101 -4.403395 -27.22028 7.679177 -4.403395 -8.928097 4.509794 -4.403395 -37.3109 6.552401 -4.403395 -29.73403 7.67918 -4.403395 8.859909 6.833105 -4.403395 27.15209 6.552407 -4.403395 29.66584 4.509799 -4.403395 37.24272 -8.871416 -4.403395 -1.615988 -8.068216 -4.403395 -20.27359 -7.711416 -4.403395 -23.80171 -5.717535 -4.403395 -32.80244 -8.068212 -4.403395 20.2054 -8.871416 -4.403395 1.5478 -5.717532 -4.403395 32.73426 -7.711413 -4.403395 23.73352 -1.602361 -4.403395 -39.17307 -4.560276 -4.403395 -37.44918 -4.560269 -4.403395 37.38099 -1.602354 -4.403395 39.10488 0.3143141 -4.403395 39.84881 3.279486 -4.403395 39.92556 8.622658 -4.403395 -30.96058 9.671648 -4.403395 -10.15174 5.742159 -4.403395 -39.06871 8.274641 -4.403395 -33.82017 9.671649 -4.403395 10.08355 8.622662 -4.403395 30.89239 8.274644 -4.403395 33.75199 5.742165 -4.403395 39.00053 -10.84823 -4.403395 -1.833626 -9.852405 -4.403395 -23.05814 -9.410037 -4.403395 -27.07167 -6.937969 -4.403395 -35.59889 -9.852401 -4.403395 22.98996 -10.84823 -4.403395 1.765438 -6.937963 -4.403395 35.5307 -9.410032 -4.403395 27.00349 -1.602361 -6.109755 -39.17307 -4.560276 -6.109755 -37.44918 -4.560269 -6.109755 37.38099 -1.602354 -6.109755 39.10488 0.3143141 -6.109755 39.84881 3.279486 -6.109755 39.92556 8.622658 -6.109755 -30.96058 9.671648 -6.109755 -10.15174 5.742159 -6.109755 -39.06871 8.274641 -6.109755 -33.82017 9.671649 -6.109755 10.08355 8.622662 -6.109755 30.89239 8.274644 -6.109755 33.75199 5.742165 -6.109755 39.00053 -10.84823 -6.109755 -1.833626 -9.852405 -6.109755 -23.05814 -9.410037 -6.109755 -27.07167 -6.937969 -6.109755 -35.59889 -9.852401 -6.109755 22.98996 -10.84823 -6.109755 1.765438 -6.937963 -6.109755 35.5307 -9.410032 -6.109755 27.00349 -0.01834255 14.63474 -24.23485 -4.847885 11.98619 -24.23485 3.043799 -2.983206 -24.23485 -4.847885 -2.983206 -24.23485 -0.01833873 14.63474 24.07224 -4.847882 11.98619 24.07224 3.043804 -2.983206 24.07224 -4.847882 -2.983206 24.07224 -0.6460251 -6.109755 -21.1452 -0.6460225 -6.109755 21.07625 2.86161 -6.109755 -38.05255 0.2147651 -6.109755 -37.77824 -1.496139 -6.109755 -37.07422 -4.136507 -6.109755 -35.44278 -4.136501 -6.109755 35.37384 -1.496134 -6.109755 37.00527 0.2147702 -6.109755 37.7093 2.861617 -6.109755 37.78193 7.63117 -6.109755 -29.3022 8.567546 -6.109755 -9.609458 5.059908 -6.109755 -36.97546 7.320515 -6.109755 -32.00842 8.567547 -6.109755 9.540508 7.631175 -6.109755 29.23325 7.320519 -6.109755 31.93948 5.059914 -6.109755 36.9065 -9.749421 -6.109755 -1.737488 -8.860499 -6.109755 -21.82362 -8.465621 -6.109755 -25.62188 -6.258943 -6.109755 -33.69174 -8.860496 -6.109755 21.75468 -9.749421 -6.109755 1.668538 -6.258937 -6.109755 33.62279 -8.465617 -6.109755 25.55294 -0.3975267 -6.109755 23.24097 -0.7655034 -6.109755 -22.08781 -0.5553638 -6.109755 -21.93498 -0.9624345 -6.109755 23.57255 -4.608524 -6.109755 -24.88273 -5.059606 -6.109755 25.97741 5.315403 -6.109755 -17.66533 5.315404 -6.109755 19.88773 0.6010054 -4.408968 -32.00842 2.86161 -4.408968 -38.05255 0.2147651 -4.408968 -37.77824 -1.83722 -4.408968 -30.54295 -1.496139 -4.408968 -37.07422 -4.136507 -4.408968 -35.44278 -1.837213 -4.408968 30.474 -4.136501 -4.408968 35.37384 -1.496134 -4.408968 37.00527 0.6010092 -4.408968 31.93947 0.2147702 -4.408968 37.7093 2.861617 -4.408968 37.78193 7.63117 -4.408968 -29.3022 8.567546 -4.408968 -9.609458 5.059908 -4.408968 -36.97546 7.320515 -4.408968 -32.00842 8.567547 -4.408968 9.540508 7.631175 -4.408968 29.23325 7.320519 -4.408968 31.93948 5.059914 -4.408968 36.9065 -6.258943 -4.408968 -33.69174 -0.3975267 -4.408968 23.24097 -6.258937 -4.408968 33.62279 -0.7655034 -4.408968 -22.08781 -0.5553638 -4.408968 -21.93498 -0.9624345 -4.408968 23.57255 -4.608524 -4.408968 -24.88273 -5.059606 -4.408968 25.97741 5.315403 -4.408968 -17.66533 5.315404 -4.408968 19.88773</float_array>
          <technique_common>
            <accessor source="#Cylinder_042-mesh-positions-array" count="198" stride="3">
              <param name="X" type="float"/>
              <param name="Y" type="float"/>
              <param name="Z" type="float"/>
            </accessor>
          </technique_common>
        </source>
        <source id="Cylinder_042-mesh-normals">
          <float_array id="Cylinder_042-mesh-normals-array" count="846">1 0 -1.34033e-7 0.9938233 0 0.1109751 -0.9763312 0 0.216281 0 1 0 0 1 -2.49942e-7 -0.9949253 0 0.1006166 -0.5541788 0 -0.8323976 -0.9949253 0 -0.1006169 -0.4053265 0 -0.914172 -0.4053298 0 -0.9141705 -0.4053344 0 0.9141685 -0.9949253 0 -0.1006168 0 0 -1 -0.6643914 0 -0.7473848 0 0 1 -0.6643921 0 0.7473842 -1 0 0 0.9989321 0 -0.04620403 0.9989321 0 0.04620397 0 1 0 0.9655299 0 -0.2602921 0.9989321 0 -0.04620403 0.96553 0 -0.2602919 -0.5541763 0 -0.8323993 -0.2163144 0 -0.9763239 0.9989321 0 0.04620397 0.96553 0 0.2602921 -0.5541785 0 0.832398 -0.2163143 0 0.9763239 -0.9990747 0 -0.04300963 -0.9763312 0 -0.2162809 -0.9990747 -2.1919e-7 0.04300981 -0.9763312 0 0.2162808 0.9938231 0 -0.110976 0 1 -1.28122e-7 0 1 0 -0.664391 0 -0.7473852 0.96553 0 0.2602918 -1 0 0 -0.9949253 0 0.1006168 -0.5541782 0 0.8323981 -0.9990747 0 0.04300987 0.9938232 0 -0.1109762 0.9938233 0 0.110975 -0.9990747 0 -0.04300963 -0.4053296 0 0.9141706 1 0 -1.34033e-7 -0.2163102 0 -0.9763248 -0.2163102 0 0.9763248 -0.6643918 0 0.7473846 -0.9763312 0 -0.2162809 -0.3618369 0 0.9322414 0.9926757 0 -0.12081 0.3516341 0 0.9361376 0.9987319 0 -0.05034679 -0.9939807 0 0.1095563 -0.9604541 0 0.2784386 -0.5035307 0 -0.8639774 0 1 0 0 1 -1.30849e-7 0 1 0 0 1 0 0 1 0 0 1 1.30849e-7 0 1 0 0 1 -3.57922e-7 0 1 0 0 1 0 0 -1 0 0 -1 -5.03419e-7 0 -1 0 0 -1 3.29937e-7 0 -1 -2.23615e-7 0 -1 0 0 -1 -5.32887e-7 0 -1 -2.83922e-7 0.9006389 0 -0.4345684 0.9926757 0 0.1208102 0.41952 0 -0.9077461 0.9987319 0 0.05034673 -0.5035328 0 0.8639761 1 0 0 0.9006386 0 0.434569 -0.6141417 0 0.7891958 -0.3618369 0 -0.9322414 -0.09728682 0 -0.9952564 -0.9989011 0 -0.04686719 -0.6141408 0 -0.7891966 -0.9604541 0 -0.2784385 -0.9939807 0 -0.1095561 -0.02587574 0 0.9996652 -0.9989011 0 0.04686737 -0.4808455 0.8768054 0 0.9852293 0.1712408 0 -1 0 0 4.91179e-7 0 -1 -0.4399921 0 0.8980017 0.5062012 0 0.8624155 -0.9934757 0 -0.1140441 -0.9101686 0 0.4142381 0.3805387 0 -0.924765 -0.9934758 0 0.114044 1 0 0 -0.3699723 0 -0.9290428 0 -1 -2.15848e-7 0 -1 -2.57449e-7 0 -1 0 0 -1 -7.28439e-7 0 -1 -1.76271e-7 0 -1 0 0 -1 0 0 -1 -2.15174e-7 0 -1 0 0 -1 0 -0.9988715 0 0.0474956 0 -1 3.65319e-7 0 -1 0 0 -1 -6.62942e-7 0 -1 0 0 -1 0 0 -1 0 0 -1 0 0 -1 1.42864e-7 0 -1 -1.32218e-7 0.9828979 0 -0.1841515 -0.9988716 0 -0.04749542 0.5256382 0 -0.8507084 0.5881782 0 -0.8087315 -1 0 0 0.588172 0 -0.808736 -0.9101688 0 -0.4142378 0.6363899 0 -0.7713676 0.3805346 0 0.9247667 0.1030833 0 0.9946727 0.5062006 0 0.8624157 0.6363911 0 0.7713666 0.9879185 0 0.1549749 0.02742803 0 -0.9996239 0.5062015 0 0.8624153 0.5256368 0 0.8507092 -0.9763312 0 0.2162808 0 1 0 0 1 0 0 1 0 0 1 1.44432e-7 0 1 0 0 1 0 0 1 0 0 1 2.49942e-7 0 1 1.26734e-7 0 1 0 0 1 0 0 1 0 0 1 0 0 1 0 -0.9949253 0 0.1006166 -0.5541768 0 -0.832399 -0.9949253 0 -0.1006168 -0.4053306 0 -0.9141703 -0.4053301 0 -0.9141705 -0.4053303 0 0.9141703 -0.9949252 0 -0.100617 -0.6643923 0 -0.747384 -0.6643912 0 0.747385 0.9989321 0 -0.04620403 0.9989321 0 0.04620391 0.96553 0 -0.260292 0.9989321 0 -0.04620403 0.96553 0 -0.2602921 -0.5541803 0 -0.8323966 -0.2163112 0 -0.9763245 0.96553 0 0.2602919 -0.5541765 0 0.8323993 -0.216311 0 0.9763245 -0.9990747 0 -0.04300963 -0.9763312 0 -0.2162808 -0.9990747 0 0.04300981 -0.9763312 0 0.2162809 0 1 2.27007e-7 0 1 -2.27937e-7 0 1 0 0 1 -1.7467e-7 0 1 0 0 1 0 -0.6643922 0 -0.7473842 0.96553 0 0.2602921 -0.9949253 0 0.1006166 -0.9990747 0 0.04300981 0.9938232 0 -0.1109761 0.9938232 0 0.1109752 -0.9990747 0 -0.04300957 -0.4053341 0 0.9141687 1 0 -1.34033e-7 -0.2163136 0 -0.976324 -0.2163167 0 0.9763233 -0.9763312 0 -0.2162808 -0.3618365 0 0.9322416 0.9987319 0 -0.05034685 -0.9939807 0 0.1095563 -0.960454 0 0.2784388 -0.5035317 0 -0.8639768 0 1 0 0 1 0 0 1 2.41526e-7 0 1 0 0 1 0 0 1 0 0 1 1.74381e-7 0 1 -1.50257e-7 0 1 2.84077e-7 0 1 0 0 1 0 0 -1 -3.5742e-7 0 -1 -2.1589e-7 0 -1 5.20137e-7 0.9006385 0 -0.4345691 0.9926757 0 0.1208101 0.4195171 0 -0.9077475 0.9987319 0 0.05034673 -0.5035305 0 0.8639776 1 0 0 0.9006391 0 0.4345681 -0.6141397 0 0.7891975 -0.3618403 0 -0.9322401 -0.09728676 0 -0.9952564 -0.9989011 0 -0.04686725 -0.6141415 0 -0.789196 -0.9939807 0 -0.109556 -0.02587574 0 0.9996652 -0.9989012 0 0.04686737 -1.63726e-7 0 1 -0.4808455 0.8768054 0 0.9852292 0.1712408 0 -1 0 0 -0.4399891 0 0.8980031 0.506201 0 0.8624156 -0.9934758 0 -0.114044 -0.9101688 0 0.4142378 0.3805367 0 -0.9247659 1 0 0 0 -1 0 0 -1 7.28214e-7 0 -1 -3.2577e-7 0 -1 0 0 -1 2.57533e-7 0 -1 0 0 -1 2.1519e-7 0 -1 -3.35731e-7 0 -1 2.24114e-7 0 -1 0 0 -1 3.36654e-7 0 -1 -3.75997e-7 0 -1 0 0 -1 2.9874e-7 0 -1 0 0 -1 -5.43753e-7 0 -1 -2.72346e-7 -0.9988715 0 0.0474956 0 -1 -1.51869e-6 0 -1 1.80618e-7 0 -1 1.23654e-7 0 -1 0 0 -1 0 0 -1 -1.2868e-7 0 -1 0 0 -1 0 0 -1 0 0.9828979 0 -0.1841516 -0.9988716 0 -0.04749536 0.5256369 0 -0.850709 0.5881779 0 -0.8087317 0.5881717 0 -0.8087361 -0.9101684 0 -0.4142385 0.6363911 0 -0.7713666 0.1030799 0 0.9946731 0.5062013 0 0.8624153 0.6363902 0 0.7713674 0.9879184 0 0.154975 0.02743142 0 -0.9996237 0.5062068 0 0.8624122 0.5256389 0 0.8507078 0.5881718 0 -0.808736</float_array>
          <technique_common>
            <accessor source="#Cylinder_042-mesh-normals-array" count="282" stride="3">
              <param name="X" type="float"/>
              <param name="Y" type="float"/>
              <param name="Z" type="float"/>
            </accessor>
          </technique_common>
        </source>
        <source id="Cylinder_042-mesh-map-0">
          <float_array id="Cylinder_042-mesh-map-0-array" count="2316">0.5490329 0.6244797 0.604466 0.6929765 0.604466 0.6244797 0.5477654 0.7730948 0.6035143 0.763415 0.5480812 0.763415 0.7769775 0.80067 0.7824774 0.8353295 0.7837249 0.80067 0.4072328 0.4929531 0.4072329 0.3419324 0.3455553 0.4235342 0.4612079 0.5318094 0.4633128 0.5221297 0.4156817 0.5318094 0.4014731 0.5563061 0.4156817 0.5318094 0.3991622 0.5265676 0.7839481 0.7870841 0.8395944 0.80067 0.8398177 0.7870841 0.07091093 0.8623314 0.06380969 0.8442884 0.06416642 0.8622663 0.7769775 0.6176243 0.7839481 0.6312102 0.7837249 0.6176243 0.008435606 0.8733713 0.06416642 0.8622663 0.008320212 0.8617272 0.07102632 0.8739754 0.06416642 0.8622663 0.06428182 0.8739103 0.9120374 0.5233814 0.8560224 0.5354621 0.911944 0.5350234 0.8398177 0.6312102 0.7837249 0.6176243 0.7839481 0.6312102 0.06413364 0.9068637 0.008435606 0.8913769 0.008287429 0.9063246 0.06337887 0.8298306 0.007963478 0.8437494 0.06380969 0.8442884 0.8559959 0.4908678 0.9120373 0.505377 0.9119176 0.4904291 0.8553855 0.5678878 0.9116556 0.5529965 0.8557339 0.5534352 0.7844506 0.7152386 0.8403202 0.7030557 0.7844506 0.7030557 0.4156818 0.3030761 0.413065 0.27594 0.4014732 0.2785794 0.3835841 0.2846957 0.3991623 0.3083179 0.4014732 0.2785794 0.413065 0.27594 0.4156818 0.3030761 0.4309979 0.2738996 0.6111607 0.6244797 0.6035143 0.5540413 0.604466 0.6244797 0.610209 0.763415 0.604466 0.6929765 0.6035143 0.763415 0.4309979 0.5609859 0.4156817 0.5318094 0.4130648 0.5589455 0.4014731 0.5563061 0.3991622 0.5265676 0.383584 0.5501898 0.6098932 0.5443615 0.600901 0.5151849 0.6031986 0.5443615 0.07087814 0.9069288 0.06428182 0.891916 0.06413364 0.9068637 0.6035143 0.5540413 0.5490329 0.6244797 0.604466 0.6244797 0.5477654 0.5443615 0.600901 0.5151849 0.5454678 0.5151849 0.008320212 0.8617272 0.06380969 0.8442884 0.007963478 0.8437494 0.06428182 0.8739103 0.008435606 0.8913769 0.06428182 0.891916 0.5480812 0.763415 0.604466 0.6929765 0.5490329 0.6929766 0.6031986 0.7730948 0.5454678 0.8022713 0.600901 0.8022713 0.911944 0.5350234 0.8557339 0.5534352 0.9116556 0.5529965 0.8561157 0.5238201 0.9120373 0.505377 0.8561157 0.5058157 0.8403202 0.7030557 0.7839481 0.6312102 0.7844506 0.7030557 0.7824774 0.5829648 0.8395944 0.6176243 0.838347 0.5829648 0.7844506 0.7152386 0.8398177 0.7870841 0.8403201 0.7152386 0.838347 0.8353295 0.7837249 0.80067 0.7824774 0.8353295 0.6031986 0.5443615 0.5480812 0.5540413 0.6035143 0.5540413 0.2294769 0.02948611 0.2059457 0.02528256 0.2150969 0.03605091 0.1974708 0.08429622 0.1766253 0.1553037 0.1914481 0.1561417 0.2768908 0.01868999 0.2603256 0.008654594 0.2589578 0.02073043 0.2589578 0.02073043 0.2459538 0.01151931 0.247366 0.0233699 0.2059458 0.2991839 0.2294769 0.2949802 0.215097 0.2884155 0.2917848 0.3057764 0.3200148 0.2923345 0.3071009 0.2765998 0.3155498 0.1964817 0.3304899 0.1232728 0.3155498 0.1279847 0.2237744 0.3063088 0.247366 0.3010965 0.2294769 0.2949802 0.07055419 0.8443536 0.06337887 0.8298306 0.06380969 0.8442884 0.6075956 0.8022713 0.6031986 0.7730948 0.600901 0.8022713 0.7777032 0.7030557 0.7844506 0.7152386 0.7844506 0.7030557 0.7772008 0.7870841 0.7837249 0.80067 0.7839481 0.7870841 0.9184092 0.5529435 0.911944 0.5350234 0.9116556 0.5529965 0.7777032 0.7152386 0.7839481 0.7870841 0.7844506 0.7152386 0.9187909 0.505324 0.9119176 0.4904291 0.9120373 0.505377 0.6102089 0.5540413 0.6031986 0.5443615 0.6035143 0.5540413 0.6098933 0.7730948 0.6035143 0.763415 0.6031986 0.7730948 0.7772008 0.6312102 0.7844506 0.7030557 0.7839481 0.6312102 0.9186976 0.5349704 0.9120374 0.5233814 0.911944 0.5350234 0.6111607 0.6929766 0.604466 0.6244797 0.604466 0.6929765 0.07102632 0.8919811 0.06428182 0.8739103 0.06428182 0.891916 0.9187909 0.5233284 0.9120373 0.505377 0.9120374 0.5233814 0.9180607 0.5673961 0.9116556 0.5529965 0.9113072 0.5674491 0.7757301 0.5829648 0.7837249 0.6176243 0.7824774 0.5829648 0.9703253 0.4249273 0.9830645 0.4392357 0.9831241 0.4248027 0.5144751 0.7845867 0.5275537 0.7955983 0.5271623 0.7845867 0.9704656 0.4616752 0.9836996 0.4800716 0.9832644 0.4615507 0.5132951 0.7044574 0.5271623 0.7845867 0.5259823 0.7044574 0.9417902 0.4995099 0.9543006 0.5149649 0.9545773 0.4995099 0.9415134 0.5149649 0.952754 0.547801 0.9543006 0.5149649 0.9703394 0.3291665 0.9834287 0.3516062 0.9831209 0.3293197 0.9424132 0.4039207 0.9552003 0.4177798 0.9552003 0.4039207 0.2150969 0.03605091 0.1874094 0.05811864 0.2001461 0.07071036 0.2001461 0.07071036 0.1840924 0.07357358 0.1974708 0.08429622 0.2603257 0.3158118 0.2768908 0.3057764 0.2589578 0.303736 0.1766253 0.1691627 0.1974708 0.2401701 0.1914481 0.1683247 0.1766253 0.1553037 0.1914481 0.1683247 0.1914481 0.1561417 0.247366 0.0233699 0.2237744 0.01815754 0.2294769 0.02948611 0.1874094 0.2663478 0.215097 0.2884155 0.2001462 0.253756 0.1840924 0.2508928 0.2001462 0.253756 0.1974708 0.2401701 0.3304899 0.1232728 0.3092057 0.05754631 0.3155498 0.1279847 0.2825595 0.3161073 0.2917848 0.3057764 0.2768908 0.3057764 0.3226243 0.04314345 0.3071008 0.04786652 0.3092057 0.05754631 0.2459539 0.3129471 0.2589578 0.303736 0.247366 0.3010965 0.3200148 0.03213191 0.2917848 0.01869004 0.3071008 0.04786652 0.3071009 0.2765998 0.3226243 0.281323 0.3092057 0.26692 0.2917848 0.01869004 0.2825595 0.007538497 0.2768908 0.01868999 0.3092057 0.26692 0.3304899 0.2011936 0.3155498 0.1964817 0.2946276 0.2068973 0.2849184 0.2253409 0.2849184 0.2088633 0.2384865 0.2549122 0.2511028 0.248973 0.2501547 0.2566536 0.2946276 0.2273378 0.2817721 0.2422856 0.2849184 0.2253409 0.2791268 0.1776869 0.2657455 0.1843893 0.2694122 0.1765372 0.2904896 0.2483577 0.2807282 0.2446141 0.2817721 0.2422856 0.2891167 0.1829887 0.2731322 0.1853161 0.2791268 0.1776869 0.2501547 0.2566536 0.2568517 0.2495788 0.2577154 0.2574051 0.2904896 0.1858773 0.2807282 0.18959 0.2891167 0.1829887 0.5148665 0.7955983 0.5304025 0.815809 0.5275537 0.7955983 0.5148666 0.5353957 0.5271623 0.5464072 0.5275538 0.5353957 0.971051 0.2738996 0.9832226 0.2925665 0.9838325 0.2740527 0.5144751 0.5464072 0.5259823 0.6265366 0.5271623 0.5464072 0.9705742 0.4026463 0.9831241 0.4248027 0.9833731 0.4025217 0.5132951 0.6265366 0.5259823 0.7044574 0.5259823 0.6265366 0.5177152 0.5151849 0.5275538 0.5353957 0.5304025 0.5151849 0.9709008 0.38473 0.9833731 0.4025217 0.9836996 0.3846055 0.9702656 0.3147314 0.9831209 0.3293197 0.9830471 0.3148846 0.9704412 0.2924134 0.9830471 0.3148846 0.9832226 0.2925665 0.9417902 0.3221907 0.9552003 0.4039207 0.9545773 0.3221907 0.9706472 0.351453 0.9838325 0.3695284 0.9834287 0.3516062 0.9399668 0.2738996 0.9543005 0.3067356 0.952754 0.2738996 0.9415134 0.3067356 0.9545773 0.3221907 0.9543005 0.3067356 0.9702656 0.4393603 0.9832644 0.4615507 0.9830645 0.4392357 0.9424132 0.4177798 0.9545773 0.4995099 0.9552003 0.4177798 0.4040206 0.9136239 0.3648306 0.7927339 0.3455553 0.9034394 0.1339711 0.592716 0.09625035 0.7783703 0.1339711 0.7783703 0.626226 0.5829648 0.7606648 0.7686191 0.7606648 0.5829648 0.7734543 0.1931928 0.6612764 0.007538497 0.6612764 0.1931928 0.4040206 0.9136239 0.3648306 0.7927339 0.4040206 0.7793794 0.583774 0.2404397 0.5757202 0.2325322 0.5849387 0.2386987 0.5916373 0.228685 0.5965284 0.2413204 0.5873099 0.2351538 0.5606652 0.2151431 0.5680766 0.224011 0.5588582 0.2178444 0.5179659 0.2789747 0.5238677 0.2900992 0.5146494 0.2839328 0.6057562 0.2474728 0.5977379 0.2395123 0.6069563 0.2456788 0.5197729 0.2762734 0.5271843 0.2851413 0.5179659 0.2789747 0.5732004 0.2163518 0.557345 0.2600013 0.5481266 0.2538347 0.6087108 0.2430559 0.6008557 0.2348515 0.6100741 0.2410181 0.2891167 0.2512464 0.2731322 0.248888 0.2807282 0.2446141 0.2291071 0.2530431 0.2422307 0.2475692 0.2384865 0.2549122 0.2501546 0.1775815 0.2568517 0.1846253 0.2511028 0.1852311 0.2577154 0.1768301 0.2657455 0.1843893 0.2568517 0.1846253 0.2136822 0.2152997 0.2263574 0.1983535 0.2233704 0.2156367 0.2291071 0.1811919 0.2422307 0.1866348 0.235099 0.1881416 0.2193555 0.1898057 0.235099 0.1881416 0.2276842 0.1950853 0.2176104 0.1938599 0.2276842 0.1950853 0.2263574 0.1983535 0.2577154 0.2574051 0.2657456 0.2496413 0.2694122 0.2574826 0.2136822 0.2189353 0.2263574 0.2358506 0.2176104 0.2403752 0.2136822 0.2152997 0.2233704 0.2185674 0.2136822 0.2189353 0.2384865 0.1793229 0.2511028 0.1852311 0.2422307 0.1866348 0.2193555 0.2444294 0.235099 0.2460625 0.2291071 0.2530431 0.2176104 0.2403752 0.2276842 0.2391188 0.2193555 0.2444294 0.2946276 0.2068973 0.281772 0.1919186 0.2904896 0.1858773 0.2791268 0.2565482 0.2657456 0.2496413 0.2731322 0.248888 0.08500957 0.07633411 0.08500951 0.2481323 0.16156 0.1691628 0.5329222 0.2566165 0.5289914 0.28244 0.5197729 0.2762734 0.08291995 0.2569405 0.08767026 0.2582897 0.08500951 0.2481323 0.08500951 0.2481323 0.08500957 0.07633411 0.03487986 0.09049373 0.08601427 0.07249867 0.08424723 0.07312053 0.08500957 0.07633411 0.07452327 0.2923346 0.07777112 0.3158118 0.09215813 0.3129472 0.007532596 0.2011936 0.03487992 0.243296 0.03487986 0.09049373 0.09502631 0.03809487 0.09215819 0.01151931 0.07452332 0.03213191 0.1221233 0.2680751 0.08767026 0.2582897 0.09502625 0.2863716 0.05551385 0.007538497 0.07452332 0.03213191 0.07777118 0.008654654 0.09215819 0.01151931 0.09502631 0.03809487 0.1143611 0.01815754 0.114361 0.3063089 0.09502625 0.2863716 0.09215813 0.3129472 0.07777112 0.3158118 0.07452327 0.2923346 0.05551379 0.3161074 0.1322086 0.02528256 0.1143611 0.01815754 0.09502631 0.03809487 0.6100741 0.2410181 0.6134 0.2559934 0.6041815 0.2498268 0.5588582 0.2178444 0.5549274 0.2436679 0.545709 0.2375013 0.6038494 0.2503234 0.5965378 0.2413064 0.6057562 0.2474728 0.08601427 0.07249867 0.08424723 0.07312053 0.08424723 0.07312053 0.545709 0.2375013 0.5421406 0.2627831 0.5329222 0.2566165 0.6141957 0.254804 0.6205964 0.2651826 0.611378 0.2590161 0.5639818 0.2101851 0.5698836 0.2213097 0.5606652 0.2151431 0.6022725 0.2526809 0.594631 0.2441568 0.6038494 0.2503234 0.586673 0.2361059 0.5786871 0.228097 0.5879056 0.2342634 0.5849387 0.2386987 0.5774546 0.2299393 0.586673 0.2361059 0.5868821 0.2357935 0.592997 0.2465994 0.5837786 0.2404328 0.5899227 0.231248 0.5824188 0.2225184 0.5916372 0.2286849 0.6234139 0.2609705 0.6192925 0.2471846 0.6285108 0.2533512 0.6069563 0.2456788 0.5994925 0.2368894 0.6087108 0.2430559 0.5873099 0.2351538 0.5961005 0.2419601 0.5868821 0.2357935 0.5879056 0.2342634 0.5807043 0.2250815 0.5899227 0.231248 0.6285108 0.2533512 0.6334249 0.2659522 0.6242066 0.2597857 0.5490329 0.6244797 0.5490329 0.6929766 0.604466 0.6929765 0.5477654 0.7730948 0.6031986 0.7730948 0.6035143 0.763415 0.7769775 0.80067 0.7757301 0.8353295 0.7824774 0.8353295 0.3991623 0.3083179 0.3835841 0.2846957 0.3692041 0.2912604 0.3692041 0.2912604 0.3542533 0.3259199 0.3991623 0.3083179 0.3542533 0.3259199 0.3515779 0.3395057 0.4072329 0.3419324 0.3991623 0.3083179 0.3542533 0.3259199 0.4072329 0.3419324 0.3515779 0.3395057 0.3455553 0.4113513 0.4072329 0.3419324 0.3455553 0.4113513 0.3455553 0.4235342 0.4072329 0.3419324 0.3455553 0.4235342 0.3515779 0.4953796 0.4072328 0.4929531 0.3515779 0.4953796 0.3542532 0.5089656 0.4072328 0.4929531 0.3542532 0.5089656 0.369204 0.5436251 0.3991622 0.5265676 0.369204 0.5436251 0.383584 0.5501898 0.3991622 0.5265676 0.3991622 0.5265676 0.4072328 0.4929531 0.3542532 0.5089656 0.4633128 0.5221297 0.4696569 0.4516912 0.4072328 0.4929531 0.4696569 0.4516912 0.4696569 0.3831943 0.4072328 0.4929531 0.4696569 0.3831943 0.4633128 0.312756 0.4072329 0.3419324 0.4633128 0.312756 0.461208 0.3030761 0.4156818 0.3030761 0.4072329 0.3419324 0.4633128 0.312756 0.4156818 0.3030761 0.461208 0.3030761 0.4458919 0.2738996 0.4309979 0.2738996 0.4309979 0.2738996 0.4156818 0.3030761 0.461208 0.3030761 0.4072329 0.3419324 0.4072328 0.4929531 0.4696569 0.3831943 0.4072328 0.4929531 0.4156817 0.5318094 0.4633128 0.5221297 0.4156817 0.5318094 0.4309979 0.5609859 0.4458918 0.5609859 0.4458918 0.5609859 0.4612079 0.5318094 0.4156817 0.5318094 0.4130648 0.5589455 0.4156817 0.5318094 0.4014731 0.5563061 0.4156817 0.5318094 0.4072328 0.4929531 0.3991622 0.5265676 0.7839481 0.7870841 0.7837249 0.80067 0.8395944 0.80067 0.07091093 0.8623314 0.07055419 0.8443536 0.06380969 0.8442884 0.7769775 0.6176243 0.7772008 0.6312102 0.7839481 0.6312102 0.008435606 0.8733713 0.06428182 0.8739103 0.06416642 0.8622663 0.07102632 0.8739754 0.07091093 0.8623314 0.06416642 0.8622663 0.9120374 0.5233814 0.8561157 0.5238201 0.8560224 0.5354621 0.8398177 0.6312102 0.8395944 0.6176243 0.7837249 0.6176243 0.06413364 0.9068637 0.06428182 0.891916 0.008435606 0.8913769 0.06337887 0.8298306 0.007532596 0.8292915 0.007963478 0.8437494 0.8559959 0.4908678 0.8561157 0.5058157 0.9120373 0.505377 0.8553855 0.5678878 0.9113072 0.5674491 0.9116556 0.5529965 0.7844506 0.7152386 0.8403201 0.7152386 0.8403202 0.7030557 0.4014732 0.2785794 0.3991623 0.3083179 0.4156818 0.3030761 0.3991623 0.3083179 0.4072329 0.3419324 0.4156818 0.3030761 0.6111607 0.6244797 0.6102089 0.5540413 0.6035143 0.5540413 0.610209 0.763415 0.6111607 0.6929766 0.604466 0.6929765 0.6098932 0.5443615 0.6075956 0.5151849 0.600901 0.5151849 0.07087814 0.9069288 0.07102632 0.8919811 0.06428182 0.891916 0.6035143 0.5540413 0.5480812 0.5540413 0.5490329 0.6244797 0.5477654 0.5443615 0.6031986 0.5443615 0.600901 0.5151849 0.008320212 0.8617272 0.06416642 0.8622663 0.06380969 0.8442884 0.06428182 0.8739103 0.008435606 0.8733713 0.008435606 0.8913769 0.5480812 0.763415 0.6035143 0.763415 0.604466 0.6929765 0.6031986 0.7730948 0.5477654 0.7730948 0.5454678 0.8022713 0.911944 0.5350234 0.8560224 0.5354621 0.8557339 0.5534352 0.8561157 0.5238201 0.9120374 0.5233814 0.9120373 0.505377 0.8403202 0.7030557 0.8398177 0.6312102 0.7839481 0.6312102 0.7824774 0.5829648 0.7837249 0.6176243 0.8395944 0.6176243 0.7844506 0.7152386 0.7839481 0.7870841 0.8398177 0.7870841 0.838347 0.8353295 0.8395944 0.80067 0.7837249 0.80067 0.6031986 0.5443615 0.5477654 0.5443615 0.5480812 0.5540413 0.2294769 0.02948611 0.2237744 0.01815754 0.2059457 0.02528256 0.1974708 0.08429622 0.1840924 0.07357358 0.1766253 0.1553037 0.2768908 0.01868999 0.2825595 0.007538497 0.2603256 0.008654594 0.2589578 0.02073043 0.2603256 0.008654594 0.2459538 0.01151931 0.2059458 0.2991839 0.2237744 0.3063088 0.2294769 0.2949802 0.2917848 0.3057764 0.3010255 0.3125452 0.3200148 0.2923345 0.3155498 0.1964817 0.3304899 0.2011936 0.3304899 0.1232728 0.2237744 0.3063088 0.2459539 0.3129471 0.247366 0.3010965 0.07055419 0.8443536 0.07012331 0.8298957 0.06337887 0.8298306 0.6075956 0.8022713 0.6098933 0.7730948 0.6031986 0.7730948 0.7777032 0.7030557 0.7777032 0.7152386 0.7844506 0.7152386 0.7772008 0.7870841 0.7769775 0.80067 0.7837249 0.80067 0.9184092 0.5529435 0.9186976 0.5349704 0.911944 0.5350234 0.7777032 0.7152386 0.7772008 0.7870841 0.7839481 0.7870841 0.9187909 0.505324 0.9186712 0.4903761 0.9119176 0.4904291 0.6102089 0.5540413 0.6098932 0.5443615 0.6031986 0.5443615 0.6098933 0.7730948 0.610209 0.763415 0.6035143 0.763415 0.7772008 0.6312102 0.7777032 0.7030557 0.7844506 0.7030557 0.9186976 0.5349704 0.9187909 0.5233284 0.9120374 0.5233814 0.6111607 0.6929766 0.6111607 0.6244797 0.604466 0.6244797 0.07102632 0.8919811 0.07102632 0.8739754 0.06428182 0.8739103 0.9187909 0.5233284 0.9187909 0.505324 0.9120373 0.505377 0.9180607 0.5673961 0.9184092 0.5529435 0.9116556 0.5529965 0.7757301 0.5829648 0.7769775 0.6176243 0.7837249 0.6176243 0.9703253 0.4249273 0.9702656 0.4393603 0.9830645 0.4392357 0.5144751 0.7845867 0.5148665 0.7955983 0.5275537 0.7955983 0.9704656 0.4616752 0.9709008 0.4801961 0.9836996 0.4800716 0.5132951 0.7044574 0.5144751 0.7845867 0.5271623 0.7845867 0.9417902 0.4995099 0.9415134 0.5149649 0.9543006 0.5149649 0.9415134 0.5149649 0.9399669 0.547801 0.952754 0.547801 0.9703394 0.3291665 0.9706472 0.351453 0.9834287 0.3516062 0.9424132 0.4039207 0.9424132 0.4177798 0.9552003 0.4177798 0.2150969 0.03605091 0.2059457 0.02528256 0.1874094 0.05811864 0.2001461 0.07071036 0.1874094 0.05811864 0.1840924 0.07357358 0.2603257 0.3158118 0.2825595 0.3161073 0.2768908 0.3057764 0.1766253 0.1691627 0.1840924 0.2508928 0.1974708 0.2401701 0.1766253 0.1553037 0.1766253 0.1691627 0.1914481 0.1683247 0.247366 0.0233699 0.2459538 0.01151931 0.2237744 0.01815754 0.1874094 0.2663478 0.2059458 0.2991839 0.215097 0.2884155 0.1840924 0.2508928 0.1874094 0.2663478 0.2001462 0.253756 0.3304899 0.1232728 0.3226243 0.04314345 0.3092057 0.05754631 0.2825595 0.3161073 0.3010255 0.3125452 0.2917848 0.3057764 0.3226243 0.04314345 0.3200148 0.03213191 0.3071008 0.04786652 0.2459539 0.3129471 0.2603257 0.3158118 0.2589578 0.303736 0.3200148 0.03213191 0.3010254 0.01192116 0.2917848 0.01869004 0.3071009 0.2765998 0.3200148 0.2923345 0.3226243 0.281323 0.2917848 0.01869004 0.3010254 0.01192116 0.2825595 0.007538497 0.3092057 0.26692 0.3226243 0.281323 0.3304899 0.2011936 0.2946276 0.2068973 0.2946276 0.2273378 0.2849184 0.2253409 0.2384865 0.2549122 0.2422307 0.2475692 0.2511028 0.248973 0.2946276 0.2273378 0.2904896 0.2483577 0.2817721 0.2422856 0.2791268 0.1776869 0.2731322 0.1853161 0.2657455 0.1843893 0.2904896 0.2483577 0.2891167 0.2512464 0.2807282 0.2446141 0.2891167 0.1829887 0.2807282 0.18959 0.2731322 0.1853161 0.2501547 0.2566536 0.2511028 0.248973 0.2568517 0.2495788 0.2904896 0.1858773 0.281772 0.1919186 0.2807282 0.18959 0.5148665 0.7955983 0.5177152 0.815809 0.5304025 0.815809 0.5148666 0.5353957 0.5144751 0.5464072 0.5271623 0.5464072 0.971051 0.2738996 0.9704412 0.2924134 0.9832226 0.2925665 0.5144751 0.5464072 0.5132951 0.6265366 0.5259823 0.6265366 0.9705742 0.4026463 0.9703253 0.4249273 0.9831241 0.4248027 0.5132951 0.6265366 0.5132951 0.7044574 0.5259823 0.7044574 0.5177152 0.5151849 0.5148666 0.5353957 0.5275538 0.5353957 0.9709008 0.38473 0.9705742 0.4026463 0.9833731 0.4025217 0.9702656 0.3147314 0.9703394 0.3291665 0.9831209 0.3293197 0.9704412 0.2924134 0.9702656 0.3147314 0.9830471 0.3148846 0.9417902 0.3221907 0.9424132 0.4039207 0.9552003 0.4039207 0.9706472 0.351453 0.971051 0.3693752 0.9838325 0.3695284 0.9399668 0.2738996 0.9415134 0.3067356 0.9543005 0.3067356 0.9415134 0.3067356 0.9417902 0.3221907 0.9545773 0.3221907 0.9702656 0.4393603 0.9704656 0.4616752 0.9832644 0.4615507 0.9424132 0.4177798 0.9417902 0.4995099 0.9545773 0.4995099 0.4040206 0.9136239 0.4040206 0.7793794 0.3648306 0.7927339 0.1339711 0.592716 0.09625041 0.592716 0.09625035 0.7783703 0.626226 0.5829648 0.626226 0.7686191 0.7606648 0.7686191 0.7734543 0.1931928 0.7734543 0.007538497 0.6612764 0.007538497 0.4040206 0.9136239 0.3455553 0.9034394 0.3648306 0.7927339 0.583774 0.2404397 0.5745556 0.2342731 0.5757202 0.2325322 0.5916373 0.228685 0.6008557 0.2348515 0.5965284 0.2413204 0.5606652 0.2151431 0.5698836 0.2213097 0.5680766 0.224011 0.5179659 0.2789747 0.5271843 0.2851413 0.5238677 0.2900992 0.6057562 0.2474728 0.5965378 0.2413064 0.5977379 0.2395123 0.5197729 0.2762734 0.5289914 0.28244 0.5271843 0.2851413 0.5732004 0.2163518 0.5824186 0.2225183 0.557345 0.2600013 0.6087108 0.2430559 0.5994925 0.2368894 0.6008557 0.2348515 0.2891167 0.2512464 0.2791268 0.2565482 0.2731322 0.248888 0.2291071 0.2530431 0.235099 0.2460625 0.2422307 0.2475692 0.2501546 0.1775815 0.2577154 0.1768301 0.2568517 0.1846253 0.2577154 0.1768301 0.2694122 0.1765372 0.2657455 0.1843893 0.2136822 0.2152997 0.2176104 0.1938599 0.2263574 0.1983535 0.2291071 0.1811919 0.2384865 0.1793229 0.2422307 0.1866348 0.2193555 0.1898057 0.2291071 0.1811919 0.235099 0.1881416 0.2176104 0.1938599 0.2193555 0.1898057 0.2276842 0.1950853 0.2577154 0.2574051 0.2568517 0.2495788 0.2657456 0.2496413 0.2136822 0.2189353 0.2233704 0.2185674 0.2263574 0.2358506 0.2136822 0.2152997 0.2233704 0.2156367 0.2233704 0.2185674 0.2384865 0.1793229 0.2501546 0.1775815 0.2511028 0.1852311 0.2193555 0.2444294 0.2276842 0.2391188 0.235099 0.2460625 0.2176104 0.2403752 0.2263574 0.2358506 0.2276842 0.2391188 0.2946276 0.2068973 0.2849184 0.2088633 0.281772 0.1919186 0.2791268 0.2565482 0.2694122 0.2574826 0.2657456 0.2496413 0.08500951 0.2481323 0.08767026 0.2582897 0.154085 0.2508928 0.08767026 0.2582897 0.1221233 0.2680751 0.154085 0.2508928 0.1221233 0.2680751 0.1322085 0.2991839 0.1507645 0.2663478 0.1507645 0.2663478 0.154085 0.2508928 0.1221233 0.2680751 0.154085 0.2508928 0.16156 0.1691628 0.08500951 0.2481323 0.16156 0.1691628 0.16156 0.1553037 0.08500957 0.07633411 0.16156 0.1553037 0.1540851 0.07357364 0.08500957 0.07633411 0.1540851 0.07357364 0.1507645 0.05811864 0.1183302 0.06112611 0.1507645 0.05811864 0.1322086 0.02528256 0.1183302 0.06112611 0.1183302 0.06112611 0.08601427 0.07249867 0.08500957 0.07633411 0.08500957 0.07633411 0.1540851 0.07357364 0.1183302 0.06112611 0.5329222 0.2566165 0.5421406 0.2627831 0.5289914 0.28244 0.08500957 0.07633411 0.08424723 0.07312053 0.03487986 0.09049373 0.03487986 0.09049373 0.03487992 0.243296 0.08500951 0.2481323 0.03487992 0.243296 0.08291995 0.2569405 0.08500951 0.2481323 0.09215813 0.3129472 0.09502625 0.2863716 0.07452327 0.2923346 0.09502625 0.2863716 0.08767026 0.2582897 0.07452327 0.2923346 0.08767026 0.2582897 0.08291995 0.2569405 0.07452327 0.2923346 0.0154066 0.04314345 0.007532656 0.1232728 0.03487986 0.09049373 0.007532656 0.1232728 0.007532596 0.2011936 0.03487986 0.09049373 0.007532596 0.2011936 0.01540654 0.281323 0.03487992 0.243296 0.01540654 0.281323 0.0180189 0.2923345 0.07452327 0.2923346 0.03487992 0.243296 0.01540654 0.281323 0.08291995 0.2569405 0.0180189 0.2923345 0.03702831 0.3125453 0.07452327 0.2923346 0.03702831 0.3125453 0.05551379 0.3161074 0.07452327 0.2923346 0.07452327 0.2923346 0.08291995 0.2569405 0.01540654 0.281323 0.0180189 0.03213191 0.0154066 0.04314345 0.07452332 0.03213191 0.05551385 0.007538497 0.03702837 0.01192116 0.07452332 0.03213191 0.03702837 0.01192116 0.0180189 0.03213191 0.07452332 0.03213191 0.08424723 0.07312053 0.07452332 0.03213191 0.0154066 0.04314345 0.03487986 0.09049373 0.08424723 0.07312053 0.0154066 0.04314345 0.07777118 0.008654654 0.07452332 0.03213191 0.09215819 0.01151931 0.07452332 0.03213191 0.08424723 0.07312053 0.08601427 0.07249867 0.09502631 0.03809487 0.07452332 0.03213191 0.08601427 0.07249867 0.09502625 0.2863716 0.114361 0.3063089 0.1322085 0.2991839 0.1322085 0.2991839 0.1221233 0.2680751 0.09502625 0.2863716 0.09502631 0.03809487 0.08601427 0.07249867 0.1183302 0.06112611 0.1183302 0.06112611 0.1322086 0.02528256 0.09502631 0.03809487 0.6100741 0.2410181 0.6192925 0.2471846 0.6134 0.2559934 0.5588582 0.2178444 0.5680766 0.224011 0.5549274 0.2436679 0.6038494 0.2503234 0.594631 0.2441568 0.5965378 0.2413064 0.08601427 0.07249867 0.08601427 0.07249867 0.08424723 0.07312053 0.545709 0.2375013 0.5549274 0.2436679 0.5421406 0.2627831 0.6141957 0.254804 0.6234139 0.2609705 0.6205964 0.2651826 0.5639818 0.2101851 0.5732001 0.2163517 0.5698836 0.2213097 0.6022725 0.2526809 0.593054 0.2465143 0.594631 0.2441568 0.586673 0.2361059 0.5774546 0.2299393 0.5786871 0.228097 0.5849387 0.2386987 0.5757202 0.2325322 0.5774546 0.2299393 0.5868821 0.2357935 0.5961005 0.2419601 0.592997 0.2465994 0.5899227 0.231248 0.5807043 0.2250815 0.5824188 0.2225184 0.6234139 0.2609705 0.6141957 0.254804 0.6192925 0.2471846 0.6069563 0.2456788 0.5977379 0.2395123 0.5994925 0.2368894 0.5873099 0.2351538 0.5965284 0.2413204 0.5961005 0.2419601 0.5879056 0.2342634 0.5786871 0.228097 0.5807043 0.2250815 0.6285108 0.2533512 0.6377292 0.2595177 0.6334249 0.2659522</float_array>
          <technique_common>
            <accessor source="#Cylinder_042-mesh-map-0-array" count="1158" stride="2">
              <param name="S" type="float"/>
              <param name="T" type="float"/>
            </accessor>
          </technique_common>
        </source>
        <vertices id="Cylinder_042-mesh-vertices">
          <input semantic="POSITION" source="#Cylinder_042-mesh-positions"/>
        </vertices>
        <triangles material="Material_001-material" count="386">
          <input semantic="VERTEX" source="#Cylinder_042-mesh-vertices" offset="0"/>
          <input semantic="NORMAL" source="#Cylinder_042-mesh-normals" offset="1"/>
          <input semantic="TEXCOORD" source="#Cylinder_042-mesh-map-0" offset="2" set="0"/>
          <p>6 0 0 35 0 1 13 0 2 24 1 3 34 1 4 23 1 5 81 2 6 51 2 7 50 2 8 1 3 9 0 3 10 55 3 11 24 4 12 23 4 13 28 4 14 29 3 15 28 3 16 31 3 17 49 5 18 53 5 19 54 5 20 60 6 21 21 6 22 20 6 23 76 7 24 46 7 25 45 7 26 10 8 27 20 8 28 8 8 29 59 9 30 20 9 31 18 9 32 38 10 33 29 10 34 37 10 35 41 11 36 45 11 37 46 11 38 16 12 39 11 12 40 3 12 41 44 13 42 7 13 43 21 13 44 25 14 45 39 14 46 32 14 47 52 15 48 36 15 49 30 15 50 48 16 51 40 16 52 47 16 53 12 3 54 10 3 55 8 3 56 7 3 57 9 3 58 8 3 59 10 3 60 12 3 61 11 3 62 67 17 63 14 17 64 13 17 65 71 18 66 35 18 67 34 18 68 26 19 69 28 19 70 27 19 71 29 3 72 31 3 73 30 3 74 69 20 75 16 20 76 15 20 77 68 12 78 17 12 79 16 12 80 14 21 81 6 21 82 13 21 83 4 22 84 16 22 85 3 22 86 8 23 87 21 23 88 7 23 89 18 24 90 11 24 91 17 24 92 23 25 93 35 25 94 22 25 95 33 26 96 25 26 97 32 26 98 37 27 99 30 27 100 36 27 101 27 28 102 39 28 103 26 28 104 40 29 105 46 29 106 47 29 107 44 30 108 42 30 109 43 30 110 48 31 111 54 31 112 55 31 113 52 32 114 50 32 115 51 32 116 15 33 117 5 33 118 14 33 119 61 34 120 99 34 121 77 34 122 75 3 123 96 3 124 74 3 125 58 35 126 2 35 127 59 35 128 59 3 129 82 3 130 60 3 131 102 3 132 62 3 133 80 3 134 73 3 135 94 3 136 72 3 137 70 3 138 89 3 139 67 3 140 84 3 141 63 3 142 62 3 143 61 36 144 44 36 145 21 36 146 73 37 147 33 37 148 32 37 149 74 38 150 48 38 151 47 38 152 78 39 153 50 39 154 49 39 155 62 40 156 37 40 157 36 40 158 79 41 159 49 41 160 48 41 161 65 14 162 32 14 163 39 14 164 66 42 165 15 42 166 14 42 167 72 43 168 34 43 169 33 43 170 75 44 171 47 44 172 46 44 173 63 45 174 38 45 175 37 45 176 70 46 177 13 46 178 35 46 179 58 47 180 18 47 181 17 47 182 64 48 183 39 48 184 38 48 185 80 49 186 36 49 187 51 49 188 77 50 189 45 50 190 44 50 191 107 51 192 86 51 193 85 51 194 110 52 195 91 52 196 88 52 197 109 53 198 95 53 199 87 53 200 111 54 201 88 54 202 89 54 203 122 55 204 103 55 205 100 55 206 125 56 207 102 56 208 103 56 209 104 57 210 83 57 211 82 57 212 118 38 213 101 38 214 96 38 215 77 58 216 98 58 217 76 58 218 76 59 219 97 59 220 75 59 221 86 3 222 65 3 223 64 3 224 101 60 225 78 60 226 79 60 227 96 3 228 79 3 229 74 3 230 60 61 231 83 61 232 61 61 233 103 62 234 80 62 235 81 62 236 100 63 237 81 63 238 78 63 239 89 64 240 66 64 241 67 64 242 87 65 243 73 65 244 65 65 245 88 3 246 69 3 247 66 3 248 85 3 249 64 3 250 63 3 251 91 66 252 68 66 253 69 66 254 72 3 255 93 3 256 71 3 257 68 3 258 19 3 259 58 3 260 71 67 261 92 67 262 70 67 263 111 68 264 148 68 265 145 68 266 106 69 267 141 69 268 107 69 269 114 70 270 149 70 271 148 70 272 112 71 273 136 71 274 57 71 275 115 72 276 150 72 277 149 72 278 113 73 279 146 73 280 112 73 281 107 74 282 142 74 283 108 74 284 110 75 285 147 75 286 113 75 287 113 76 288 90 76 289 91 76 290 116 77 291 93 77 292 94 77 293 112 78 294 19 78 295 90 78 296 115 79 297 92 79 298 93 79 299 106 80 300 85 80 301 84 80 302 114 81 303 89 81 304 92 81 305 117 82 306 94 82 307 95 82 308 124 83 309 84 83 310 102 83 311 56 84 312 82 84 313 2 84 314 57 85 315 2 85 316 19 85 317 119 86 318 96 86 319 97 86 320 105 87 321 99 87 322 83 87 323 121 88 324 98 88 325 99 88 326 120 89 327 97 89 328 98 89 329 108 90 330 87 90 331 86 90 332 123 91 333 100 91 334 101 91 335 132 14 336 131 14 337 133 14 338 126 92 339 131 92 340 130 92 341 126 93 342 132 93 343 128 93 344 131 94 345 129 94 346 133 94 347 128 95 348 127 95 349 126 95 350 146 96 351 169 96 352 136 96 353 167 97 354 189 97 355 160 97 356 150 98 357 185 98 358 149 98 359 147 99 360 182 99 361 146 99 362 141 100 363 178 100 364 142 100 365 144 101 366 183 101 367 147 101 368 166 102 369 197 102 370 167 102 371 143 103 372 187 103 373 151 103 374 116 104 375 151 104 376 150 104 377 124 105 378 140 105 379 106 105 380 104 70 381 137 70 382 138 70 383 56 70 384 136 70 385 137 70 386 118 106 387 153 106 388 152 106 389 121 107 390 139 107 391 155 107 392 120 108 393 155 108 394 154 108 395 119 109 396 154 109 397 153 109 398 108 70 399 143 70 400 109 70 401 123 70 402 156 70 403 122 70 404 118 70 405 157 70 406 123 70 407 105 70 408 138 70 409 139 70 410 125 110 411 158 110 412 124 110 413 122 111 414 159 111 415 125 111 416 111 112 417 144 112 418 110 112 419 117 70 420 143 70 421 151 70 422 134 113 423 135 113 424 157 113 425 145 114 426 180 114 427 144 114 428 160 115 429 163 115 430 135 115 431 135 116 432 134 116 433 166 116 434 161 117 435 162 117 436 134 117 437 177 70 438 178 70 439 176 70 440 184 118 441 197 118 442 196 118 443 171 70 444 172 70 445 168 70 446 195 119 447 193 119 448 174 119 449 169 120 450 168 120 451 170 120 452 172 121 453 171 121 454 173 121 455 175 122 456 174 122 457 176 122 458 178 70 459 177 70 460 179 70 461 188 123 462 173 123 463 171 123 464 155 124 465 194 124 466 164 124 467 149 125 468 184 125 469 148 125 470 140 126 471 176 126 472 141 126 473 161 127 474 192 127 475 162 127 476 148 128 477 181 128 478 145 128 479 164 129 480 191 129 481 161 129 482 151 130 483 186 130 484 150 130 485 158 131 486 175 131 487 140 131 488 137 132 489 172 132 490 138 132 491 136 133 492 170 133 493 137 133 494 163 134 495 195 134 496 165 134 497 139 135 498 188 135 499 155 135 500 165 136 501 190 136 502 158 136 503 142 137 504 179 137 505 143 137 506 160 138 507 193 138 508 163 138 509 138 139 510 173 139 511 139 139 512 162 129 513 196 129 514 166 129 515 6 0 516 22 0 517 35 0 518 24 1 519 33 1 520 34 1 521 81 140 522 80 140 523 51 140 524 9 141 525 7 141 526 43 141 527 43 142 528 42 142 529 9 142 530 42 3 531 41 3 532 0 3 533 9 143 534 42 143 535 0 143 536 41 3 537 40 3 538 0 3 539 40 3 540 55 3 541 0 3 542 55 3 543 54 3 544 1 3 545 54 144 546 53 144 547 1 144 548 53 145 549 52 145 550 31 145 551 52 3 552 30 3 553 31 3 554 31 3 555 1 3 556 53 3 557 23 3 558 22 3 559 1 3 560 22 146 561 6 146 562 1 146 563 6 147 564 5 147 565 0 147 566 5 148 567 4 148 568 12 148 569 0 3 570 5 3 571 12 3 572 4 149 573 3 149 574 11 149 575 11 150 576 12 150 577 4 150 578 0 3 579 1 3 580 6 3 581 1 151 582 28 151 583 23 151 584 28 152 585 26 152 586 25 152 587 25 153 588 24 153 589 28 153 590 27 3 591 28 3 592 29 3 593 28 154 594 1 154 595 31 154 596 49 155 597 50 155 598 53 155 599 60 156 600 61 156 601 21 156 602 76 157 603 75 157 604 46 157 605 10 158 606 18 158 607 20 158 608 59 159 609 60 159 610 20 159 611 38 160 612 27 160 613 29 160 614 41 161 615 42 161 616 45 161 617 16 12 618 17 12 619 11 12 620 44 162 621 43 162 622 7 162 623 25 14 624 26 14 625 39 14 626 52 163 627 51 163 628 36 163 629 48 38 630 55 38 631 40 38 632 8 3 633 9 3 634 12 3 635 9 3 636 0 3 637 12 3 638 67 164 639 66 164 640 14 164 641 71 165 642 70 165 643 35 165 644 69 166 645 68 166 646 16 166 647 68 12 648 58 12 649 17 12 650 14 167 651 5 167 652 6 167 653 4 168 654 15 168 655 16 168 656 8 169 657 20 169 658 21 169 659 18 170 660 10 170 661 11 170 662 23 25 663 34 25 664 35 25 665 33 171 666 24 171 667 25 171 668 37 172 669 29 172 670 30 172 671 27 173 672 38 173 673 39 173 674 40 174 675 41 174 676 46 174 677 44 175 678 45 175 679 42 175 680 48 176 681 49 176 682 54 176 683 52 177 684 53 177 685 50 177 686 15 33 687 4 33 688 5 33 689 61 178 690 83 178 691 99 178 692 75 3 693 97 3 694 96 3 695 58 179 696 19 179 697 2 179 698 59 3 699 2 3 700 82 3 701 102 180 702 84 180 703 62 180 704 73 181 705 95 181 706 94 181 707 70 182 708 92 182 709 89 182 710 84 183 711 85 183 712 63 183 713 61 184 714 77 184 715 44 184 716 73 185 717 72 185 718 33 185 719 74 38 720 79 38 721 48 38 722 78 186 723 81 186 724 50 186 725 62 40 726 63 40 727 37 40 728 79 187 729 78 187 730 49 187 731 65 14 732 73 14 733 32 14 734 66 188 735 69 188 736 15 188 737 72 189 738 71 189 739 34 189 740 75 190 741 74 190 742 47 190 743 63 191 744 64 191 745 38 191 746 70 192 747 67 192 748 13 192 749 58 193 750 59 193 751 18 193 752 64 194 753 65 194 754 39 194 755 80 49 756 62 49 757 36 49 758 77 195 759 76 195 760 45 195 761 107 196 762 108 196 763 86 196 764 110 52 765 113 52 766 91 52 767 109 53 768 117 53 769 95 53 770 111 197 771 110 197 772 88 197 773 122 198 774 125 198 775 103 198 776 125 199 777 124 199 778 102 199 779 104 200 780 105 200 781 83 200 782 118 38 783 123 38 784 101 38 785 77 201 786 99 201 787 98 201 788 76 202 789 98 202 790 97 202 791 86 203 792 87 203 793 65 203 794 101 204 795 100 204 796 78 204 797 96 3 798 101 3 799 79 3 800 60 3 801 82 3 802 83 3 803 103 205 804 102 205 805 80 205 806 100 206 807 103 206 808 81 206 809 89 3 810 88 3 811 66 3 812 87 207 813 95 207 814 73 207 815 88 208 816 91 208 817 69 208 818 85 209 819 86 209 820 64 209 821 91 210 822 90 210 823 68 210 824 72 211 825 94 211 826 93 211 827 68 3 828 90 3 829 19 3 830 71 3 831 93 3 832 92 3 833 111 70 834 114 70 835 148 70 836 106 70 837 140 70 838 141 70 839 114 70 840 115 70 841 149 70 842 112 212 843 146 212 844 136 212 845 115 70 846 116 70 847 150 70 848 113 213 849 147 213 850 146 213 851 107 214 852 141 214 853 142 214 854 110 70 855 144 70 856 147 70 857 113 215 858 112 215 859 90 215 860 116 216 861 115 216 862 93 216 863 112 217 864 57 217 865 19 217 866 115 218 867 114 218 868 92 218 869 106 219 870 107 219 871 85 219 872 114 220 873 111 220 874 89 220 875 117 221 876 116 221 877 94 221 878 124 222 879 106 222 880 84 222 881 56 223 882 104 223 883 82 223 884 57 224 885 56 224 886 2 224 887 119 225 888 118 225 889 96 225 890 105 226 891 121 226 892 99 226 893 121 88 894 120 88 895 98 88 896 120 227 897 119 227 898 97 227 899 108 228 900 109 228 901 87 228 902 123 229 903 122 229 904 100 229 905 132 230 906 130 230 907 131 230 908 126 231 909 127 231 910 131 231 911 126 232 912 130 232 913 132 232 914 131 233 915 127 233 916 129 233 917 128 12 918 129 12 919 127 12 920 146 234 921 182 234 922 169 234 923 167 235 924 197 235 925 189 235 926 150 236 927 186 236 928 185 236 929 147 237 930 183 237 931 182 237 932 141 238 933 176 238 934 178 238 935 144 101 936 180 101 937 183 101 938 166 239 939 196 239 940 197 239 941 143 103 942 179 103 943 187 103 944 116 240 945 117 240 946 151 240 947 124 241 948 158 241 949 140 241 950 104 242 951 56 242 952 137 242 953 56 70 954 57 70 955 136 70 956 118 243 957 119 243 958 153 243 959 121 244 960 105 244 961 139 244 962 120 245 963 121 245 964 155 245 965 119 246 966 120 246 967 154 246 968 108 70 969 142 70 970 143 70 971 123 70 972 157 70 973 156 70 974 118 70 975 152 70 976 157 70 977 105 247 978 104 247 979 138 247 980 125 70 981 159 70 982 158 70 983 122 248 984 156 248 985 159 248 986 111 249 987 145 249 988 144 249 989 117 250 990 109 250 991 143 250 992 135 251 993 163 251 994 156 251 995 163 70 996 165 70 997 156 70 998 165 252 999 158 252 1000 159 252 1001 159 253 1002 156 253 1003 165 253 1004 156 70 1005 157 70 1006 135 70 1007 157 70 1008 152 70 1009 134 70 1010 152 254 1011 153 254 1012 134 254 1013 153 70 1014 154 70 1015 164 70 1016 154 70 1017 155 70 1018 164 70 1019 164 255 1020 161 255 1021 134 255 1022 134 256 1023 153 256 1024 164 256 1025 145 257 1026 181 257 1027 180 257 1028 134 258 1029 162 258 1030 166 258 1031 166 70 1032 167 70 1033 135 70 1034 167 259 1035 160 259 1036 135 259 1037 176 260 1038 174 260 1039 177 260 1040 174 261 1041 193 261 1042 177 261 1043 193 70 1044 189 70 1045 177 70 1046 180 70 1047 181 70 1048 196 70 1049 181 262 1050 184 262 1051 196 262 1052 184 70 1053 185 70 1054 197 70 1055 185 70 1056 186 70 1057 177 70 1058 197 70 1059 185 70 1060 189 70 1061 186 70 1062 187 70 1063 177 70 1064 187 263 1065 179 263 1066 177 263 1067 177 70 1068 189 70 1069 185 70 1070 183 70 1071 180 70 1072 168 70 1073 169 70 1074 182 70 1075 168 70 1076 182 70 1077 183 70 1078 168 70 1079 192 264 1080 168 264 1081 180 264 1082 196 265 1083 192 265 1084 180 265 1085 170 70 1086 168 70 1087 172 70 1088 168 70 1089 192 70 1090 191 70 1091 171 70 1092 168 70 1093 191 70 1094 174 70 1095 175 70 1096 190 70 1097 190 266 1098 195 266 1099 174 266 1100 171 70 1101 191 70 1102 194 70 1103 194 70 1104 188 70 1105 171 70 1106 155 267 1107 188 267 1108 194 267 1109 149 268 1110 185 268 1111 184 268 1112 140 269 1113 175 269 1114 176 269 1115 161 270 1116 191 270 1117 192 270 1118 148 128 1119 184 128 1120 181 128 1121 164 271 1122 194 271 1123 191 271 1124 151 272 1125 187 272 1126 186 272 1127 158 273 1128 190 273 1129 175 273 1130 137 132 1131 170 132 1132 172 132 1133 136 274 1134 169 274 1135 170 274 1136 163 275 1137 193 275 1138 195 275 1139 139 276 1140 173 276 1141 188 276 1142 165 277 1143 195 277 1144 190 277 1145 142 278 1146 178 278 1147 179 278 1148 160 279 1149 189 279 1150 193 279 1151 138 280 1152 172 280 1153 173 280 1154 162 281 1155 192 281 1156 196 281 1157</p>
        </triangles>
      </mesh>
    </geometry>
    <geometry id="Cylinder_043-mesh" name="Cylinder.043">
      <mesh>
        <source id="Cylinder_043-mesh-positions">
          <float_array id="Cylinder_043-mesh-positions-array" count="1956">21.49262 0 -42.00446 21.49262 0 42.00446 -21.49262 0 -42.00446 -21.49262 0 42.00446 17.92395 0 49.14285 0 -21.49262 -42.00446 0 -21.49262 42.00446 4.193002 -21.07964 -42.00446 4.193002 -21.07964 42.00446 8.224869 -19.85659 -42.00446 8.224869 -19.85659 42.00446 11.94066 -17.87046 -42.00446 -17.92395 0 49.14285 9.004167 0 53.15055 11.94066 -17.87046 42.00446 15.19757 -15.19757 -42.00446 15.19757 -15.19757 42.00446 17.87046 -11.94066 -42.00446 17.87046 -11.94066 42.00446 19.85659 -8.224869 -42.00446 19.85659 -8.224869 42.00446 21.07964 -4.193003 -42.00446 21.07964 -4.193003 42.00446 -21.07964 -4.193024 -42.00446 -21.07964 -4.193024 42.00446 -19.85658 -8.224891 -42.00446 -19.85658 -8.224891 42.00446 -17.87044 -11.94068 -42.00446 -9.004165 0 53.15055 21.49262 0 0 -17.87044 -11.94068 42.00446 -15.19756 -15.19759 -42.00446 -15.19756 -15.19759 42.00446 -11.94063 -17.87048 -42.00446 17.92395 0 -49.14285 -11.94063 -17.87048 42.00446 -8.22484 -19.8566 42.00446 -4.192969 -21.07965 42.00446 3.496789 -17.57955 49.14285 -7.39494e-7 -17.92395 49.14285 6.859198 -16.55957 49.14285 9.958013 -14.90322 49.14285 12.67415 -12.67415 49.14285 14.90322 -9.958015 49.14285 16.55957 -6.8592 49.14285 17.57955 -3.496791 49.14285 -17.57954 -3.496809 49.14285 -16.55957 -6.859219 49.14285 -14.90321 -9.958033 49.14285 -12.67413 -12.67416 49.14285 -9.957995 -14.90324 49.14285 -6.859176 -16.55958 49.14285 -3.496762 -17.57956 49.14285 1.756626 -8.831158 53.15055 3.23395e-7 -9.004171 53.15055 -17.92395 0 -49.14285 21.49262 0 31.38999 3.445745 -8.318769 53.15055 9.004167 0 -53.15055 5.002447 -7.486694 53.15055 6.366906 -6.36691 53.15055 7.486691 -5.002449 53.15055 8.318765 -3.445749 53.15055 8.831154 -1.75663 53.15055 -8.831151 -1.756639 53.15055 -8.318761 -3.445758 53.15055 -7.486684 -5.002459 53.15055 -6.366898 -6.366919 53.15055 -8.22484 -19.8566 -42.00446 -4.192969 -21.07965 -42.00446 -5.002436 -7.486701 53.15055 -3.445733 -8.318774 53.15055 -1.756611 -8.83116 53.15055 -9.004165 0 -53.15055 11.94066 -17.87046 0 -21.49262 0 31.39 15.19757 -15.19757 0 17.87046 -11.94066 0 19.85659 -8.224869 0 21.07964 -4.193003 0 15.19757 -15.19757 31.38999 3.496789 -17.57955 -49.14285 -7.39494e-7 -17.92395 -49.14285 6.859198 -16.55957 -49.14285 9.958013 -14.90322 -49.14285 12.67415 -12.67415 -49.14285 14.90322 -9.958015 -49.14285 16.55957 -6.8592 -49.14285 17.57955 -3.496791 -49.14285 -17.57954 -3.496809 -49.14285 21.07964 -4.193003 31.38999 -16.55957 -6.859219 -49.14285 -14.90321 -9.958033 -49.14285 -12.67413 -12.67416 -49.14285 -9.957995 -14.90324 -49.14285 -6.859176 -16.55958 -49.14285 21.49262 0 -31.38999 -3.496762 -17.57956 -49.14285 1.756626 -8.831158 -53.15055 3.23395e-7 -9.004171 -53.15055 17.21164 0 26.12907 3.445745 -8.318769 -53.15055 5.002447 -7.486694 -53.15055 -17.21163 0 26.12907 6.366906 -6.36691 -53.15055 7.486691 -5.002449 -53.15055 8.318765 -3.445749 -53.15055 8.831154 -1.75663 -53.15055 19.85659 -8.224869 31.38999 -8.22484 -19.8566 31.38999 -17.87044 -11.94068 31.39 4.193002 -21.07964 31.38999 -11.94063 -17.87048 31.38999 11.94066 -17.87046 31.38999 -19.85658 -8.224891 31.39 -8.831151 -1.756639 -53.15055 -21.49262 0 -31.39 -4.192969 -21.07965 31.38999 17.87046 -11.94066 31.38999 0 -21.49262 31.38999 -15.19756 -15.19759 31.38999 8.224869 -19.85659 31.38999 -21.07964 -4.193024 31.39 -8.318761 -3.445758 -53.15055 -7.486684 -5.002459 -53.15055 -6.366898 -6.366919 -53.15055 -5.002436 -7.486701 -53.15055 -3.445733 -8.318774 -53.15055 -1.756611 -8.83116 -53.15055 15.19757 -15.19757 -31.38999 17.21164 0 -26.12907 21.07964 -4.193003 -31.38999 19.85659 -8.224869 -31.38999 -17.21163 0 -26.12907 12.17047 -12.17046 26.12907 16.88092 -3.357824 26.12907 15.90148 -6.586607 26.12907 -6.586584 -15.90149 26.12907 -14.31094 -9.562291 26.12907 3.357825 -16.88092 26.12907 -9.562252 -14.31096 26.12907 9.562275 -14.31095 26.12907 15.60495 0 26.12907 -15.90147 -6.586625 26.12907 -3.357796 -16.88092 26.12907 14.31095 -9.562273 26.12907 1.25381e-6 -17.21164 26.12907 -12.17045 -12.17048 26.12907 6.586609 -15.90148 26.12907 -16.88092 -3.357841 26.12907 -8.22484 -19.8566 -31.38999 -15.60495 0 26.12907 -17.87044 -11.94068 -31.39 4.193002 -21.07964 -31.38999 -11.94063 -17.87048 -31.38999 11.94066 -17.87046 -31.38999 -19.85658 -8.224891 -31.39 -4.192969 -21.07965 -31.38999 17.87046 -11.94066 -31.38999 14.78661 0 28.10487 0 -21.49262 -31.38999 -15.19756 -15.19759 -31.38999 8.224869 -19.85659 -31.38999 -21.07964 -4.193024 -31.39 12.17047 -12.17046 -26.12907 16.88092 -3.357824 -26.12907 15.90148 -6.586607 -26.12907 -6.586584 -15.90149 -26.12907 -14.78661 0 28.10487 -14.31094 -9.562291 -26.12907 3.357825 -16.88092 -26.12907 8.669648 -12.97504 26.12907 11.03437 -11.03437 26.12907 17.21164 0 0 14.41709 -5.971755 26.12907 15.30511 -3.044375 26.12907 12.97504 -8.669645 26.12907 -8.669626 -12.97505 26.12907 -11.03435 -11.03438 26.12907 -12.97503 -8.669661 26.12907 -14.41708 -5.971771 26.12907 -15.3051 -3.044391 26.12907 5.971758 -14.41709 26.12907 1.86923e-6 -15.60495 26.12907 -3.044349 -15.30511 26.12907 3.044377 -15.3051 26.12907 -5.971733 -14.4171 26.12907 8.215003 -12.29462 28.10487 10.45571 -10.45571 28.10487 13.66105 -5.65859 28.10487 14.50249 -2.884725 28.10487 12.29462 -8.215001 28.10487 15.60495 0 -26.12907 -8.214982 -12.29463 28.10487 -10.4557 -10.45572 28.10487 -12.2946 -8.215016 28.10487 -13.66104 -5.658606 28.10487 -14.50248 -2.88474 28.10487 5.658593 -13.66105 28.10487 2.31983e-6 -14.78661 28.10487 -2.884701 -14.50249 28.10487 -15.60495 0 -26.12907 2.884727 -14.50249 28.10487 -5.658569 -13.66106 28.10487 15.90148 -6.586607 0 16.88092 -3.357824 0 9.562275 -14.31095 0 11.94066 -17.87046 0 14.31095 -9.562273 0 14.78661 0 -28.10487 12.17047 -12.17046 0 -9.562252 -14.31096 -26.12907 9.562275 -14.31095 -26.12907 -15.90147 -6.586625 -26.12907 -3.357796 -16.88092 -26.12907 14.31095 -9.562273 -26.12907 1.25381e-6 -17.21164 -26.12907 -12.17045 -12.17048 -26.12907 -14.78661 0 -28.10487 6.586609 -15.90148 -26.12907 -16.88092 -3.357841 -26.12907 0 21.49262 -42.00446 0 21.49262 42.00446 4.193002 21.07964 -42.00446 4.193002 21.07964 42.00446 8.224869 19.85659 -42.00446 8.224869 19.85659 42.00446 11.94066 17.87046 -42.00446 11.94066 17.87046 42.00446 15.19757 15.19757 -42.00446 15.19757 15.19757 42.00446 17.87046 11.94066 -42.00446 17.87046 11.94066 42.00446 19.85659 8.224869 -42.00446 19.85659 8.224869 42.00446 21.07964 4.193003 -42.00446 21.07964 4.193003 42.00446 -21.07964 4.193024 -42.00446 -21.07964 4.193024 42.00446 -19.85658 8.224891 -42.00446 -19.85658 8.224891 42.00446 -17.87044 11.94068 -42.00446 -17.87044 11.94068 42.00446 -15.19756 15.19759 -42.00446 -15.19756 15.19759 42.00446 -11.94063 17.87048 -42.00446 -11.94063 17.87048 42.00446 -8.22484 19.8566 42.00446 -4.192969 21.07965 42.00446 3.496789 17.57955 49.14285 -7.39494e-7 17.92395 49.14285 6.859198 16.55957 49.14285 9.958013 14.90322 49.14285 12.67415 12.67415 49.14285 14.90322 9.958015 49.14285 16.55957 6.8592 49.14285 17.57955 3.496791 49.14285 -17.57954 3.496809 49.14285 -16.55957 6.859219 49.14285 -14.90321 9.958033 49.14285 -12.67413 12.67416 49.14285 -9.957995 14.90324 49.14285 -6.859176 16.55958 49.14285 -3.496762 17.57956 49.14285 1.756626 8.831158 53.15055 3.23395e-7 9.004171 53.15055 3.445745 8.318769 53.15055 5.002447 7.486694 53.15055 6.366906 6.36691 53.15055 7.486691 5.002449 53.15055 8.318765 3.445749 53.15055 8.831154 1.75663 53.15055 -8.831151 1.756639 53.15055 -8.318761 3.445758 53.15055 -7.486684 5.002459 53.15055 -6.366898 6.366919 53.15055 -8.22484 19.8566 -42.00446 -4.192969 21.07965 -42.00446 -5.002436 7.486701 53.15055 -3.445733 8.318774 53.15055 -1.756611 8.83116 53.15055 11.94066 17.87046 0 15.19757 15.19757 0 17.87046 11.94066 0 19.85659 8.224869 0 21.07964 4.193003 0 15.19757 15.19757 31.38999 3.496789 17.57955 -49.14285 -7.39494e-7 17.92395 -49.14285 6.859198 16.55957 -49.14285 9.958013 14.90322 -49.14285 12.67415 12.67415 -49.14285 14.90322 9.958015 -49.14285 16.55957 6.8592 -49.14285 17.57955 3.496791 -49.14285 -17.57954 3.496809 -49.14285 21.07964 4.193003 31.38999 -16.55957 6.859219 -49.14285 -14.90321 9.958033 -49.14285 -12.67413 12.67416 -49.14285 -9.957995 14.90324 -49.14285 -6.859176 16.55958 -49.14285 -3.496762 17.57956 -49.14285 1.756626 8.831158 -53.15055 3.23395e-7 9.004171 -53.15055 3.445745 8.318769 -53.15055 5.002447 7.486694 -53.15055 6.366906 6.36691 -53.15055 7.486691 5.002449 -53.15055 8.318765 3.445749 -53.15055 8.831154 1.75663 -53.15055 19.85659 8.224869 31.38999 -8.22484 19.8566 31.38999 -17.87044 11.94068 31.39 4.193002 21.07964 31.38999 -11.94063 17.87048 31.38999 11.94066 17.87046 31.38999 -19.85658 8.224891 31.39 -8.831151 1.756639 -53.15055 -4.192969 21.07965 31.38999 17.87046 11.94066 31.38999 0 21.49262 31.38999 -15.19756 15.19759 31.38999 8.224869 19.85659 31.38999 -21.07964 4.193024 31.39 -8.318761 3.445758 -53.15055 -7.486684 5.002459 -53.15055 -6.366898 6.366919 -53.15055 -5.002436 7.486701 -53.15055 -3.445733 8.318774 -53.15055 -1.756611 8.83116 -53.15055 15.19757 15.19757 -31.38999 21.07964 4.193003 -31.38999 19.85659 8.224869 -31.38999 12.17047 12.17046 26.12907 16.88092 3.357824 26.12907 15.90148 6.586607 26.12907 -6.586584 15.90149 26.12907 -14.31094 9.562291 26.12907 3.357825 16.88092 26.12907 -9.562252 14.31096 26.12907 9.562275 14.31095 26.12907 -15.90147 6.586625 26.12907 -3.357796 16.88092 26.12907 14.31095 9.562273 26.12907 1.25381e-6 17.21164 26.12907 -12.17045 12.17048 26.12907 6.586609 15.90148 26.12907 -16.88092 3.357841 26.12907 -8.22484 19.8566 -31.38999 -17.87044 11.94068 -31.39 4.193002 21.07964 -31.38999 -11.94063 17.87048 -31.38999 11.94066 17.87046 -31.38999 -19.85658 8.224891 -31.39 -4.192969 21.07965 -31.38999 17.87046 11.94066 -31.38999 0 21.49262 -31.38999 -15.19756 15.19759 -31.38999 8.224869 19.85659 -31.38999 -21.07964 4.193024 -31.39 12.17047 12.17046 -26.12907 16.88092 3.357824 -26.12907 15.90148 6.586607 -26.12907 -6.586584 15.90149 -26.12907 -14.31094 9.562291 -26.12907 3.357825 16.88092 -26.12907 8.669648 12.97504 26.12907 11.03437 11.03437 26.12907 14.41709 5.971755 26.12907 15.30511 3.044375 26.12907 12.97504 8.669645 26.12907 -8.669626 12.97505 26.12907 -11.03435 11.03438 26.12907 -12.97503 8.669661 26.12907 -14.41708 5.971771 26.12907 -15.3051 3.044391 26.12907 5.971758 14.41709 26.12907 1.86923e-6 15.60495 26.12907 -3.044349 15.30511 26.12907 3.044377 15.3051 26.12907 -5.971733 14.4171 26.12907 8.215003 12.29462 28.10487 10.45571 10.45571 28.10487 13.66105 5.65859 28.10487 14.50249 2.884725 28.10487 12.29462 8.215001 28.10487 -8.214982 12.29463 28.10487 -10.4557 10.45572 28.10487 -12.2946 8.215016 28.10487 -13.66104 5.658606 28.10487 -14.50248 2.88474 28.10487 5.658593 13.66105 28.10487 2.31983e-6 14.78661 28.10487 -2.884701 14.50249 28.10487 2.884727 14.50249 28.10487 -5.658569 13.66106 28.10487 15.90148 6.586607 0 16.88092 3.357824 0 9.562275 14.31095 0 11.94066 17.87046 0 14.31095 9.562273 0 12.17047 12.17046 0 -9.562252 14.31096 -26.12907 9.562275 14.31095 -26.12907 -15.90147 6.586625 -26.12907 -3.357796 16.88092 -26.12907 14.31095 9.562273 -26.12907 1.25381e-6 17.21164 -26.12907 -12.17045 12.17048 -26.12907 6.586609 15.90148 -26.12907 -16.88092 3.357841 -26.12907 8.669648 -12.97504 -26.12907 11.03437 -11.03437 -26.12907 14.41709 -5.971755 -26.12907 15.30511 -3.044375 -26.12907 12.97504 -8.669645 -26.12907 -8.669626 -12.97505 -26.12907 -11.03435 -11.03438 -26.12907 -12.97503 -8.669661 -26.12907 -14.41708 -5.971771 -26.12907 -15.3051 -3.044391 -26.12907 5.971758 -14.41709 -26.12907 1.86923e-6 -15.60495 -26.12907 -3.044349 -15.30511 -26.12907 3.044377 -15.3051 -26.12907 -5.971733 -14.4171 -26.12907 8.215003 -12.29462 -28.10487 10.45571 -10.45571 -28.10487 13.66105 -5.65859 -28.10487 14.50249 -2.884725 -28.10487 12.29462 -8.215001 -28.10487 -8.214982 -12.29463 -28.10487 -10.4557 -10.45572 -28.10487 -12.2946 -8.215016 -28.10487 -13.66104 -5.658606 -28.10487 -14.50248 -2.88474 -28.10487 5.658593 -13.66105 -28.10487 2.31983e-6 -14.78661 -28.10487 -2.884701 -14.50249 -28.10487 2.884727 -14.50249 -28.10487 -5.658569 -13.66106 -28.10487 8.669648 12.97504 -26.12907 11.03437 11.03437 -26.12907 14.41709 5.971755 -26.12907 15.30511 3.044375 -26.12907 12.97504 8.669645 -26.12907 -8.669626 12.97505 -26.12907 -11.03435 11.03438 -26.12907 -12.97503 8.669661 -26.12907 -14.41708 5.971771 -26.12907 -15.3051 3.044391 -26.12907 5.971758 14.41709 -26.12907 1.86923e-6 15.60495 -26.12907 -3.044349 15.30511 -26.12907 3.044377 15.3051 -26.12907 -5.971733 14.4171 -26.12907 8.215003 12.29462 -28.10487 10.45571 10.45571 -28.10487 13.66105 5.65859 -28.10487 14.50249 2.884725 -28.10487 12.29462 8.215001 -28.10487 -8.214982 12.29463 -28.10487 -10.4557 10.45572 -28.10487 -12.2946 8.215016 -28.10487 -13.66104 5.658606 -28.10487 -14.50248 2.88474 -28.10487 5.658593 13.66105 -28.10487 2.31983e-6 14.78661 -28.10487 -2.884701 14.50249 -28.10487 2.884727 14.50249 -28.10487 -5.658569 13.66106 -28.10487 14.31095 -9.562273 26.12907 15.90148 -6.586607 26.12907 -11.94063 -17.87048 31.38999 -15.19756 -15.19759 31.38999 -19.85658 -8.224891 31.39 -21.07964 -4.193024 31.39 4.193002 -21.07964 31.38999 0 -21.49262 31.38999 -15.90147 -6.586625 26.12907 -16.88092 -3.357841 26.12907 -4.192969 -21.07965 -31.38999 -8.22484 -19.8566 -31.38999 3.357825 -16.88092 26.12907 1.25381e-6 -17.21164 26.12907 -3.357796 -16.88092 26.12907 -6.586584 -15.90149 26.12907 -11.94063 -17.87048 -31.38999 11.94066 -17.87046 31.38999 8.224869 -19.85659 31.38999 12.17047 -12.17046 26.12907 -12.17045 -12.17048 26.12907 -14.31094 -9.562291 26.12907 6.586609 -15.90148 26.12907 12.17047 -12.17046 -26.12907 14.31095 -9.562273 -26.12907 -9.562252 -14.31096 26.12907 8.224869 -19.85659 -31.38999 4.193002 -21.07964 -31.38999 -15.19756 -15.19759 -31.38999 -17.87044 -11.94068 31.39 16.88092 -3.357824 26.12907 0 -21.49262 -31.38999 9.562275 -14.31095 26.12907 9.562275 -14.31095 26.12907 -8.22484 -19.8566 31.38999 -17.87044 -11.94068 -31.39 -19.85658 -8.224891 -31.39 -4.192969 -21.07965 31.38999 -21.07964 -4.193024 -31.39 9.562275 -14.31095 0 -14.41708 -5.971771 -26.12907 -15.3051 -3.044391 -26.12907 5.971758 -14.41709 -26.12907 3.044377 -15.3051 -26.12907 1.86923e-6 -15.60495 -26.12907 15.90148 -6.586607 -26.12907 16.88092 -3.357824 -26.12907 -5.971733 -14.4171 -26.12907 -8.669626 -12.97505 -26.12907 -9.562252 -14.31096 -26.12907 -12.17045 -12.17048 -26.12907 6.586609 -15.90148 -26.12907 3.357825 -16.88092 -26.12907 14.41709 -5.971755 -26.12907 15.30511 -3.044375 -26.12907 -6.586584 -15.90149 -26.12907 8.669648 -12.97504 -26.12907 11.03437 -11.03437 -26.12907 9.562275 -14.31095 -26.12907 9.562275 -14.31095 -26.12907 -3.357796 -16.88092 -26.12907 -15.90147 -6.586625 -26.12907 -16.88092 -3.357841 -26.12907 -14.31094 -9.562291 -26.12907 12.97504 -8.669645 -26.12907 1.25381e-6 -17.21164 -26.12907 -11.03435 -11.03438 -26.12907 -12.97503 -8.669661 -26.12907 14.41709 -5.971755 26.12907 15.30511 -3.044375 26.12907 -11.03435 -11.03438 26.12907 -12.97503 -8.669661 26.12907 1.86923e-6 -15.60495 26.12907 -3.044349 -15.30511 26.12907 -8.669626 -12.97505 26.12907 8.669648 -12.97504 26.12907 5.971758 -14.41709 26.12907 -5.971733 -14.4171 26.12907 3.044377 -15.3051 26.12907 -14.41708 -5.971771 26.12907 -15.3051 -3.044391 26.12907 11.03437 -11.03437 26.12907 12.97504 -8.669645 26.12907 -3.044349 -15.30511 -26.12907 11.94066 -17.87046 -31.38999 -19.85658 8.224891 -31.39 -21.07964 4.193024 -31.39 -11.94063 17.87048 -31.38999 -15.19756 15.19759 -31.38999 3.357825 16.88092 26.12907 1.25381e-6 17.21164 26.12907 -19.85658 8.224891 31.39 -21.07964 4.193024 31.39 11.94066 17.87046 31.38999 8.224869 19.85659 31.38999 -12.17045 12.17048 26.12907 -14.31094 9.562291 26.12907 -3.357796 16.88092 26.12907 -6.586584 15.90149 26.12907 9.562275 14.31095 26.12907 9.562275 14.31095 26.12907 9.562275 14.31095 0 4.193002 21.07964 31.38999 0 21.49262 31.38999 -15.90147 6.586625 26.12907 -4.192969 21.07965 -31.38999 -8.22484 19.8566 -31.38999 6.586609 15.90148 26.12907 -9.562252 14.31096 26.12907 -16.88092 3.357841 26.12907 3.044377 15.3051 -26.12907 1.86923e-6 15.60495 -26.12907 12.17047 12.17046 -26.12907 14.31095 9.562273 -26.12907 -14.41708 5.971771 -26.12907 -15.3051 3.044391 -26.12907 15.90148 6.586607 -26.12907 16.88092 3.357824 -26.12907 5.971758 14.41709 -26.12907 0 21.49262 -31.38999 -17.87044 11.94068 -31.39 12.17047 12.17046 26.12907 -8.22484 19.8566 31.38999 -11.94063 17.87048 31.38999 4.193002 21.07964 -31.38999 -4.192969 21.07965 31.38999 14.31095 9.562273 26.12907 15.90148 6.586607 26.12907 16.88092 3.357824 26.12907 8.669648 12.97504 -26.12907 -3.044349 15.30511 -26.12907 -5.971733 14.4171 -26.12907 -8.669626 12.97505 -26.12907 8.224869 19.85659 -31.38999 14.41709 5.971755 -26.12907 15.30511 3.044375 -26.12907 -6.586584 15.90149 -26.12907 -9.562252 14.31096 -26.12907 9.562275 14.31095 -26.12907 9.562275 14.31095 -26.12907 -14.31094 9.562291 -26.12907 -15.90147 6.586625 -26.12907 -3.357796 16.88092 -26.12907 11.03437 11.03437 -26.12907 -16.88092 3.357841 -26.12907 -12.17045 12.17048 -26.12907 12.97504 8.669645 -26.12907 6.586609 15.90148 -26.12907 3.357825 16.88092 -26.12907 1.25381e-6 17.21164 -26.12907 -11.03435 11.03438 -26.12907 -11.03435 11.03438 26.12907 -12.97503 8.669661 26.12907 5.971758 14.41709 26.12907 3.044377 15.3051 26.12907 -8.669626 12.97505 26.12907 11.03437 11.03437 26.12907 12.97504 8.669645 26.12907 -14.41708 5.971771 26.12907 -15.3051 3.044391 26.12907 14.41709 5.971755 26.12907 15.30511 3.044375 26.12907 -3.044349 15.30511 26.12907 -5.971733 14.4171 26.12907 1.86923e-6 15.60495 26.12907 -12.97503 8.669661 -26.12907 8.669648 12.97504 26.12907 11.94066 17.87046 -31.38999 -17.87044 11.94068 31.39 -15.19756 15.19759 31.38999 -21.49262 0 31.39 17.21164 0 26.12907 -17.21163 0 26.12907 17.21164 0 -26.12907 -21.49262 0 -31.39 -17.21163 0 -26.12907 15.60495 0 -26.12907 15.60495 0 26.12907 -15.60495 0 26.12907 -15.60495 0 -26.12907</float_array>
          <technique_common>
            <accessor source="#Cylinder_043-mesh-positions-array" count="652" stride="3">
              <param name="X" type="float"/>
              <param name="Y" type="float"/>
              <param name="Z" type="float"/>
            </accessor>
          </technique_common>
        </source>
        <source id="Cylinder_043-mesh-normals">
          <float_array id="Cylinder_043-mesh-normals-array" count="1341">-0.3905264 -0.5845077 0.7112243 -0.6887181 -0.6887181 0.2265716 -0.5411054 -0.8098574 0.2265745 -0.1371235 -0.6894628 0.7112231 -0.08493381 -0.2051169 0.9750453 -0.2689995 -0.6494566 0.7112282 0.9807879 -0.1950772 0 1 0 0 -0.1900122 -0.9552798 -0.2265741 0 -0.7029747 -0.7112149 0 -0.9739936 -0.2265754 -0.3905264 -0.5845077 -0.7112243 -0.1569884 -0.1569884 -0.9750433 -0.1233263 -0.1846079 -0.9750439 0.1900122 -0.9552798 0.2265741 0 -0.7029747 0.7112149 0 -0.9739936 0.2265754 0 -0.2220234 -0.9750415 -0.2220234 0 -0.9750415 0.6494566 -0.2689995 0.7112282 0.8098574 -0.5411054 0.2265745 0.8998541 -0.3727291 0.2265734 0.9238803 -0.3826816 0 0.8314677 -0.5555732 0 -0.3727291 -0.8998541 0.2265734 -0.1900122 -0.9552798 0.2265741 0.1900122 -0.9552798 -0.2265741 0.2689995 -0.6494566 -0.7112282 0.3727291 -0.8998541 -0.2265734 -0.4970706 -0.4970706 0.7112256 -0.8098574 -0.5411054 0.2265745 0.7071068 -0.7071068 0 0.1371235 -0.6894628 -0.7112231 0.4970706 -0.4970706 0.7112256 0.1233564 -0.1846073 0.9750403 0.3905522 -0.5845007 0.7112158 -0.7071068 -0.7071068 0 -0.5555732 -0.8314677 0 0.7029747 0 0.7112149 0.2177512 -0.04330605 0.9750432 0.6894628 -0.1371235 0.7112231 0.1846079 -0.1233263 0.9750439 0.5845007 -0.3905522 0.7112158 0.1950772 -0.9807879 0 0.3826816 -0.9238803 0 -0.5845007 -0.3905522 0.7112158 -0.8998541 -0.3727291 0.2265734 0.2689995 -0.6494566 0.7112282 0.04330605 -0.2177512 0.9750432 0.1371235 -0.6894628 0.7112231 0.5825539 -0.8127921 0 0.6343938 -0.7730101 0 -0.6894628 -0.1371235 0.7112231 -0.9739936 0 0.2265754 -0.9552798 -0.1900122 0.2265741 0.9739936 0 -0.2265754 0.6894628 -0.1371235 -0.7112231 0.7029747 0 -0.7112149 0.5411054 -0.8098574 0.2265745 0.6887181 -0.6887181 0.2265716 -0.2177512 -0.04330605 0.9750432 -0.7029747 0 0.7112149 -0.6494566 -0.2689995 0.7112282 -0.2051163 -0.08496409 0.9750428 0.3727291 -0.8998541 0.2265734 0 -0.2220234 0.9750415 0.1233263 -0.1846079 -0.9750439 0.3905522 -0.5845007 -0.7112158 0.9552798 -0.1900122 0.2265741 -0.1846079 -0.1233263 0.9750439 0.4970706 -0.4970706 -0.7112256 0.1846079 -0.1233263 -0.9750439 0.5845007 -0.3905522 -0.7112158 0.9739936 0 0.2265754 -0.1569884 -0.1569884 0.9750433 0.4309287 0.6449282 0.6311641 0.5484632 0.5484632 0.6311706 0.7756462 0 -0.6311681 0.7607474 0.1513133 -0.6311637 -0.8998541 -0.3727291 -0.2265734 -0.6894628 -0.1371235 -0.7112231 -0.6494566 -0.2689995 -0.7112282 -0.2689995 -0.6494566 -0.7112282 -0.08496409 -0.2051163 -0.9750428 -0.9739936 0 -0.2265754 -0.9552798 -0.1900122 -0.2265741 -0.3826816 -0.9238803 0 -0.1950772 -0.9807879 0 0.8098574 -0.5411054 -0.2265745 -0.1371235 -0.6894628 -0.7112231 -0.04330605 -0.2177512 -0.9750432 0.5411054 -0.8098574 -0.2265745 -0.5845007 -0.3905522 -0.7112158 -0.2051163 -0.08496409 -0.9750428 -0.1846079 -0.1233263 -0.9750439 -0.9807879 -0.1950772 0 -0.9238803 -0.3826816 0 0 0 -1 0.6887181 -0.6887181 -0.2265716 0.6494566 -0.2689995 -0.7112282 0.2177512 -0.04330605 -0.9750432 0.04330605 -0.2177512 -0.9750432 0.2051163 -0.08496409 -0.9750428 0.08496409 -0.2051163 0.9750428 -0.1233263 -0.1846079 0.9750439 -0.8314677 -0.5555732 0 0.1569884 -0.1569884 -0.9750433 -1 0 0 -0.7029747 0 -0.7112149 -0.2177221 -0.04330635 -0.9750496 -0.8098574 -0.5411054 -0.2265745 -0.5411054 -0.8098574 -0.2265745 -0.3727291 -0.8998541 -0.2265734 0.5484632 0.5484632 -0.6311706 0.6449282 0.4309287 -0.6311641 0.716597 0.2968323 0.631173 0.7607474 0.1513133 0.6311637 -0.4970706 -0.4970706 -0.7112256 -0.6887181 -0.6887181 -0.2265716 0 -1 0 0.7756462 0 0.6311681 0.6449282 0.4309287 0.6311641 0.008911669 0.8300684 0.5575906 -0.2968323 0.716597 0.631173 0.9552798 -0.1900122 -0.2265741 -0.1513133 0.7607474 0.6311637 0 0.7756462 0.6311681 0.8998541 -0.3727291 -0.2265734 0.08496409 -0.2051163 -0.9750428 0.2220234 0 -0.9750415 0.1513133 0.7607474 0.6311637 -0.3535391 -0.8535722 0.3826547 -0.3214905 -0.4811371 0.8155679 -0.5132724 -0.7681995 0.3826501 -0.853563 -0.3535658 -0.3826506 -0.5675598 -0.1128894 -0.8155563 -0.5346301 -0.2214452 -0.8155567 -0.5675598 -0.1128894 0.8155563 -0.9238957 0 0.3826447 -0.9061414 -0.1802455 0.3826479 -0.853563 -0.3535658 0.3826506 0 -0.9238957 0.3826447 -0.1128894 -0.5675598 0.8155563 -0.180216 -0.9061464 0.3826501 0.7681995 -0.5132724 -0.3826501 0.5346301 -0.2214452 -0.8155567 0.853563 -0.3535658 -0.3826506 0.4811371 -0.3214905 0.8155679 0.6532917 -0.6532917 0.3826484 0.7681995 -0.5132724 0.3826501 0.180216 -0.9061464 0.3826501 0 -0.5786717 0.8155606 0.5675598 -0.1128894 0.8155563 0.853563 -0.3535658 0.3826506 0.9061464 -0.180216 0.3826501 -0.7681995 -0.5132724 -0.3826501 -0.4091735 -0.4091735 -0.8155698 -0.6532917 -0.6532917 -0.3826484 0.5786717 0 0.8155606 0.9238957 0 0.3826447 0.2214452 -0.5346301 0.8155567 0.3535658 -0.853563 0.3826506 -0.5132724 -0.7681995 -0.3826501 -0.3214858 -0.4811605 -0.8155559 0.180216 -0.9061464 -0.3826501 0 -0.5786717 -0.8155606 0.1128894 -0.5675598 -0.8155563 -0.2214452 -0.5346301 0.8155567 0.4091735 -0.4091735 0.8155698 0.5132724 -0.7681995 0.3826501 0.47363 0.8138903 0.336537 0.8314677 0.5555732 0 0.5346301 -0.2214452 0.8155567 0.1513133 0.7607474 -0.6311637 0.2968323 0.716597 -0.631173 0.4309287 0.6449282 -0.6311641 0 5.20929e-7 -1 0.2968323 0.716597 0.631173 0.716597 0.2968323 -0.631173 -0.2968323 0.716597 -0.631173 -0.1513133 0.7607474 -0.6311637 0.008911669 0.8300684 -0.5575906 0.47363 0.8138903 -0.336537 0 0 1 1.41417e-6 4.01658e-7 1 0 0.7756462 -0.6311681 -7.07084e-7 0 -1 -1.41417e-6 0 1 -7.07084e-7 0 1 -2.12125e-6 0 1 -0.180216 -0.9061464 -0.3826501 -0.2214452 -0.5346301 -0.8155567 -0.1128894 -0.5675598 -0.8155563 -0.3535391 -0.8535722 -0.3826547 0.6532917 -0.6532917 -0.3826484 0.4811371 -0.3214905 -0.8155679 0 -0.9238957 -0.3826447 0.9061464 -0.180216 -0.3826501 0.5786717 0 -0.8155606 0.9238957 0 -0.3826447 0.2214452 -0.5346301 -0.8155567 0.3535658 -0.853563 -0.3826506 0.3214905 -0.4811371 -0.8155679 0.5132724 -0.7681995 -0.3826501 0.4091735 -0.4091735 -0.8155698 0.5675598 -0.1128894 -0.8155563 -0.9238957 0 -0.3826447 -0.9061414 -0.1802455 -0.3826479 -0.4811371 -0.3214905 -0.8155679 -0.7681995 -0.5132724 0.3826501 -0.5346301 -0.2214452 0.8155567 -0.4091735 -0.4091735 0.8155698 -0.6532917 -0.6532917 0.3826484 0.3214905 -0.4811371 0.8155679 -0.8998541 0.3727291 0.2265734 -0.5845007 0.3905522 0.7112158 -0.8098574 0.5411054 0.2265745 0.2689995 0.6494566 0.7112282 0.04330605 0.2177512 0.9750432 0.08496409 0.2051163 0.9750428 0.5411054 0.8098574 -0.2265745 0.3826816 0.9238803 0 0.5825539 0.8127921 0 0.1846079 0.1233263 -0.9750439 0.4970706 0.4970706 -0.7112256 0.5845007 0.3905522 -0.7112158 0.7071068 0.7071068 0 0.6494566 0.2689995 0.7112282 0.1846079 0.1233263 0.9750439 0.2051163 0.08496409 0.9750428 -0.8314677 0.5555732 0 -0.6887181 0.6887181 0.2265716 -0.7071068 0.7071068 0 0.4970706 0.4970706 0.7112256 0.1233263 0.1846079 0.9750439 0.1569884 0.1569884 0.9750433 0.1900122 0.9552798 -0.2265741 0 0.7029747 -0.7112149 0 0.9739936 -0.2265754 0.9238803 0.3826816 0 -0.2689995 0.6494566 0.7112282 -0.1233263 0.1846079 0.9750439 -0.08496409 0.2051163 0.9750428 -0.4970706 0.4970706 0.7112256 0.2689995 0.6494566 -0.7112282 0.3727291 0.8998541 -0.2265734 0.8098574 0.5411054 0.2265745 0.8998541 0.3727291 0.2265734 0.3905522 0.5845007 0.7112158 0.1900122 0.9552798 0.2265741 0 0.7029747 0.7112149 0.1371235 0.6894628 0.7112231 -0.3905264 0.5845077 -0.7112243 -0.1569884 0.1569884 -0.9750433 -0.4970706 0.4970706 -0.7112256 0.2177512 0.04330605 -0.9750432 0.6494566 0.2689995 -0.7112282 0.6894628 0.1371235 -0.7112231 -0.1371235 0.6894628 0.7112231 -0.04330605 0.2177512 0.9750432 -0.3905264 0.5845077 0.7112243 -0.5411054 0.8098574 0.2265745 0.7607474 -0.1513133 -0.6311637 0.9807879 0.1950772 0 0.08496409 0.2051163 -0.9750428 -0.2177512 0.04330605 -0.9750432 -0.1233263 0.1846079 -0.9750439 -0.3727291 0.8998541 0.2265734 -0.1900122 0.9552798 0.2265741 -0.1900122 0.9552798 -0.2265741 -0.6894628 0.1371235 0.7112231 -0.9552798 0.1900122 0.2265741 0.9552798 0.1900122 -0.2265741 -0.6494566 0.2689995 0.7112282 -0.5555732 0.8314677 0 0.5411054 0.8098574 0.2265745 0.6887181 0.6887181 0.2265716 -0.2177221 0.04330635 0.9750496 0.2177512 0.04330605 0.9750432 0.2220234 0 0.9750415 0.5845007 0.3905522 0.7112158 0.1950772 0.9807879 0 0 0.9739936 0.2265754 -0.2051163 0.08496409 0.9750428 0.8098574 0.5411054 -0.2265745 0.6343938 0.7730101 0 -0.1846079 0.1233263 0.9750439 -0.3727291 0.8998541 -0.2265734 -0.3826816 0.9238803 0 -0.5675598 0.1128894 0.8155563 -0.9061414 0.1802455 0.3826479 -0.8998541 0.3727291 -0.2265734 -0.6894628 0.1371235 -0.7112231 -0.9552798 0.1900122 -0.2265741 -0.9807879 0.1950772 0 -0.9238803 0.3826816 0 0 0.2220234 0.9750415 -0.6887181 0.6887181 -0.2265716 0.3905522 0.5845007 -0.7112158 0.3727291 0.8998541 0.2265734 0.716597 -0.2968323 0.631173 0.6449282 -0.4309287 0.6311641 0 1 0 -0.853563 0.3535658 -0.3826506 -0.5675598 0.1128894 -0.8155563 -0.9061414 0.1802455 -0.3826479 -0.1569884 0.1569884 0.9750433 0.7607474 -0.1513133 0.6311637 0 0.2220234 -0.9750415 -0.1371235 0.6894628 -0.7112231 -0.08493381 0.2051169 -0.9750453 -0.2689995 0.6494566 -0.7112282 -0.5411054 0.8098574 -0.2265745 0.6894628 0.1371235 0.7112231 -0.5845007 0.3905522 -0.7112158 -0.2051163 0.08496409 -0.9750428 -0.6494566 0.2689995 -0.7112282 0.6887181 0.6887181 -0.2265716 -0.3535391 0.8535722 0.3826547 -0.3214905 0.4811371 0.8155679 -0.2214452 0.5346301 0.8155567 0.9552798 0.1900122 0.2265741 0.5484632 -0.5484632 0.6311706 -0.1950772 0.9807879 0 0 -0.7756462 0.6311681 0.1513133 -0.7607474 0.6311637 -0.1846079 0.1233263 -0.9750439 0.1233564 0.1846073 -0.9750403 -0.8098574 0.5411054 -0.2265745 0.008911669 -0.8300684 0.5575906 -0.2968323 -0.716597 0.631173 0.47363 -0.8138903 0.336537 0.5484632 -0.5484632 -0.6311706 0.6449282 -0.4309287 -0.6311641 0.8998541 0.3727291 -0.2265734 0.4309287 -0.6449282 0.6311641 0.1371235 0.6894628 -0.7112231 -0.2220234 0 0.9750415 0 0.9238957 -0.3826447 -0.1128894 0.5675598 -0.8155563 -0.180216 0.9061464 -0.3826501 -0.1513133 -0.7607474 0.6311637 0.04330605 0.2177512 -0.9750432 -0.2214452 0.5346301 -0.8155567 -0.3535391 0.8535722 -0.3826547 0 -0.7756462 -0.6311681 0.1513133 -0.7607474 -0.6311637 0.4811371 0.3214905 -0.8155679 0.6532917 0.6532917 -0.3826484 0.7681995 0.5132724 -0.3826501 -0.1513133 -0.7607474 -0.6311637 -0.3214905 0.4811371 -0.8155679 -0.5132724 0.7681995 -0.3826501 0 -5.20929e-7 1 0.180216 0.9061464 0.3826501 0 0.5786717 0.8155606 0.1128894 0.5675598 0.8155563 0.9061464 0.180216 0.3826501 0.853563 0.3535658 0.3826506 0.5675598 0.1128894 0.8155563 -0.4091735 0.4091735 -0.8155698 -0.6532917 0.6532917 -0.3826484 -0.853563 0.3535658 0.3826506 -0.5346301 0.2214452 0.8155567 0.2214452 0.5346301 0.8155567 0.3535658 0.853563 0.3826506 -0.7681995 0.5132724 -0.3826501 0 0.9238957 0.3826447 -0.1128894 0.5675598 0.8155563 0.5346301 0.2214452 -0.8155567 0.853563 0.3535658 -0.3826506 0.6532917 0.6532917 0.3826484 0.4811371 0.3214905 0.8155679 0.7681995 0.5132724 0.3826501 -0.2968323 -0.716597 -0.631173 0 0 -1 -1.41417e-6 0 -1 0.4309287 -0.6449282 -0.6311641 0.5346301 0.2214452 0.8155567 0.180216 0.9061464 -0.3826501 0 0.5786717 -0.8155606 0.5132724 0.7681995 0.3826501 0.4091735 0.4091735 0.8155698 0.716597 -0.2968323 -0.631173 0.2968323 -0.716597 0.631173 0.2968323 -0.716597 -0.631173 1.41417e-6 -4.01658e-7 -1 -0.180216 0.9061464 0.3826501 0.008911669 -0.8300684 -0.5575906 0.3214905 0.4811371 0.8155679 0.5675598 0.1128894 -0.8155563 0.9061464 0.180216 -0.3826501 -0.5132724 0.7681995 0.3826501 -0.4091735 0.4091735 0.8155698 -0.5346301 0.2214452 -0.8155567 0.47363 -0.8138903 -0.336537 0.3214905 0.4811371 -0.8155679 0.3535658 0.853563 -0.3826506 0.5132724 0.7681995 -0.3826501 0.4091735 0.4091735 -0.8155698 -0.7681995 0.5132724 0.3826501 -0.6532917 0.6532917 0.3826484 -0.4811371 0.3214905 0.8155679 0.2214452 0.5346301 -0.8155567 -2.12125e-6 0 -1 -0.04330605 -0.2177512 0.9750432 0.1569884 -0.1569884 0.9750433 0.2051163 -0.08496409 0.9750428 -0.5786717 0 0.8155606 0.1128894 -0.5675598 0.8155563 4.65431e-6 0 -1 -2.01336e-7 0 -1 0 0 -1 5.04728e-7 0 -1 2.09365e-7 0 -1 1.41417e-6 4.01658e-7 -1 0 5.20929e-7 1 7.79886e-7 0 1 -4.65426e-6 0 1 4.65431e-6 0 1 -4.02671e-7 0 1 0 0 1 4.20639e-7 0 1 0 0 1 1.19787e-6 0 1 -0.5786717 0 -0.8155606 -0.4811371 -0.3214905 0.8155679 0.1569884 0.1569884 -0.9750433 0.2051163 0.08496409 -0.9750428 -0.04330605 0.2177512 -0.9750432 7.79886e-7 0 -1 -9.30854e-6 0 1 4.65434e-6 0 1 3.1431e-6 0 1 -4.65425e-6 0 1 9.30855e-6 0 1 -4.20638e-7 0 1 1.41417e-6 -4.01658e-7 1 -0.4811371 0.3214905 -0.8155679 4.65427e-6 0 -1 -4.65426e-6 0 -1 4.65434e-6 0 -1 -9.30855e-6 0 -1 -2.39574e-6 0 -1 1.68484e-7 0 -1 0.1128894 0.5675598 -0.8155563 0 -5.20929e-7 -1</float_array>
          <technique_common>
            <accessor source="#Cylinder_043-mesh-normals-array" count="447" stride="3">
              <param name="X" type="float"/>
              <param name="Y" type="float"/>
              <param name="Z" type="float"/>
            </accessor>
          </technique_common>
        </source>
        <source id="Cylinder_043-mesh-map-0">
          <float_array id="Cylinder_043-mesh-map-0-array" count="5616">0.04774254 0.5127073 0.04416239 0.543271 0.02860933 0.524236 0.03216946 0.4749405 0.08710485 0.4746646 0.03810453 0.4945949 0.6874253 0.3270012 0.7116321 0.4208937 0.6874253 0.4208937 0.1529821 0.4227371 0.172879 0.447197 0.1505759 0.447248 0.1904796 0.3889878 0.2410652 0.409959 0.2345406 0.4179341 0.009935677 0.4299271 0.03016543 0.4544997 0.007532596 0.4544392 0.2256989 0.4471758 0.2410652 0.409959 0.2781628 0.3945488 0.09454959 0.3576783 0.06311404 0.349957 0.08473569 0.3383405 0.6645501 0.4208937 0.6438856 0.5147861 0.6438856 0.4208937 0.03216946 0.4749405 0.01705235 0.5025174 0.009935617 0.4789498 0.1529821 0.4717599 0.1808288 0.487296 0.1601084 0.4953307 0.06071317 0.5285817 0.06311392 0.5588909 0.04416239 0.543271 0.626226 0.4208937 0.6438856 0.5147861 0.626226 0.5147862 0.03016543 0.4544997 0.009935617 0.4789498 0.007532596 0.4544392 0.1529821 0.4717599 0.172879 0.447197 0.1748857 0.4676389 0.06071323 0.3804009 0.09194666 0.425277 0.0477426 0.3962824 0.7260763 0.7836962 0.6943515 0.8019936 0.6943515 0.7836961 0.6438856 0.3270012 0.6645501 0.4208937 0.6438856 0.4208937 0.1344622 0.3496915 0.125289 0.402886 0.1141149 0.3517103 0.09454959 0.3576783 0.106402 0.4107507 0.07651805 0.3673658 0.4381072 0.0392881 0.4621315 0.007538497 0.4621315 0.0392881 0.07651793 0.5416082 0.08473551 0.5704956 0.06311392 0.5588909 0.03810459 0.4144001 0.08412337 0.4442536 0.03216946 0.4340577 0.5048037 0.1331805 0.4846522 0.227073 0.4846522 0.1331805 0.7474117 0.8717076 0.7260763 0.895341 0.7260763 0.8707441 0.7116321 0.2952516 0.6931789 0.2738996 0.7133664 0.2738996 0.08473551 0.5704956 0.1141148 0.5572432 0.1081964 0.5776389 0.06071323 0.3804009 0.02860939 0.3846308 0.04416251 0.3655873 0.125289 0.5061362 0.1344622 0.5592509 0.1141148 0.5572432 0.07651805 0.3673658 0.04416251 0.3655873 0.06311404 0.349957 0.09454947 0.5512859 0.125289 0.5061362 0.1141148 0.5572432 0.6874253 0.4208937 0.6645501 0.5147861 0.6645501 0.4208937 0.07651793 0.5416082 0.1154602 0.5031436 0.09454947 0.5512859 0.03810459 0.4144001 0.009935677 0.4299271 0.01705241 0.4063557 0.03216946 0.4340577 0.08311665 0.4545227 0.03016543 0.4544997 0.1808288 0.487296 0.2345407 0.4764207 0.1904797 0.5054128 0.7116321 0.4208937 0.6874253 0.5147861 0.6874253 0.4208937 0.1141149 0.3517103 0.08473569 0.3383405 0.1081965 0.3311844 0.06071317 0.5285817 0.106402 0.498282 0.07651793 0.5416082 0.2034676 0.5212932 0.2490154 0.4909458 0.2192935 0.5343268 0.7116321 0.5465357 0.6931789 0.5678878 0.6874253 0.5465357 0.04774254 0.5127073 0.09846246 0.4917381 0.06071317 0.5285817 0.5628265 0.07722556 0.5565477 0.04432207 0.5409738 0.06335854 0.6097846 0.5001079 0.5916219 0.473203 0.585386 0.4977003 0.6475614 0.8463702 0.626226 0.8717076 0.626226 0.8513808 0.106402 0.4107507 0.06071323 0.3804009 0.07651805 0.3673658 0.1808287 0.4071011 0.2345406 0.4179341 0.2296924 0.4270334 0.6475614 0.895341 0.626226 0.8717076 0.6475614 0.8707441 0.36632 0.0392881 0.389263 0.007538497 0.389263 0.0392881 0.6438856 0.2952517 0.6645501 0.3270012 0.6438856 0.3270012 0.1748857 0.426756 0.2296924 0.4270334 0.2267069 0.4369072 0.1601084 0.4953307 0.1904797 0.5054128 0.1716808 0.5170546 0.2192934 0.3600843 0.2580856 0.3985518 0.2490153 0.4034144 0.4621315 0.0392881 0.4846522 0.007538497 0.4846522 0.0392881 0.7260763 0.8463702 0.6943515 0.8707441 0.6943515 0.8463702 0.5230887 3.3376e-4 0.5384261 0.04668861 0.5230887 0.04668861 0.08311665 0.4545227 0.03216946 0.4749405 0.03016543 0.4544997 0.1716808 0.5170546 0.2034676 0.5212932 0.1872547 0.5360967 0.626226 0.3270012 0.6438856 0.2952517 0.6438856 0.3270012 0.2373491 0.5440128 0.2679276 0.4988086 0.2569406 0.5499789 0.1748857 0.4676389 0.2256989 0.4471758 0.226707 0.4574449 0.2373491 0.5440128 0.2490154 0.4909458 0.2580857 0.4958115 0.08710491 0.4343785 0.125289 0.5061362 0.0919466 0.4837635 0.7260763 0.8019936 0.6943515 0.8231559 0.6943515 0.8019936 0.2034676 0.5212932 0.2345407 0.4764207 0.2410652 0.4843983 0.7260763 0.8707441 0.6943515 0.895341 0.6943515 0.8707441 0.125289 0.402886 0.09454959 0.3576783 0.1141149 0.3517103 0.277315 0.3424362 0.2679275 0.3955583 0.2569404 0.3444458 0.2278818 0.3311844 0.2192934 0.3600843 0.2062313 0.342791 0.03810453 0.4945949 0.0919466 0.4837635 0.04774254 0.5127073 0.09194666 0.425277 0.03810459 0.4144001 0.0477426 0.3962824 0.1716807 0.3774492 0.1808287 0.4071011 0.1601083 0.3991689 0.521352 0.4633324 0.5555192 0.4581893 0.5403425 0.4456806 0.5971749 0.01709371 0.6266462 0.03445369 0.620667 0.009948253 0.4846522 0.007538497 0.5048037 0.0392881 0.4846522 0.0392881 0.03810453 0.4945949 0.02860933 0.524236 0.01705235 0.5025174 0.1872547 0.5360967 0.2192935 0.5343268 0.2062315 0.5517253 0.4621315 0.2588225 0.4381072 0.227073 0.4621315 0.227073 0.2034675 0.3731122 0.2490153 0.4034144 0.2410652 0.409959 0.6792862 0.8231559 0.6475614 0.8019936 0.6792862 0.8019936 0.4846522 0.2588226 0.4621315 0.227073 0.4846522 0.227073 0.237349 0.3504049 0.2679275 0.3955583 0.2580856 0.3985518 0.6792862 0.895341 0.6475614 0.8707441 0.6792862 0.8707441 0.4381072 0.2588225 0.4135025 0.227073 0.4381072 0.227073 0.6792862 0.8019936 0.6475614 0.7836962 0.6792863 0.7836961 0.0477426 0.3962824 0.01705241 0.4063557 0.02860939 0.3846308 0.6266462 0.03445369 0.6450982 0.007538497 0.620667 0.009948253 0.5904952 0.04947066 0.5971749 0.01709371 0.5755244 0.02870035 0.5409739 0.2029638 0.5535592 0.1716269 0.5294015 0.18124 0.6792862 0.8707441 0.6475614 0.8463702 0.6792862 0.8463702 0.6874253 0.2952517 0.7116321 0.3270012 0.6874253 0.3270012 0.5222752 0.1576692 0.5459254 0.1331215 0.519869 0.1331573 0.4846522 0.0392881 0.5048037 0.1331805 0.4846522 0.1331805 0.227882 0.5633398 0.2569406 0.5499789 0.2513741 0.5704938 0.626226 0.4208937 0.6438856 0.3270012 0.6438856 0.4208937 0.2062313 0.342791 0.2034675 0.3731122 0.1872545 0.3584128 0.1872545 0.3584128 0.1904796 0.3889878 0.1716807 0.3774492 0.5048037 0.227073 0.4846522 0.2588226 0.4846522 0.227073 0.1808288 0.487296 0.226707 0.4574449 0.2296925 0.4673197 0.4135025 0.0392881 0.4381072 0.007538497 0.4381072 0.0392881 0.2773151 0.5519959 0.2679276 0.4988086 0.2781628 0.4998219 0.1601083 0.3991689 0.1748857 0.426756 0.1529821 0.4227371 0.2062315 0.5517253 0.2373491 0.5440128 0.227882 0.5633398 0.519869 0.1331573 0.5478523 0.1134929 0.5222752 0.1086465 0.6645501 0.2952516 0.6874253 0.3270012 0.6645501 0.3270012 0.6645501 0.3270012 0.6874253 0.4208937 0.6645501 0.4208937 0.5565477 0.04432207 0.5904952 0.04947066 0.5755244 0.02870035 0.1748857 0.426756 0.2256989 0.4471758 0.172879 0.447197 0.987587 0.2387002 0.9816817 0.2510433 0.987587 0.2539356 0.6531019 0.9457847 0.6471966 0.9277595 0.6471966 0.9443281 0.626226 0.5147862 0.6438856 0.5465357 0.626226 0.5465357 0.3455553 0.0392881 0.36632 0.007538497 0.36632 0.0392881 0.4135025 0.2588225 0.389263 0.227073 0.4135025 0.227073 0.36632 0.2588225 0.3455553 0.227073 0.36632 0.227073 0.6874253 0.5147861 0.6645501 0.5465357 0.6645501 0.5147861 0.6792862 0.8463702 0.6475614 0.8231559 0.6792862 0.8231559 0.626226 0.959581 0.6321313 0.9769224 0.6321313 0.9590413 0.7260763 0.8231559 0.6943515 0.8463702 0.6943515 0.8231559 0.7116321 0.5147861 0.6874253 0.5465357 0.6874253 0.5147861 0.389263 0.2588225 0.36632 0.227073 0.389263 0.227073 0.389263 0.0392881 0.4135025 0.007538497 0.4135025 0.0392881 0.6321313 0.9415558 0.626226 0.959581 0.6321313 0.9590413 0.987587 0.2042717 0.9816817 0.2207167 0.987587 0.2219308 0.6645501 0.5147861 0.6438856 0.5465357 0.6438856 0.5147861 0.1505759 0.9604244 0.1564812 0.9436203 0.1505759 0.9460915 0.5979275 0.2050181 0.581918 0.1976328 0.5956963 0.2089801 0.2932281 0.4093406 0.3091881 0.3311844 0.293228 0.3311844 0.5230887 3.3376e-4 0.5384261 0.04668861 0.5230887 0.04668861 0.987587 0.1864017 0.9816817 0.2039838 0.987587 0.2042717 0.740574 0.9268435 0.7464792 0.944612 0.7464792 0.9284681 0.6531019 0.9622027 0.6471966 0.9738329 0.6531019 0.9769224 0.3091881 0.4093406 0.3225857 0.3311844 0.3091881 0.3311844 0.7405739 0.9104181 0.7464792 0.9284681 0.7464792 0.9111337 0.9816817 0.1705687 0.987587 0.1864017 0.987587 0.1690073 0.5356608 0.4252167 0.5498036 0.4356355 0.5391033 0.4225396 0.9816817 0.05566459 0.987587 0.07324677 0.987587 0.05631375 0.987587 0.2219308 0.9816817 0.2366068 0.987587 0.2387002 0.9816817 0.1414486 0.987587 0.1527571 0.987587 0.1382756 0.5745158 0.08490741 0.561734 0.1494666 0.5981333 0.2041846 0.9666164 0.1795872 0.9447407 0.101431 0.9666164 0.101431 0.5230887 3.3376e-4 0.5384261 0.04668861 0.5230887 0.04668861 0.5230887 3.3376e-4 0.5384261 0.04668861 0.5230887 0.04668861 0.740574 0.9421408 0.7464792 0.958945 0.7464792 0.944612 0.4871252 0.3990113 0.5186324 0.4130444 0.5129331 0.3941711 0.5230887 3.3376e-4 0.5384261 0.04668861 0.5230887 0.04668861 0.521352 0.4633324 0.5278874 0.430437 0.5057989 0.4442974 0.5230887 3.3376e-4 0.5384261 0.04668861 0.5230887 0.04668861 0.5222752 0.1086465 0.5535591 0.09461903 0.5294014 0.08507823 0.5230887 3.3376e-4 0.5384261 0.04668861 0.5230887 0.04668861 0.5619251 0.490557 0.5555192 0.4581893 0.5403035 0.4789524 0.494242 0.3264172 0.5129331 0.354913 0.5186324 0.3360366 0.5294015 0.18124 0.5478523 0.152751 0.5222752 0.1576692 0.5230887 3.3376e-4 0.5384261 0.04668861 0.5230887 0.04668861 0.5230887 3.3376e-4 0.5384261 0.04668861 0.5230887 0.04668861 0.5230887 3.3376e-4 0.5384261 0.04668861 0.5230887 0.04668861 0.5294014 0.08507823 0.5628265 0.07722556 0.5409738 0.06335854 0.5619251 0.490557 0.5916219 0.473203 0.5728341 0.4674825 0.5230887 3.3376e-4 0.5384261 0.04668861 0.5230887 0.04668861 0.505799 0.3046923 0.5186324 0.3360366 0.5278874 0.3186389 0.5230717 -0.001447081 0.538747 0.0468474 0.538747 -0.001447081 0.5384261 3.3376e-4 0.5230887 0.04668861 0.5230887 3.3376e-4 0.5230887 3.3376e-4 0.5384261 0.04668861 0.5230887 0.04668861 0.5384261 3.3376e-4 0.5230887 0.04668861 0.5230887 3.3376e-4 0.5230717 -0.001447081 0.538747 0.0468474 0.538747 -0.001447081 0.5230717 -0.001447081 0.538747 0.0468474 0.538747 -0.001447081 0.5230717 0.0468474 0.538747 -0.001447081 0.5230717 -0.001447081 0.494242 0.4225788 0.5278874 0.430437 0.5186324 0.4130444 0.5230887 3.3376e-4 0.5384261 0.04668861 0.5230887 0.04668861 0.5230717 -0.001447081 0.538747 0.0468474 0.538747 -0.001447081 0.4847222 0.3745007 0.5129331 0.3941711 0.5110087 0.3745427 0.5230717 0.0468474 0.538747 -0.001447081 0.5230717 -0.001447081 0.5384261 3.3376e-4 0.5230887 0.04668861 0.5230887 3.3376e-4 0.5230717 -0.001447081 0.538747 0.0468474 0.538747 -0.001447081 0.5230717 -0.001447081 0.538747 0.0468474 0.538747 -0.001447081 0.5230717 -0.001447081 0.538747 0.0468474 0.538747 -0.001447081 0.4871252 0.3499886 0.5110087 0.3745427 0.5129331 0.354913 0.5230717 -0.001447081 0.538747 0.0468474 0.538747 -0.001447081 0.5230717 -0.001447081 0.538747 0.0468474 0.538747 -0.001447081 0.6289848 0.04837322 0.5612927 0.1500031 0.5979275 0.2050181 0.5230717 -0.001447081 0.538747 0.0468474 0.538747 -0.001447081 0.5230717 -0.001447081 0.538747 0.0468474 0.538747 -0.001447081 0.5230717 -0.001447081 0.538747 0.0468474 0.538747 -0.001447081 0.910571 0.08569473 0.9296753 0.007538497 0.910571 0.007538497 0.8769825 0.08569473 0.8927788 0.007538497 0.8769825 0.007538497 0.8927788 0.08569473 0.910571 0.007538497 0.8927788 0.007538497 0.8927789 0.1638509 0.8769825 0.08569473 0.8769825 0.1638509 0.9816817 0.09119367 0.987587 0.1058697 0.987587 0.08997964 0.9816817 0.1079632 0.987587 0.1203061 0.987587 0.1058697 0.5469534 0.3100282 0.562842 0.3026382 0.5607134 0.2986797 0.9816817 0.07353466 0.987587 0.08997964 0.987587 0.07324677 0.3091882 0.4874969 0.2932281 0.4093406 0.2932281 0.4874969 0.1505759 0.9299476 0.1564812 0.9118975 0.1505759 0.9126132 0.9816817 0.05566459 0.987587 0.03983157 0.9816817 0.03827017 0.9816817 0.03827017 0.987587 0.02443355 0.9816817 0.02201998 0.910571 0.1638509 0.8927788 0.08569473 0.8927789 0.1638509 0.9816817 0.02201998 0.987587 0.01071143 0.9816817 0.007538497 0.9296754 0.1638509 0.910571 0.08569473 0.910571 0.1638509 0.1505759 0.9460915 0.1564812 0.928323 0.1505759 0.9299476 0.9666164 0.02327471 0.9447407 0.101431 0.9447406 0.007538497 0.6531019 0.9104181 0.6471966 0.9277595 0.6531019 0.9282992 0.3225857 0.4874968 0.3091881 0.4093406 0.3091882 0.4874969 0.6531019 0.9622027 0.6471966 0.9443281 0.6471966 0.9598851 0.6321313 0.9251378 0.626226 0.9430125 0.6321313 0.9415558 0.626226 0.9135077 0.6321313 0.9251378 0.6321313 0.9104181 0.5706104 0.08244508 0.5848715 0.07202184 0.5819179 0.06862342 0.5230717 0.0468474 0.538747 -0.001447081 0.5230717 -0.001447081 0.9816817 0.1551706 0.987587 0.1690073 0.987587 0.1527571 0.5230717 -0.001447081 0.538747 0.0468474 0.538747 -0.001447081 0.08473551 0.5704956 0.07651793 0.5416082 0.06311392 0.5588909 0.03810459 0.4144001 0.08412337 0.4442536 0.08710491 0.4343785 0.4846522 0.007538497 0.4621315 0.0392881 0.4846522 0.0392881 0.2490154 0.4909458 0.2034676 0.5212932 0.2192935 0.5343268 0.5048037 0.0392881 0.4846522 0.007538497 0.4846522 0.0392881 0.09454959 0.3576783 0.106402 0.4107507 0.1154603 0.405884 0.6943515 0.8231559 0.7260763 0.8019936 0.6943515 0.8019936 0.06071323 0.3804009 0.09194666 0.425277 0.09846246 0.4172989 0.1529821 0.4717599 0.172879 0.447197 0.1505759 0.447248 0.6438856 0.5147861 0.6645501 0.4208937 0.6438856 0.4208937 0.03810453 0.4945949 0.0919466 0.4837635 0.08710485 0.4746646 0.06311392 0.5588909 0.06071317 0.5285817 0.04416239 0.543271 0.1808288 0.487296 0.1529821 0.4717599 0.1601084 0.4953307 0.06311404 0.349957 0.09454959 0.3576783 0.08473569 0.3383405 0.03810459 0.4144001 0.09194666 0.425277 0.0477426 0.3962824 0.009935677 0.4299271 0.03016543 0.4544997 0.03216946 0.4340577 0.1904796 0.3889878 0.2410652 0.409959 0.2034675 0.3731122 0.2679276 0.4988086 0.2373491 0.5440128 0.2569406 0.5499789 0.03216946 0.4749405 0.08710485 0.4746646 0.08412337 0.4647912 0.04416239 0.543271 0.04774254 0.5127073 0.02860933 0.524236 0.5916219 0.473203 0.6097846 0.5001079 0.585386 0.4977003 0.626226 0.4208937 0.6438856 0.5147861 0.6438856 0.4208937 0.6645501 0.5147861 0.6874253 0.4208937 0.6645501 0.4208937 0.2296925 0.4673197 0.2679275 0.3955583 0.2345406 0.4179341 0.01705235 0.5025174 0.03216946 0.4749405 0.009935617 0.4789498 0.172879 0.447197 0.1529821 0.4227371 0.1505759 0.447248 0.7260763 0.895341 0.7474117 0.8717076 0.7260763 0.8707441 0.7116321 0.2952516 0.6931789 0.2738996 0.6874253 0.2952517 0.08473551 0.5704956 0.1141148 0.5572432 0.09454947 0.5512859 0.6943515 0.8019936 0.7260763 0.7836962 0.6943515 0.7836961 0.02860939 0.3846308 0.06071323 0.3804009 0.04416251 0.3655873 0.6645501 0.4208937 0.6438856 0.3270012 0.6438856 0.4208937 0.1344622 0.5592509 0.125289 0.5061362 0.1141148 0.5572432 0.1344622 0.3496915 0.125289 0.402886 0.1355106 0.4018719 0.04416251 0.3655873 0.07651805 0.3673658 0.06311404 0.349957 0.7116321 0.4208937 0.6874253 0.3270012 0.6874253 0.4208937 0.4621315 0.007538497 0.4381072 0.0392881 0.4621315 0.0392881 0.009935617 0.4789498 0.03016543 0.4544997 0.007532596 0.4544392 0.09454947 0.5512859 0.125289 0.5061362 0.1154602 0.5031436 0.6645501 0.3270012 0.6438856 0.2952517 0.6438856 0.3270012 0.4846522 0.227073 0.5048037 0.1331805 0.4846522 0.1331805 0.07651793 0.5416082 0.1154602 0.5031436 0.106402 0.498282 0.36632 0.007538497 0.3455553 0.0392881 0.36632 0.0392881 0.6321313 0.9769224 0.626226 0.959581 0.6321313 0.9590413 0.6475614 0.8463702 0.626226 0.8717076 0.6475614 0.8707441 0.6874253 0.5147861 0.7116321 0.4208937 0.6874253 0.4208937 0.6943515 0.8707441 0.7260763 0.8463702 0.6943515 0.8463702 0.03216946 0.4749405 0.08311665 0.4545227 0.03016543 0.4544997 0.6475614 0.8019936 0.6792862 0.8231559 0.6792862 0.8019936 0.5230887 3.3376e-4 0.5384261 0.04668861 0.5384261 3.3376e-4 0.1904797 0.5054128 0.1601084 0.4953307 0.1716808 0.5170546 0.01705241 0.4063557 0.0477426 0.3962824 0.02860939 0.3846308 0.6943515 0.895341 0.7260763 0.8707441 0.6943515 0.8707441 0.5971749 0.01709371 0.5904952 0.04947066 0.5755244 0.02870035 0.4135025 0.227073 0.4381072 0.2588225 0.4381072 0.227073 0.6531019 0.9457847 0.6471966 0.9277595 0.6531019 0.9282992 0.04774254 0.5127073 0.09846246 0.4917381 0.0919466 0.4837635 0.06071323 0.3804009 0.106402 0.4107507 0.07651805 0.3673658 0.6450982 0.007538497 0.6266462 0.03445369 0.620667 0.009948253 0.2256989 0.4471758 0.1748857 0.426756 0.172879 0.447197 0.1748857 0.426756 0.2296924 0.4270334 0.1808287 0.4071011 0.626226 0.8717076 0.6475614 0.895341 0.6475614 0.8707441 0.06071317 0.5285817 0.106402 0.498282 0.09846246 0.4917381 0.6475614 0.7836962 0.6792862 0.8019936 0.6792863 0.7836961 0.1808287 0.4071011 0.2345406 0.4179341 0.1904796 0.3889878 0.4621315 0.227073 0.4846522 0.2588226 0.4846522 0.227073 0.7116321 0.5465357 0.6931789 0.5678878 0.7133664 0.5678878 0.2192934 0.3600843 0.2580856 0.3985518 0.237349 0.3504049 0.2034676 0.5212932 0.1716808 0.5170546 0.1872547 0.5360967 0.03216946 0.4340577 0.08311665 0.4545227 0.08412337 0.4442536 0.009935677 0.4299271 0.03810459 0.4144001 0.01705241 0.4063557 0.237349 0.3504049 0.2679275 0.3955583 0.2569404 0.3444458 0.987587 0.2387002 0.9816817 0.2510433 0.9816817 0.2366068 0.6645501 0.5465357 0.6874253 0.5147861 0.6645501 0.5147861 0.6475614 0.8707441 0.6792862 0.895341 0.6792862 0.8707441 0.08473569 0.3383405 0.1141149 0.3517103 0.1081965 0.3311844 0.02860933 0.524236 0.03810453 0.4945949 0.01705235 0.5025174 0.2192935 0.5343268 0.1872547 0.5360967 0.2062315 0.5517253 0.1808287 0.4071011 0.1716807 0.3774492 0.1601083 0.3991689 0.5565477 0.04432207 0.5904952 0.04947066 0.5752983 0.06198078 0.4381072 0.227073 0.4621315 0.2588225 0.4621315 0.227073 0.389263 0.007538497 0.36632 0.0392881 0.389263 0.0392881 0.519869 0.1331573 0.5478523 0.1134929 0.5459254 0.1331215 0.2034675 0.3731122 0.2490153 0.4034144 0.2192934 0.3600843 0.5971749 0.01709371 0.6266462 0.03445369 0.6078332 0.04017591 0.2345407 0.4764207 0.1808288 0.487296 0.1904797 0.5054128 0.626226 0.5147862 0.6438856 0.5465357 0.6438856 0.5147861 0.6475614 0.8231559 0.6792862 0.8463702 0.6792862 0.8231559 0.6874253 0.5465357 0.7116321 0.5147861 0.6874253 0.5147861 0.5409739 0.2029638 0.5535592 0.1716269 0.5628266 0.1890237 0.6475614 0.8463702 0.6792862 0.8707441 0.6792862 0.8463702 0.389263 0.227073 0.4135025 0.2588225 0.4135025 0.227073 0.6874253 0.4208937 0.6645501 0.3270012 0.6645501 0.4208937 0.09454959 0.3576783 0.125289 0.402886 0.1141149 0.3517103 0.521352 0.4633324 0.5555192 0.4581893 0.5403035 0.4789524 0.2034676 0.5212932 0.2345407 0.4764207 0.1904797 0.5054128 0.2373491 0.5440128 0.2490154 0.4909458 0.2192935 0.5343268 0.2373491 0.5440128 0.2062315 0.5517253 0.227882 0.5633398 0.2679275 0.3955583 0.277315 0.3424362 0.2569404 0.3444458 0.5565477 0.04432207 0.5628265 0.07722556 0.5409738 0.06335854 0.2192934 0.3600843 0.2278818 0.3311844 0.2062313 0.342791 0.1748857 0.4676389 0.2256989 0.4471758 0.172879 0.447197 0.08311665 0.4545227 0.09846246 0.4917381 0.1355106 0.5071449 0.6943515 0.8463702 0.7260763 0.8231559 0.6943515 0.8231559 0.7116321 0.3270012 0.6874253 0.2952517 0.6874253 0.3270012 0.6874253 0.3270012 0.6645501 0.2952516 0.6645501 0.3270012 0.3455553 0.227073 0.36632 0.2588225 0.36632 0.227073 0.626226 0.3270012 0.6438856 0.2952517 0.626226 0.2952517 0.538747 -0.001447081 0.5230717 0.0468474 0.5230717 -0.001447081 0.9816817 0.07353466 0.987587 0.08997964 0.9816817 0.09119367 0.2773151 0.5519959 0.2679276 0.4988086 0.2569406 0.5499789 0.4846522 0.2588226 0.5048037 0.227073 0.4846522 0.227073 0.626226 0.4208937 0.6438856 0.3270012 0.626226 0.3270012 0.1904796 0.3889878 0.1872545 0.3584128 0.1716807 0.3774492 0.1748857 0.426756 0.1601083 0.3991689 0.1529821 0.4227371 0.5048037 0.1331805 0.4846522 0.0392881 0.4846522 0.1331805 0.5230717 -0.001447081 0.538747 0.0468474 0.5230717 0.0468474 0.2034675 0.3731122 0.2062313 0.342791 0.1872545 0.3584128 0.4381072 0.007538497 0.4135025 0.0392881 0.4381072 0.0392881 0.2569406 0.5499789 0.227882 0.5633398 0.2513741 0.5704938 0.5222752 0.1576692 0.5459254 0.1331215 0.5478523 0.152751 0.5230717 -0.001447081 0.538747 0.0468474 0.5230717 0.0468474 0.5230717 -0.001447081 0.538747 0.0468474 0.5230717 0.0468474 0.1808288 0.487296 0.226707 0.4574449 0.1748857 0.4676389 0.9816817 0.09119367 0.987587 0.1058697 0.9816817 0.1079632 0.5230887 0.04668861 0.5384261 3.3376e-4 0.5230887 3.3376e-4 0.6128225 0.05328917 0.6457931 0.2195945 0.5596372 0.1331392 0.910571 0.007538497 0.8927788 0.08569473 0.8927788 0.007538497 0.5230717 -0.001447081 0.538747 0.0468474 0.5230717 0.0468474 0.4847222 0.3745007 0.5129331 0.3941711 0.4871252 0.3990113 0.562842 0.3026382 0.5469534 0.3100282 0.5607134 0.2986797 0.5230717 -0.001447081 0.538747 0.0468474 0.5230717 0.0468474 0.4871252 0.3499886 0.5110087 0.3745427 0.4847222 0.3745007 0.5230717 -0.001447081 0.538747 0.0468474 0.5230717 0.0468474 0.9816817 0.1079632 0.987587 0.1203061 0.9816817 0.1231985 0.2932281 0.4093406 0.3091882 0.4874969 0.2932281 0.4874969 0.5230717 -0.001447081 0.538747 0.0468474 0.5230717 0.0468474 0.5230887 3.3376e-4 0.5384261 0.04668861 0.5384261 3.3376e-4 0.8769825 0.08569473 0.8927789 0.1638509 0.8769825 0.1638509 0.5230717 -0.001447081 0.538747 0.0468474 0.5230717 0.0468474 0.9296753 0.007538497 0.910571 0.08569473 0.910571 0.007538497 0.8927788 0.007538497 0.8769825 0.08569473 0.8769825 0.007538497 0.5230887 0.04668861 0.5384261 3.3376e-4 0.5230887 3.3376e-4 0.987587 0.1864017 0.9816817 0.2039838 0.9816817 0.1870508 0.7464792 0.9284681 0.7405739 0.9104181 0.7464792 0.9111337 0.7464792 0.944612 0.740574 0.9268435 0.7464792 0.9284681 0.3091881 0.3311844 0.2932281 0.4093406 0.293228 0.3311844 0.36632 0.227073 0.389263 0.2588225 0.389263 0.227073 0.5356608 0.4252167 0.5498036 0.4356355 0.5469533 0.4390373 0.6321313 0.9415558 0.626226 0.959581 0.626226 0.9430125 0.987587 0.1864017 0.9816817 0.1705687 0.987587 0.1690073 0.6438856 0.5465357 0.6645501 0.5147861 0.6438856 0.5147861 0.3225857 0.3311844 0.3091881 0.4093406 0.3091881 0.3311844 0.5230887 3.3376e-4 0.5384261 0.04668861 0.5384261 3.3376e-4 0.6471966 0.9738329 0.6531019 0.9622027 0.6531019 0.9769224 0.4135025 0.007538497 0.389263 0.0392881 0.4135025 0.0392881 0.987587 0.2042717 0.9816817 0.2207167 0.9816817 0.2039838 0.1564812 0.9436203 0.1505759 0.9604244 0.1505759 0.9460915 0.581918 0.1976328 0.5979275 0.2050181 0.5956963 0.2089801 0.494242 0.3264172 0.5129331 0.354913 0.4871252 0.3499886 0.6456915 0.218665 0.5600891 0.1326897 0.5851615 0.07187253 0.5230887 3.3376e-4 0.5384261 0.04668861 0.5384261 3.3376e-4 0.5230887 3.3376e-4 0.5384261 0.04668861 0.5384261 3.3376e-4 0.5230887 3.3376e-4 0.5384261 0.04668861 0.5384261 3.3376e-4 0.5230887 3.3376e-4 0.5384261 0.04668861 0.5384261 3.3376e-4 0.5278874 0.430437 0.521352 0.4633324 0.5057989 0.4442974 0.7464792 0.958945 0.740574 0.9421408 0.7464792 0.944612 0.9816817 0.05566459 0.987587 0.07324677 0.9816817 0.07353466 0.5294015 0.18124 0.5478523 0.152751 0.5535592 0.1716269 0.987587 0.1527571 0.9816817 0.1414486 0.987587 0.1382756 0.5555192 0.4581893 0.5619251 0.490557 0.5403035 0.4789524 0.9666164 0.1795872 0.9447407 0.101431 0.9447407 0.1953234 0.5222752 0.1086465 0.5535591 0.09461903 0.5478523 0.1134929 0.4871252 0.3990113 0.5186324 0.4130444 0.494242 0.4225788 0.5230887 3.3376e-4 0.5384261 0.04668861 0.5384261 3.3376e-4 0.987587 0.2219308 0.9816817 0.2366068 0.9816817 0.2207167 0.505799 0.3046923 0.5186324 0.3360366 0.494242 0.3264172 0.5619251 0.490557 0.5916219 0.473203 0.585386 0.4977003 0.5230717 -0.001447081 0.538747 0.0468474 0.5230717 0.0468474 0.5230887 3.3376e-4 0.5384261 0.04668861 0.5384261 3.3376e-4 0.5230887 3.3376e-4 0.5384261 0.04668861 0.5384261 3.3376e-4 0.5294014 0.08507823 0.5628265 0.07722556 0.5535591 0.09461903 0.5230717 -0.001447081 0.538747 0.0468474 0.5230717 0.0468474 0.5230717 -0.001447081 0.538747 0.0468474 0.5230717 0.0468474 0.5230717 -0.001447081 0.538747 0.0468474 0.5230717 0.0468474 0.987587 0.1690073 0.9816817 0.1551706 0.987587 0.1527571 0.8927788 0.08569473 0.910571 0.1638509 0.8927789 0.1638509 0.910571 0.08569473 0.9296754 0.1638509 0.910571 0.1638509 0.1564812 0.928323 0.1505759 0.9460915 0.1505759 0.9299476 0.3091881 0.4093406 0.3225857 0.4874968 0.3091882 0.4874969 0.5706104 0.08244508 0.5848715 0.07202184 0.574157 0.08511871 0.6531019 0.9622027 0.6471966 0.9443281 0.6531019 0.9457847 0.9666164 0.02327471 0.9447407 0.101431 0.9666164 0.101431 0.1564812 0.9118975 0.1505759 0.9299476 0.1505759 0.9126132 0.5230717 -0.001447081 0.538747 0.0468474 0.5230717 0.0468474 0.987587 0.02443355 0.9816817 0.03827017 0.9816817 0.02201998 0.538747 -0.001447081 0.5230717 0.0468474 0.5230717 -0.001447081 0.987587 0.01071143 0.9816817 0.02201998 0.9816817 0.007538497 0.6321313 0.9251378 0.626226 0.9135077 0.6321313 0.9104181 0.6471966 0.9277595 0.6531019 0.9104181 0.6531019 0.9282992 0.6321313 0.9251378 0.626226 0.9430125 0.626226 0.9274554 0.987587 0.03983157 0.9816817 0.05566459 0.9816817 0.03827017 0.494242 0.4225788 0.5278874 0.430437 0.5057989 0.4442974 0.5230887 0.04668861 0.5384261 3.3376e-4 0.5230887 3.3376e-4 0.5230887 3.3376e-4 0.5384261 0.04668861 0.5384261 3.3376e-4 0.5230887 3.3376e-4 0.5384261 0.04668861 0.5384261 3.3376e-4 0.538747 -0.001447081 0.5230717 0.0468474 0.5230717 -0.001447081 0.5230887 3.3376e-4 0.5384261 0.04668861 0.5384261 3.3376e-4 0.04774254 0.5127073 0.06071317 0.5285817 0.04416239 0.543271 0.03216946 0.4749405 0.08412337 0.4647912 0.08710485 0.4746646 0.6874253 0.3270012 0.7116321 0.3270012 0.7116321 0.4208937 0.1529821 0.4227371 0.1748857 0.426756 0.172879 0.447197 0.1904796 0.3889878 0.2034675 0.3731122 0.2410652 0.409959 0.009935677 0.4299271 0.03216946 0.4340577 0.03016543 0.4544997 0.2296925 0.4673197 0.226707 0.4574449 0.2256989 0.4471758 0.2256989 0.4471758 0.2267069 0.4369072 0.2410652 0.409959 0.2267069 0.4369072 0.2296924 0.4270334 0.2410652 0.409959 0.2296924 0.4270334 0.2345406 0.4179341 0.2410652 0.409959 0.2410652 0.409959 0.2490153 0.4034144 0.2781628 0.3945488 0.2490153 0.4034144 0.2580856 0.3985518 0.2781628 0.3945488 0.2580856 0.3985518 0.2679275 0.3955583 0.2781628 0.3945488 0.2781628 0.3945488 0.2781628 0.4998219 0.2679276 0.4988086 0.2679276 0.4988086 0.2580857 0.4958115 0.2781628 0.3945488 0.2580857 0.4958115 0.2490154 0.4909458 0.2781628 0.3945488 0.2490154 0.4909458 0.2410652 0.4843983 0.2345407 0.4764207 0.2345407 0.4764207 0.2296925 0.4673197 0.2256989 0.4471758 0.2490154 0.4909458 0.2345407 0.4764207 0.2781628 0.3945488 0.2345407 0.4764207 0.2256989 0.4471758 0.2781628 0.3945488 0.09454959 0.3576783 0.07651805 0.3673658 0.06311404 0.349957 0.6645501 0.4208937 0.6645501 0.5147861 0.6438856 0.5147861 0.03216946 0.4749405 0.03810453 0.4945949 0.01705235 0.5025174 0.1529821 0.4717599 0.1748857 0.4676389 0.1808288 0.487296 0.06071317 0.5285817 0.07651793 0.5416082 0.06311392 0.5588909 0.626226 0.4208937 0.6438856 0.4208937 0.6438856 0.5147861 0.03016543 0.4544997 0.03216946 0.4749405 0.009935617 0.4789498 0.1529821 0.4717599 0.1505759 0.447248 0.172879 0.447197 0.06071323 0.3804009 0.09846246 0.4172989 0.09194666 0.425277 0.7260763 0.7836962 0.7260763 0.8019936 0.6943515 0.8019936 0.6438856 0.3270012 0.6645501 0.3270012 0.6645501 0.4208937 0.1344622 0.3496915 0.1355106 0.4018719 0.125289 0.402886 0.09454959 0.3576783 0.1154603 0.405884 0.106402 0.4107507 0.4381072 0.0392881 0.4381072 0.007538497 0.4621315 0.007538497 0.07651793 0.5416082 0.09454947 0.5512859 0.08473551 0.5704956 0.03810459 0.4144001 0.08710491 0.4343785 0.08412337 0.4442536 0.5048037 0.1331805 0.5048037 0.227073 0.4846522 0.227073 0.7474117 0.8717076 0.7474117 0.8922204 0.7260763 0.895341 0.7116321 0.2952516 0.6874253 0.2952517 0.6931789 0.2738996 0.08473551 0.5704956 0.09454947 0.5512859 0.1141148 0.5572432 0.06071323 0.3804009 0.0477426 0.3962824 0.02860939 0.3846308 0.125289 0.5061362 0.1355106 0.5071449 0.1344622 0.5592509 0.07651805 0.3673658 0.06071323 0.3804009 0.04416251 0.3655873 0.09454947 0.5512859 0.1154602 0.5031436 0.125289 0.5061362 0.6874253 0.4208937 0.6874253 0.5147861 0.6645501 0.5147861 0.07651793 0.5416082 0.106402 0.498282 0.1154602 0.5031436 0.03810459 0.4144001 0.03216946 0.4340577 0.009935677 0.4299271 0.03216946 0.4340577 0.08412337 0.4442536 0.08311665 0.4545227 0.1808288 0.487296 0.2296925 0.4673197 0.2345407 0.4764207 0.7116321 0.4208937 0.7116321 0.5147861 0.6874253 0.5147861 0.1141149 0.3517103 0.09454959 0.3576783 0.08473569 0.3383405 0.06071317 0.5285817 0.09846246 0.4917381 0.106402 0.498282 0.2034676 0.5212932 0.2410652 0.4843983 0.2490154 0.4909458 0.7116321 0.5465357 0.7133664 0.5678878 0.6931789 0.5678878 0.04774254 0.5127073 0.0919466 0.4837635 0.09846246 0.4917381 0.5628265 0.07722556 0.5752983 0.06198078 0.5565477 0.04432207 0.6097846 0.5001079 0.6111607 0.4751309 0.5916219 0.473203 0.6475614 0.8463702 0.6475614 0.8707441 0.626226 0.8717076 0.106402 0.4107507 0.09846246 0.4172989 0.06071323 0.3804009 0.1808287 0.4071011 0.1904796 0.3889878 0.2345406 0.4179341 0.6475614 0.895341 0.626226 0.8922204 0.626226 0.8717076 0.36632 0.0392881 0.36632 0.007538497 0.389263 0.007538497 0.6438856 0.2952517 0.6645501 0.2952516 0.6645501 0.3270012 0.1748857 0.426756 0.1808287 0.4071011 0.2296924 0.4270334 0.1601084 0.4953307 0.1808288 0.487296 0.1904797 0.5054128 0.2192934 0.3600843 0.237349 0.3504049 0.2580856 0.3985518 0.4621315 0.0392881 0.4621315 0.007538497 0.4846522 0.007538497 0.7260763 0.8463702 0.7260763 0.8707441 0.6943515 0.8707441 0.5230887 3.3376e-4 0.5384261 3.3376e-4 0.5384261 0.04668861 0.08311665 0.4545227 0.08412337 0.4647912 0.03216946 0.4749405 0.1716808 0.5170546 0.1904797 0.5054128 0.2034676 0.5212932 0.626226 0.3270012 0.626226 0.2952517 0.6438856 0.2952517 0.2373491 0.5440128 0.2580857 0.4958115 0.2679276 0.4988086 0.1748857 0.4676389 0.172879 0.447197 0.2256989 0.4471758 0.2373491 0.5440128 0.2192935 0.5343268 0.2490154 0.4909458 0.08311665 0.4545227 0.08412337 0.4442536 0.08412337 0.4647912 0.08412337 0.4442536 0.08710491 0.4343785 0.08412337 0.4647912 0.08710491 0.4343785 0.09194666 0.425277 0.09846246 0.4172989 0.09846246 0.4172989 0.106402 0.4107507 0.1154603 0.405884 0.1154603 0.405884 0.125289 0.402886 0.1355106 0.4018719 0.1355106 0.4018719 0.1355106 0.5071449 0.125289 0.5061362 0.125289 0.5061362 0.1154602 0.5031436 0.106402 0.498282 0.106402 0.498282 0.09846246 0.4917381 0.0919466 0.4837635 0.0919466 0.4837635 0.08710485 0.4746646 0.08412337 0.4647912 0.08710491 0.4343785 0.09846246 0.4172989 0.1154603 0.405884 0.1154603 0.405884 0.1355106 0.4018719 0.125289 0.5061362 0.125289 0.5061362 0.106402 0.498282 0.0919466 0.4837635 0.0919466 0.4837635 0.08412337 0.4647912 0.08710491 0.4343785 0.08710491 0.4343785 0.1154603 0.405884 0.125289 0.5061362 0.7260763 0.8019936 0.7260763 0.8231559 0.6943515 0.8231559 0.2034676 0.5212932 0.1904797 0.5054128 0.2345407 0.4764207 0.7260763 0.8707441 0.7260763 0.895341 0.6943515 0.895341 0.125289 0.402886 0.1154603 0.405884 0.09454959 0.3576783 0.277315 0.3424362 0.2781628 0.3945488 0.2679275 0.3955583 0.2278818 0.3311844 0.237349 0.3504049 0.2192934 0.3600843 0.03810453 0.4945949 0.08710485 0.4746646 0.0919466 0.4837635 0.09194666 0.425277 0.08710491 0.4343785 0.03810459 0.4144001 0.1716807 0.3774492 0.1904796 0.3889878 0.1808287 0.4071011 0.521352 0.4633324 0.5403035 0.4789524 0.5555192 0.4581893 0.5971749 0.01709371 0.6078332 0.04017591 0.6266462 0.03445369 0.4846522 0.007538497 0.5048037 0.007538497 0.5048037 0.0392881 0.03810453 0.4945949 0.04774254 0.5127073 0.02860933 0.524236 0.1872547 0.5360967 0.2034676 0.5212932 0.2192935 0.5343268 0.4621315 0.2588225 0.4381072 0.2588225 0.4381072 0.227073 0.2034675 0.3731122 0.2192934 0.3600843 0.2490153 0.4034144 0.6792862 0.8231559 0.6475614 0.8231559 0.6475614 0.8019936 0.4846522 0.2588226 0.4621315 0.2588225 0.4621315 0.227073 0.237349 0.3504049 0.2569404 0.3444458 0.2679275 0.3955583 0.6792862 0.895341 0.6475614 0.895341 0.6475614 0.8707441 0.4381072 0.2588225 0.4135025 0.2588225 0.4135025 0.227073 0.6792862 0.8019936 0.6475614 0.8019936 0.6475614 0.7836962 0.0477426 0.3962824 0.03810459 0.4144001 0.01705241 0.4063557 0.6266462 0.03445369 0.646211 0.03252393 0.6450982 0.007538497 0.5904952 0.04947066 0.6078332 0.04017591 0.5971749 0.01709371 0.5409739 0.2029638 0.5628266 0.1890237 0.5535592 0.1716269 0.6792862 0.8707441 0.6475614 0.8707441 0.6475614 0.8463702 0.6874253 0.2952517 0.7116321 0.2952516 0.7116321 0.3270012 0.5222752 0.1576692 0.5478523 0.152751 0.5459254 0.1331215 0.4846522 0.0392881 0.5048037 0.0392881 0.5048037 0.1331805 0.227882 0.5633398 0.2373491 0.5440128 0.2569406 0.5499789 0.626226 0.4208937 0.626226 0.3270012 0.6438856 0.3270012 0.2062313 0.342791 0.2192934 0.3600843 0.2034675 0.3731122 0.1872545 0.3584128 0.2034675 0.3731122 0.1904796 0.3889878 0.5048037 0.227073 0.5048037 0.2588225 0.4846522 0.2588226 0.1808288 0.487296 0.1748857 0.4676389 0.226707 0.4574449 0.4135025 0.0392881 0.4135025 0.007538497 0.4381072 0.007538497 0.2773151 0.5519959 0.2569406 0.5499789 0.2679276 0.4988086 0.1601083 0.3991689 0.1808287 0.4071011 0.1748857 0.426756 0.2062315 0.5517253 0.2192935 0.5343268 0.2373491 0.5440128 0.519869 0.1331573 0.5459254 0.1331215 0.5478523 0.1134929 0.6645501 0.2952516 0.6874253 0.2952517 0.6874253 0.3270012 0.6645501 0.3270012 0.6874253 0.3270012 0.6874253 0.4208937 0.5565477 0.04432207 0.5752983 0.06198078 0.5904952 0.04947066 0.1748857 0.426756 0.2267069 0.4369072 0.2256989 0.4471758 0.987587 0.2387002 0.9816817 0.2366068 0.9816817 0.2510433 0.6531019 0.9457847 0.6531019 0.9282992 0.6471966 0.9277595 0.626226 0.5147862 0.6438856 0.5147861 0.6438856 0.5465357 0.3455553 0.0392881 0.3455553 0.007538497 0.36632 0.007538497 0.4135025 0.2588225 0.389263 0.2588225 0.389263 0.227073 0.36632 0.2588225 0.3455553 0.2588225 0.3455553 0.227073 0.6874253 0.5147861 0.6874253 0.5465357 0.6645501 0.5465357 0.6792862 0.8463702 0.6475614 0.8463702 0.6475614 0.8231559 0.626226 0.959581 0.626226 0.9765244 0.6321313 0.9769224 0.7260763 0.8231559 0.7260763 0.8463702 0.6943515 0.8463702 0.7116321 0.5147861 0.7116321 0.5465357 0.6874253 0.5465357 0.389263 0.2588225 0.36632 0.2588225 0.36632 0.227073 0.389263 0.0392881 0.389263 0.007538497 0.4135025 0.007538497 0.6321313 0.9415558 0.626226 0.9430125 0.626226 0.959581 0.987587 0.2042717 0.9816817 0.2039838 0.9816817 0.2207167 0.6645501 0.5147861 0.6645501 0.5465357 0.6438856 0.5465357 0.1505759 0.9604244 0.1564812 0.9572016 0.1564812 0.9436203 0.5979275 0.2050181 0.5848717 0.1942659 0.581918 0.1976328 0.2932281 0.4093406 0.3091881 0.4093406 0.3091881 0.3311844 0.5230887 3.3376e-4 0.5384261 3.3376e-4 0.5384261 0.04668861 0.987587 0.1864017 0.9816817 0.1870508 0.9816817 0.2039838 0.740574 0.9268435 0.740574 0.9421408 0.7464792 0.944612 0.6531019 0.9622027 0.6471966 0.9598851 0.6471966 0.9738329 0.3091881 0.4093406 0.3225857 0.4093406 0.3225857 0.3311844 0.7405739 0.9104181 0.740574 0.9268435 0.7464792 0.9284681 0.9816817 0.1705687 0.9816817 0.1870508 0.987587 0.1864017 0.5356608 0.4252167 0.5469533 0.4390373 0.5498036 0.4356355 0.9816817 0.05566459 0.9816817 0.07353466 0.987587 0.07324677 0.987587 0.2219308 0.9816817 0.2207167 0.9816817 0.2366068 0.9816817 0.1414486 0.9816817 0.1551706 0.987587 0.1527571 0.6456915 0.218665 0.6456915 0.04666751 0.6289913 0.04832458 0.6289913 0.04832458 0.6129329 0.05322277 0.5745158 0.08490741 0.6129329 0.05322277 0.5981334 0.06117397 0.5745158 0.08490741 0.5981334 0.06117397 0.5851615 0.07187253 0.5745158 0.08490741 0.5745158 0.08490741 0.5666053 0.09977763 0.561734 0.1159117 0.561734 0.1159117 0.5600891 0.1326897 0.561734 0.1494666 0.561734 0.1494666 0.5666052 0.1655981 0.5745157 0.180464 0.5745157 0.180464 0.5851614 0.1934931 0.561734 0.1494666 0.5851614 0.1934931 0.5981333 0.2041846 0.561734 0.1494666 0.5981333 0.2041846 0.6129329 0.2121277 0.6289913 0.04832458 0.6129329 0.2121277 0.6289913 0.2170171 0.6289913 0.04832458 0.6289913 0.2170171 0.6456915 0.218665 0.6289913 0.04832458 0.5745158 0.08490741 0.561734 0.1159117 0.561734 0.1494666 0.6289913 0.04832458 0.5745158 0.08490741 0.5981333 0.2041846 0.9666164 0.1795872 0.9447407 0.1953234 0.9447407 0.101431 0.5230887 3.3376e-4 0.5384261 3.3376e-4 0.5384261 0.04668861 0.5230887 3.3376e-4 0.5384261 3.3376e-4 0.5384261 0.04668861 0.740574 0.9421408 0.740574 0.9557221 0.7464792 0.958945 0.4871252 0.3990113 0.494242 0.4225788 0.5186324 0.4130444 0.5230887 3.3376e-4 0.5384261 3.3376e-4 0.5384261 0.04668861 0.521352 0.4633324 0.5403425 0.4456806 0.5278874 0.430437 0.5230887 3.3376e-4 0.5384261 3.3376e-4 0.5384261 0.04668861 0.5222752 0.1086465 0.5478523 0.1134929 0.5535591 0.09461903 0.5230887 3.3376e-4 0.5384261 3.3376e-4 0.5384261 0.04668861 0.5619251 0.490557 0.5728341 0.4674825 0.5555192 0.4581893 0.494242 0.3264172 0.4871252 0.3499886 0.5129331 0.354913 0.5294015 0.18124 0.5535592 0.1716269 0.5478523 0.152751 0.5230887 3.3376e-4 0.5384261 3.3376e-4 0.5384261 0.04668861 0.5230887 3.3376e-4 0.5384261 3.3376e-4 0.5384261 0.04668861 0.5230887 3.3376e-4 0.5384261 3.3376e-4 0.5384261 0.04668861 0.5294014 0.08507823 0.5535591 0.09461903 0.5628265 0.07722556 0.5619251 0.490557 0.585386 0.4977003 0.5916219 0.473203 0.5230887 3.3376e-4 0.5384261 3.3376e-4 0.5384261 0.04668861 0.505799 0.3046923 0.494242 0.3264172 0.5186324 0.3360366 0.5230717 -0.001447081 0.5230717 0.0468474 0.538747 0.0468474 0.5384261 3.3376e-4 0.5384261 0.04668861 0.5230887 0.04668861 0.5230887 3.3376e-4 0.5384261 3.3376e-4 0.5384261 0.04668861 0.5384261 3.3376e-4 0.5384261 0.04668861 0.5230887 0.04668861 0.5230717 -0.001447081 0.5230717 0.0468474 0.538747 0.0468474 0.5230717 -0.001447081 0.5230717 0.0468474 0.538747 0.0468474 0.5230717 0.0468474 0.538747 0.0468474 0.538747 -0.001447081 0.494242 0.4225788 0.5057989 0.4442974 0.5278874 0.430437 0.5230887 3.3376e-4 0.5384261 3.3376e-4 0.5384261 0.04668861 0.5230717 -0.001447081 0.5230717 0.0468474 0.538747 0.0468474 0.4847222 0.3745007 0.4871252 0.3990113 0.5129331 0.3941711 0.5230717 0.0468474 0.538747 0.0468474 0.538747 -0.001447081 0.5384261 3.3376e-4 0.5384261 0.04668861 0.5230887 0.04668861 0.5230717 -0.001447081 0.5230717 0.0468474 0.538747 0.0468474 0.5230717 -0.001447081 0.5230717 0.0468474 0.538747 0.0468474 0.5230717 -0.001447081 0.5230717 0.0468474 0.538747 0.0468474 0.4871252 0.3499886 0.4847222 0.3745007 0.5110087 0.3745427 0.5230717 -0.001447081 0.5230717 0.0468474 0.538747 0.0468474 0.5230717 -0.001447081 0.5230717 0.0468474 0.538747 0.0468474 0.6457931 0.2195945 0.6457931 0.04671531 0.6289848 0.04837322 0.6289848 0.04837322 0.6128225 0.05328917 0.5979273 0.06127434 0.5979273 0.06127434 0.5848715 0.07202184 0.574157 0.08511871 0.574157 0.08511871 0.5661954 0.1000615 0.5612926 0.1162762 0.5612926 0.1162762 0.5596372 0.1331392 0.5612927 0.1500031 0.5612927 0.1500031 0.5661954 0.1662194 0.5741571 0.1811652 0.5741571 0.1811652 0.5848717 0.1942659 0.5979275 0.2050181 0.5979275 0.2050181 0.6128227 0.2130087 0.6289848 0.04837322 0.6128227 0.2130087 0.6289849 0.2179306 0.6289848 0.04837322 0.6289849 0.2179306 0.6457931 0.2195945 0.6289848 0.04837322 0.6289848 0.04837322 0.5979273 0.06127434 0.5612927 0.1500031 0.5979273 0.06127434 0.574157 0.08511871 0.5612927 0.1500031 0.574157 0.08511871 0.5612926 0.1162762 0.5612927 0.1500031 0.5612927 0.1500031 0.5741571 0.1811652 0.5979275 0.2050181 0.5230717 -0.001447081 0.5230717 0.0468474 0.538747 0.0468474 0.5230717 -0.001447081 0.5230717 0.0468474 0.538747 0.0468474 0.5230717 -0.001447081 0.5230717 0.0468474 0.538747 0.0468474 0.910571 0.08569473 0.9296753 0.08569467 0.9296753 0.007538497 0.8769825 0.08569473 0.8927788 0.08569473 0.8927788 0.007538497 0.8927788 0.08569473 0.910571 0.08569473 0.910571 0.007538497 0.8927789 0.1638509 0.8927788 0.08569473 0.8769825 0.08569473 0.9816817 0.09119367 0.9816817 0.1079632 0.987587 0.1058697 0.9816817 0.1079632 0.9816817 0.1231985 0.987587 0.1203061 0.5469534 0.3100282 0.5498036 0.3133916 0.562842 0.3026382 0.9816817 0.07353466 0.9816817 0.09119367 0.987587 0.08997964 0.3091882 0.4874969 0.3091881 0.4093406 0.2932281 0.4093406 0.1505759 0.9299476 0.1564812 0.928323 0.1564812 0.9118975 0.9816817 0.05566459 0.987587 0.05631375 0.987587 0.03983157 0.9816817 0.03827017 0.987587 0.03983157 0.987587 0.02443355 0.910571 0.1638509 0.910571 0.08569473 0.8927788 0.08569473 0.9816817 0.02201998 0.987587 0.02443355 0.987587 0.01071143 0.9296754 0.1638509 0.9296753 0.08569467 0.910571 0.08569473 0.1505759 0.9460915 0.1564812 0.9436203 0.1564812 0.928323 0.9666164 0.02327471 0.9666164 0.101431 0.9447407 0.101431 0.6531019 0.9104181 0.6471966 0.9108161 0.6471966 0.9277595 0.3225857 0.4874968 0.3225857 0.4093406 0.3091881 0.4093406 0.6531019 0.9622027 0.6531019 0.9457847 0.6471966 0.9443281 0.6321313 0.9251378 0.626226 0.9274554 0.626226 0.9430125 0.626226 0.9135077 0.626226 0.9274554 0.6321313 0.9251378 0.5706104 0.08244508 0.574157 0.08511871 0.5848715 0.07202184 0.5230717 0.0468474 0.538747 0.0468474 0.538747 -0.001447081 0.9816817 0.1551706 0.9816817 0.1705687 0.987587 0.1690073 0.5230717 -0.001447081 0.5230717 0.0468474 0.538747 0.0468474 0.08473551 0.5704956 0.09454947 0.5512859 0.07651793 0.5416082 0.03810459 0.4144001 0.03216946 0.4340577 0.08412337 0.4442536 0.4846522 0.007538497 0.4621315 0.007538497 0.4621315 0.0392881 0.2490154 0.4909458 0.2410652 0.4843983 0.2034676 0.5212932 0.5048037 0.0392881 0.5048037 0.007538497 0.4846522 0.007538497 0.09454959 0.3576783 0.07651805 0.3673658 0.106402 0.4107507 0.6943515 0.8231559 0.7260763 0.8231559 0.7260763 0.8019936 0.06071323 0.3804009 0.0477426 0.3962824 0.09194666 0.425277 0.1529821 0.4717599 0.1748857 0.4676389 0.172879 0.447197 0.6438856 0.5147861 0.6645501 0.5147861 0.6645501 0.4208937 0.03810453 0.4945949 0.04774254 0.5127073 0.0919466 0.4837635 0.06311392 0.5588909 0.07651793 0.5416082 0.06071317 0.5285817 0.1808288 0.487296 0.1748857 0.4676389 0.1529821 0.4717599 0.06311404 0.349957 0.07651805 0.3673658 0.09454959 0.3576783 0.03810459 0.4144001 0.08710491 0.4343785 0.09194666 0.425277 0.009935677 0.4299271 0.007532596 0.4544392 0.03016543 0.4544997 0.1904796 0.3889878 0.2345406 0.4179341 0.2410652 0.409959 0.2679276 0.4988086 0.2580857 0.4958115 0.2373491 0.5440128 0.03216946 0.4749405 0.03810453 0.4945949 0.08710485 0.4746646 0.04416239 0.543271 0.06071317 0.5285817 0.04774254 0.5127073 0.5916219 0.473203 0.6111607 0.4751309 0.6097846 0.5001079 0.626226 0.4208937 0.626226 0.5147862 0.6438856 0.5147861 0.6645501 0.5147861 0.6874253 0.5147861 0.6874253 0.4208937 0.2256989 0.4471758 0.226707 0.4574449 0.2267069 0.4369072 0.226707 0.4574449 0.2296925 0.4673197 0.2267069 0.4369072 0.2296925 0.4673197 0.2345407 0.4764207 0.2410652 0.4843983 0.2410652 0.4843983 0.2490154 0.4909458 0.2580857 0.4958115 0.2580857 0.4958115 0.2679276 0.4988086 0.2781628 0.4998219 0.2781628 0.4998219 0.2781628 0.3945488 0.2679275 0.3955583 0.2679275 0.3955583 0.2580856 0.3985518 0.2490153 0.4034144 0.2490153 0.4034144 0.2410652 0.409959 0.2345406 0.4179341 0.2345406 0.4179341 0.2296924 0.4270334 0.2267069 0.4369072 0.2296925 0.4673197 0.2410652 0.4843983 0.2580857 0.4958115 0.2580857 0.4958115 0.2781628 0.4998219 0.2679275 0.3955583 0.2679275 0.3955583 0.2490153 0.4034144 0.2345406 0.4179341 0.2345406 0.4179341 0.2267069 0.4369072 0.2296925 0.4673197 0.2296925 0.4673197 0.2580857 0.4958115 0.2679275 0.3955583 0.01705235 0.5025174 0.03810453 0.4945949 0.03216946 0.4749405 0.172879 0.447197 0.1748857 0.426756 0.1529821 0.4227371 0.7260763 0.895341 0.7474117 0.8922204 0.7474117 0.8717076 0.7116321 0.2952516 0.7133664 0.2738996 0.6931789 0.2738996 0.08473551 0.5704956 0.1081964 0.5776389 0.1141148 0.5572432 0.6943515 0.8019936 0.7260763 0.8019936 0.7260763 0.7836962 0.02860939 0.3846308 0.0477426 0.3962824 0.06071323 0.3804009 0.6645501 0.4208937 0.6645501 0.3270012 0.6438856 0.3270012 0.1344622 0.5592509 0.1355106 0.5071449 0.125289 0.5061362 0.1344622 0.3496915 0.1141149 0.3517103 0.125289 0.402886 0.04416251 0.3655873 0.06071323 0.3804009 0.07651805 0.3673658 0.7116321 0.4208937 0.7116321 0.3270012 0.6874253 0.3270012 0.4621315 0.007538497 0.4381072 0.007538497 0.4381072 0.0392881 0.009935617 0.4789498 0.03216946 0.4749405 0.03016543 0.4544997 0.09454947 0.5512859 0.1141148 0.5572432 0.125289 0.5061362 0.6645501 0.3270012 0.6645501 0.2952516 0.6438856 0.2952517 0.4846522 0.227073 0.5048037 0.227073 0.5048037 0.1331805 0.07651793 0.5416082 0.09454947 0.5512859 0.1154602 0.5031436 0.36632 0.007538497 0.3455553 0.007538497 0.3455553 0.0392881 0.6321313 0.9769224 0.626226 0.9765244 0.626226 0.959581 0.6475614 0.8463702 0.626226 0.8513808 0.626226 0.8717076 0.6874253 0.5147861 0.7116321 0.5147861 0.7116321 0.4208937 0.6943515 0.8707441 0.7260763 0.8707441 0.7260763 0.8463702 0.03216946 0.4749405 0.08412337 0.4647912 0.08311665 0.4545227 0.6475614 0.8019936 0.6475614 0.8231559 0.6792862 0.8231559 0.5230887 3.3376e-4 0.5230887 0.04668861 0.5384261 0.04668861 0.1904797 0.5054128 0.1808288 0.487296 0.1601084 0.4953307 0.01705241 0.4063557 0.03810459 0.4144001 0.0477426 0.3962824 0.6943515 0.895341 0.7260763 0.895341 0.7260763 0.8707441 0.5971749 0.01709371 0.6078332 0.04017591 0.5904952 0.04947066 0.4135025 0.227073 0.4135025 0.2588225 0.4381072 0.2588225 0.6531019 0.9457847 0.6471966 0.9443281 0.6471966 0.9277595 0.04774254 0.5127073 0.06071317 0.5285817 0.09846246 0.4917381 0.06071323 0.3804009 0.09846246 0.4172989 0.106402 0.4107507 0.6450982 0.007538497 0.646211 0.03252393 0.6266462 0.03445369 0.2256989 0.4471758 0.2267069 0.4369072 0.1748857 0.426756 0.1748857 0.426756 0.2267069 0.4369072 0.2296924 0.4270334 0.626226 0.8717076 0.626226 0.8922204 0.6475614 0.895341 0.06071317 0.5285817 0.07651793 0.5416082 0.106402 0.498282 0.6475614 0.7836962 0.6475614 0.8019936 0.6792862 0.8019936 0.1808287 0.4071011 0.2296924 0.4270334 0.2345406 0.4179341 0.4621315 0.227073 0.4621315 0.2588225 0.4846522 0.2588226 0.7116321 0.5465357 0.6874253 0.5465357 0.6931789 0.5678878 0.2192934 0.3600843 0.2490153 0.4034144 0.2580856 0.3985518 0.2034676 0.5212932 0.1904797 0.5054128 0.1716808 0.5170546 0.03216946 0.4340577 0.03016543 0.4544997 0.08311665 0.4545227 0.009935677 0.4299271 0.03216946 0.4340577 0.03810459 0.4144001 0.237349 0.3504049 0.2580856 0.3985518 0.2679275 0.3955583 0.987587 0.2387002 0.987587 0.2539356 0.9816817 0.2510433 0.6645501 0.5465357 0.6874253 0.5465357 0.6874253 0.5147861 0.6475614 0.8707441 0.6475614 0.895341 0.6792862 0.895341 0.08473569 0.3383405 0.09454959 0.3576783 0.1141149 0.3517103 0.02860933 0.524236 0.04774254 0.5127073 0.03810453 0.4945949 0.2192935 0.5343268 0.2034676 0.5212932 0.1872547 0.5360967 0.1808287 0.4071011 0.1904796 0.3889878 0.1716807 0.3774492 0.5565477 0.04432207 0.5755244 0.02870035 0.5904952 0.04947066 0.4381072 0.227073 0.4381072 0.2588225 0.4621315 0.2588225 0.389263 0.007538497 0.36632 0.007538497 0.36632 0.0392881 0.519869 0.1331573 0.5222752 0.1086465 0.5478523 0.1134929 0.2034675 0.3731122 0.2410652 0.409959 0.2490153 0.4034144 0.5971749 0.01709371 0.620667 0.009948253 0.6266462 0.03445369 0.2345407 0.4764207 0.2296925 0.4673197 0.1808288 0.487296 0.626226 0.5147862 0.626226 0.5465357 0.6438856 0.5465357 0.6475614 0.8231559 0.6475614 0.8463702 0.6792862 0.8463702 0.6874253 0.5465357 0.7116321 0.5465357 0.7116321 0.5147861 0.5409739 0.2029638 0.5294015 0.18124 0.5535592 0.1716269 0.6475614 0.8463702 0.6475614 0.8707441 0.6792862 0.8707441 0.389263 0.227073 0.389263 0.2588225 0.4135025 0.2588225 0.6874253 0.4208937 0.6874253 0.3270012 0.6645501 0.3270012 0.09454959 0.3576783 0.1154603 0.405884 0.125289 0.402886 0.521352 0.4633324 0.5403425 0.4456806 0.5555192 0.4581893 0.2034676 0.5212932 0.2410652 0.4843983 0.2345407 0.4764207 0.2373491 0.5440128 0.2580857 0.4958115 0.2490154 0.4909458 0.2373491 0.5440128 0.2192935 0.5343268 0.2062315 0.5517253 0.2679275 0.3955583 0.2781628 0.3945488 0.277315 0.3424362 0.5565477 0.04432207 0.5752983 0.06198078 0.5628265 0.07722556 0.2192934 0.3600843 0.237349 0.3504049 0.2278818 0.3311844 0.1748857 0.4676389 0.226707 0.4574449 0.2256989 0.4471758 0.08710491 0.4343785 0.08412337 0.4442536 0.08311665 0.4545227 0.08311665 0.4545227 0.08412337 0.4647912 0.09846246 0.4917381 0.08412337 0.4647912 0.08710485 0.4746646 0.09846246 0.4917381 0.08710485 0.4746646 0.0919466 0.4837635 0.09846246 0.4917381 0.09846246 0.4917381 0.106402 0.498282 0.1355106 0.5071449 0.106402 0.498282 0.1154602 0.5031436 0.1355106 0.5071449 0.1154602 0.5031436 0.125289 0.5061362 0.1355106 0.5071449 0.1355106 0.5071449 0.1355106 0.4018719 0.125289 0.402886 0.125289 0.402886 0.1154603 0.405884 0.1355106 0.5071449 0.1154603 0.405884 0.106402 0.4107507 0.1355106 0.5071449 0.106402 0.4107507 0.09846246 0.4172989 0.09194666 0.425277 0.09194666 0.425277 0.08710491 0.4343785 0.08311665 0.4545227 0.106402 0.4107507 0.09194666 0.425277 0.1355106 0.5071449 0.09194666 0.425277 0.08311665 0.4545227 0.1355106 0.5071449 0.6943515 0.8463702 0.7260763 0.8463702 0.7260763 0.8231559 0.7116321 0.3270012 0.7116321 0.2952516 0.6874253 0.2952517 0.6874253 0.3270012 0.6874253 0.2952517 0.6645501 0.2952516 0.3455553 0.227073 0.3455553 0.2588225 0.36632 0.2588225 0.626226 0.3270012 0.6438856 0.3270012 0.6438856 0.2952517 0.538747 -0.001447081 0.538747 0.0468474 0.5230717 0.0468474 0.9816817 0.07353466 0.987587 0.07324677 0.987587 0.08997964 0.2773151 0.5519959 0.2781628 0.4998219 0.2679276 0.4988086 0.4846522 0.2588226 0.5048037 0.2588225 0.5048037 0.227073 0.626226 0.4208937 0.6438856 0.4208937 0.6438856 0.3270012 0.1904796 0.3889878 0.2034675 0.3731122 0.1872545 0.3584128 0.1748857 0.426756 0.1808287 0.4071011 0.1601083 0.3991689 0.5048037 0.1331805 0.5048037 0.0392881 0.4846522 0.0392881 0.5230717 -0.001447081 0.538747 -0.001447081 0.538747 0.0468474 0.2034675 0.3731122 0.2192934 0.3600843 0.2062313 0.342791 0.4381072 0.007538497 0.4135025 0.007538497 0.4135025 0.0392881 0.2569406 0.5499789 0.2373491 0.5440128 0.227882 0.5633398 0.5222752 0.1576692 0.519869 0.1331573 0.5459254 0.1331215 0.5230717 -0.001447081 0.538747 -0.001447081 0.538747 0.0468474 0.5230717 -0.001447081 0.538747 -0.001447081 0.538747 0.0468474 0.1808288 0.487296 0.2296925 0.4673197 0.226707 0.4574449 0.9816817 0.09119367 0.987587 0.08997964 0.987587 0.1058697 0.5230887 0.04668861 0.5384261 0.04668861 0.5384261 3.3376e-4 0.6289848 0.04837322 0.6457931 0.04671531 0.6128225 0.05328917 0.6457931 0.04671531 0.6457931 0.2195945 0.6128225 0.05328917 0.6457931 0.2195945 0.6289849 0.2179306 0.6128227 0.2130087 0.6128227 0.2130087 0.5979275 0.2050181 0.5848717 0.1942659 0.5848717 0.1942659 0.5741571 0.1811652 0.5661954 0.1662194 0.5661954 0.1662194 0.5612927 0.1500031 0.5848717 0.1942659 0.5612927 0.1500031 0.5596372 0.1331392 0.5848717 0.1942659 0.5596372 0.1331392 0.5612926 0.1162762 0.5848715 0.07202184 0.5612926 0.1162762 0.5661954 0.1000615 0.5848715 0.07202184 0.5661954 0.1000615 0.574157 0.08511871 0.5848715 0.07202184 0.5848715 0.07202184 0.5979273 0.06127434 0.6128225 0.05328917 0.6457931 0.2195945 0.6128227 0.2130087 0.5596372 0.1331392 0.6128227 0.2130087 0.5848717 0.1942659 0.5596372 0.1331392 0.5848715 0.07202184 0.6128225 0.05328917 0.5596372 0.1331392 0.910571 0.007538497 0.910571 0.08569473 0.8927788 0.08569473 0.5230717 -0.001447081 0.538747 -0.001447081 0.538747 0.0468474 0.4847222 0.3745007 0.5110087 0.3745427 0.5129331 0.3941711 0.562842 0.3026382 0.5498036 0.3133916 0.5469534 0.3100282 0.5230717 -0.001447081 0.538747 -0.001447081 0.538747 0.0468474 0.4871252 0.3499886 0.5129331 0.354913 0.5110087 0.3745427 0.5230717 -0.001447081 0.538747 -0.001447081 0.538747 0.0468474 0.9816817 0.1079632 0.987587 0.1058697 0.987587 0.1203061 0.2932281 0.4093406 0.3091881 0.4093406 0.3091882 0.4874969 0.5230717 -0.001447081 0.538747 -0.001447081 0.538747 0.0468474 0.5230887 3.3376e-4 0.5230887 0.04668861 0.5384261 0.04668861 0.8769825 0.08569473 0.8927788 0.08569473 0.8927789 0.1638509 0.5230717 -0.001447081 0.538747 -0.001447081 0.538747 0.0468474 0.9296753 0.007538497 0.9296753 0.08569467 0.910571 0.08569473 0.8927788 0.007538497 0.8927788 0.08569473 0.8769825 0.08569473 0.5230887 0.04668861 0.5384261 0.04668861 0.5384261 3.3376e-4 0.987587 0.1864017 0.987587 0.2042717 0.9816817 0.2039838 0.7464792 0.9284681 0.740574 0.9268435 0.7405739 0.9104181 0.7464792 0.944612 0.740574 0.9421408 0.740574 0.9268435 0.3091881 0.3311844 0.3091881 0.4093406 0.2932281 0.4093406 0.36632 0.227073 0.36632 0.2588225 0.389263 0.2588225 0.5356608 0.4252167 0.5391033 0.4225396 0.5498036 0.4356355 0.6321313 0.9415558 0.6321313 0.9590413 0.626226 0.959581 0.987587 0.1864017 0.9816817 0.1870508 0.9816817 0.1705687 0.6438856 0.5465357 0.6645501 0.5465357 0.6645501 0.5147861 0.3225857 0.3311844 0.3225857 0.4093406 0.3091881 0.4093406 0.5230887 3.3376e-4 0.5230887 0.04668861 0.5384261 0.04668861 0.6471966 0.9738329 0.6471966 0.9598851 0.6531019 0.9622027 0.4135025 0.007538497 0.389263 0.007538497 0.389263 0.0392881 0.987587 0.2042717 0.987587 0.2219308 0.9816817 0.2207167 0.1564812 0.9436203 0.1564812 0.9572016 0.1505759 0.9604244 0.581918 0.1976328 0.5848717 0.1942659 0.5979275 0.2050181 0.494242 0.3264172 0.5186324 0.3360366 0.5129331 0.354913 0.6289913 0.04832458 0.6456915 0.04666751 0.6129329 0.05322277 0.6456915 0.04666751 0.6456915 0.218665 0.6129329 0.05322277 0.6456915 0.218665 0.6289913 0.2170171 0.6129329 0.2121277 0.6129329 0.2121277 0.5981333 0.2041846 0.5851614 0.1934931 0.5851614 0.1934931 0.5745157 0.180464 0.5666052 0.1655981 0.5666052 0.1655981 0.561734 0.1494666 0.5851614 0.1934931 0.561734 0.1494666 0.5600891 0.1326897 0.5851614 0.1934931 0.5600891 0.1326897 0.561734 0.1159117 0.5851615 0.07187253 0.561734 0.1159117 0.5666053 0.09977763 0.5851615 0.07187253 0.5666053 0.09977763 0.5745158 0.08490741 0.5851615 0.07187253 0.5851615 0.07187253 0.5981334 0.06117397 0.6129329 0.05322277 0.6456915 0.218665 0.6129329 0.2121277 0.5851614 0.1934931 0.5851615 0.07187253 0.6129329 0.05322277 0.6456915 0.218665 0.6456915 0.218665 0.5851614 0.1934931 0.5600891 0.1326897 0.5230887 3.3376e-4 0.5230887 0.04668861 0.5384261 0.04668861 0.5230887 3.3376e-4 0.5230887 0.04668861 0.5384261 0.04668861 0.5230887 3.3376e-4 0.5230887 0.04668861 0.5384261 0.04668861 0.5230887 3.3376e-4 0.5230887 0.04668861 0.5384261 0.04668861 0.5278874 0.430437 0.5403425 0.4456806 0.521352 0.4633324 0.7464792 0.958945 0.740574 0.9557221 0.740574 0.9421408 0.9816817 0.05566459 0.987587 0.05631375 0.987587 0.07324677 0.5294015 0.18124 0.5222752 0.1576692 0.5478523 0.152751 0.987587 0.1527571 0.9816817 0.1551706 0.9816817 0.1414486 0.5555192 0.4581893 0.5728341 0.4674825 0.5619251 0.490557 0.9666164 0.1795872 0.9666164 0.101431 0.9447407 0.101431 0.5222752 0.1086465 0.5294014 0.08507823 0.5535591 0.09461903 0.4871252 0.3990113 0.5129331 0.3941711 0.5186324 0.4130444 0.5230887 3.3376e-4 0.5230887 0.04668861 0.5384261 0.04668861 0.987587 0.2219308 0.987587 0.2387002 0.9816817 0.2366068 0.505799 0.3046923 0.5278874 0.3186389 0.5186324 0.3360366 0.5619251 0.490557 0.5728341 0.4674825 0.5916219 0.473203 0.5230717 -0.001447081 0.538747 -0.001447081 0.538747 0.0468474 0.5230887 3.3376e-4 0.5230887 0.04668861 0.5384261 0.04668861 0.5230887 3.3376e-4 0.5230887 0.04668861 0.5384261 0.04668861 0.5294014 0.08507823 0.5409738 0.06335854 0.5628265 0.07722556 0.5230717 -0.001447081 0.538747 -0.001447081 0.538747 0.0468474 0.5230717 -0.001447081 0.538747 -0.001447081 0.538747 0.0468474 0.5230717 -0.001447081 0.538747 -0.001447081 0.538747 0.0468474 0.987587 0.1690073 0.9816817 0.1705687 0.9816817 0.1551706 0.8927788 0.08569473 0.910571 0.08569473 0.910571 0.1638509 0.910571 0.08569473 0.9296753 0.08569467 0.9296754 0.1638509 0.1564812 0.928323 0.1564812 0.9436203 0.1505759 0.9460915 0.3091881 0.4093406 0.3225857 0.4093406 0.3225857 0.4874968 0.5706104 0.08244508 0.5819179 0.06862342 0.5848715 0.07202184 0.6531019 0.9622027 0.6471966 0.9598851 0.6471966 0.9443281 0.9666164 0.02327471 0.9447406 0.007538497 0.9447407 0.101431 0.1564812 0.9118975 0.1564812 0.928323 0.1505759 0.9299476 0.5230717 -0.001447081 0.538747 -0.001447081 0.538747 0.0468474 0.987587 0.02443355 0.987587 0.03983157 0.9816817 0.03827017 0.538747 -0.001447081 0.538747 0.0468474 0.5230717 0.0468474 0.987587 0.01071143 0.987587 0.02443355 0.9816817 0.02201998 0.6321313 0.9251378 0.626226 0.9274554 0.626226 0.9135077 0.6471966 0.9277595 0.6471966 0.9108161 0.6531019 0.9104181 0.6321313 0.9251378 0.6321313 0.9415558 0.626226 0.9430125 0.987587 0.03983157 0.987587 0.05631375 0.9816817 0.05566459 0.494242 0.4225788 0.5186324 0.4130444 0.5278874 0.430437 0.5230887 0.04668861 0.5384261 0.04668861 0.5384261 3.3376e-4 0.5230887 3.3376e-4 0.5230887 0.04668861 0.5384261 0.04668861 0.5230887 3.3376e-4 0.5230887 0.04668861 0.5384261 0.04668861 0.538747 -0.001447081 0.538747 0.0468474 0.5230717 0.0468474 0.5230887 3.3376e-4 0.5230887 0.04668861 0.5384261 0.04668861</float_array>
          <technique_common>
            <accessor source="#Cylinder_043-mesh-map-0-array" count="2808" stride="2">
              <param name="S" type="float"/>
              <param name="T" type="float"/>
            </accessor>
          </technique_common>
        </source>
        <vertices id="Cylinder_043-mesh-vertices">
          <input semantic="POSITION" source="#Cylinder_043-mesh-positions"/>
        </vertices>
        <triangles material="Material_001-material" count="936">
          <input semantic="VERTEX" source="#Cylinder_043-mesh-vertices" offset="0"/>
          <input semantic="NORMAL" source="#Cylinder_043-mesh-normals" offset="1"/>
          <input semantic="TEXCOORD" source="#Cylinder_043-mesh-map-0" offset="2" set="0"/>
          <p>50 0 0 32 1 1 35 2 2 52 3 3 71 4 4 51 5 5 131 6 6 29 7 7 79 6 8 69 8 9 82 9 10 5 10 11 94 11 12 125 12 13 126 13 14 8 14 15 39 15 16 6 16 17 99 17 18 125 12 19 73 18 20 44 19 21 18 20 22 20 21 23 78 22 24 118 23 25 77 23 26 52 3 27 36 24 28 37 25 29 7 26 30 83 27 31 9 28 32 49 29 33 30 30 34 32 1 35 76 31 36 118 23 37 80 31 38 39 15 39 37 25 40 6 16 41 7 26 42 82 9 43 81 32 44 42 33 45 59 34 46 41 35 47 35 2 48 475 36 49 474 37 50 158 23 51 78 22 52 77 23 53 4 38 54 63 39 55 45 40 56 44 19 57 61 41 58 43 42 59 499 43 60 9 28 61 498 44 62 48 45 63 26 46 64 30 30 65 40 47 66 53 48 67 38 49 68 76 31 69 489 50 70 74 51 71 46 52 72 3 53 73 24 54 74 0 55 75 88 56 76 34 57 77 26 46 78 46 52 79 24 54 80 42 33 81 14 58 82 16 59 83 64 60 84 12 61 85 46 52 86 43 42 87 16 59 88 18 20 89 47 62 90 64 60 91 46 52 92 79 6 93 108 22 94 78 22 95 48 45 96 65 63 97 47 62 98 40 47 99 8 14 100 10 64 101 38 49 102 54 65 103 39 15 104 83 27 105 102 66 106 84 67 107 29 7 108 90 6 109 79 6 110 45 40 111 20 21 112 22 68 113 49 29 114 66 69 115 48 45 116 85 70 117 105 71 118 86 72 119 1 73 120 45 40 121 22 68 122 50 0 123 67 74 124 49 29 125 497 75 126 120 76 127 112 75 128 116 77 129 220 78 130 163 78 131 25 79 132 89 80 133 91 81 134 61 41 135 42 33 136 43 42 137 95 82 138 126 13 139 127 83 140 2 84 141 89 80 142 23 85 143 483 86 144 69 8 145 482 87 146 17 88 147 132 22 148 158 23 149 97 89 150 127 83 151 128 90 152 9 28 153 84 67 154 11 91 155 92 92 156 123 93 157 124 94 158 498 44 159 11 91 160 556 50 161 26 46 162 477 95 163 476 96 164 527 97 165 520 97 166 519 97 167 54 65 168 52 3 169 39 15 170 11 91 171 85 70 172 15 98 173 129 31 174 17 88 175 158 23 176 87 99 177 107 100 178 88 56 179 81 32 180 99 17 181 98 101 182 87 99 183 105 71 184 106 102 185 57 103 186 64 60 187 70 104 188 32 1 189 501 105 190 475 36 191 85 70 192 102 66 193 104 106 194 24 54 195 642 107 196 477 95 197 63 39 198 44 19 199 45 40 200 55 108 201 115 109 202 89 80 203 25 79 204 92 92 205 27 110 206 51 5 207 70 104 208 50 0 209 59 34 210 40 47 211 41 35 212 33 111 213 95 82 214 68 112 215 161 113 216 535 114 217 217 113 218 114 115 219 481 116 220 122 116 221 11 91 222 129 31 223 556 50 224 51 5 225 35 2 226 36 24 227 15 98 228 86 72 229 17 88 230 10 64 231 111 43 232 490 44 233 93 117 234 124 94 235 125 12 236 507 105 237 31 118 238 500 36 239 14 58 240 490 44 241 489 50 242 91 81 243 115 109 244 123 93 245 646 107 246 23 85 247 510 95 248 8 14 249 479 119 250 111 43 251 500 36 252 33 111 253 488 37 254 41 35 255 10 64 256 14 58 257 481 116 258 75 120 259 122 116 260 493 121 261 114 115 262 110 121 263 113 122 264 494 123 265 121 123 266 510 95 267 25 79 268 508 96 269 21 124 270 96 7 271 131 6 272 478 125 273 485 126 274 119 126 275 556 50 276 76 31 277 74 51 278 19 127 279 88 56 280 21 124 281 76 31 282 158 23 283 77 23 284 27 110 285 93 117 286 31 118 287 31 118 288 94 11 289 33 111 290 80 31 291 14 58 292 489 50 293 83 27 294 98 101 295 101 128 296 503 119 297 7 26 298 499 43 299 34 57 300 107 100 301 58 129 302 68 112 303 97 89 304 69 8 305 17 88 306 87 99 307 19 127 308 119 126 309 486 130 310 117 130 311 19 127 312 131 6 313 132 22 314 132 22 315 79 6 316 78 22 317 120 76 318 493 121 319 110 121 320 97 89 321 99 17 322 82 9 323 549 131 324 193 132 325 546 133 326 512 134 327 436 135 328 435 136 329 80 31 330 18 20 331 16 59 332 488 37 333 68 112 334 483 86 335 6 16 336 509 87 337 479 119 338 36 24 339 474 37 340 506 86 341 90 6 342 20 21 343 108 22 344 508 96 345 27 110 346 507 105 347 197 137 348 151 138 349 552 139 350 30 30 351 476 96 352 501 105 353 56 7 354 22 68 355 90 6 356 37 25 357 506 86 358 509 87 359 482 87 360 5 10 361 503 119 362 551 140 363 197 137 364 552 139 365 544 141 366 200 142 367 545 143 368 108 22 369 18 20 370 118 23 371 416 144 372 429 145 373 414 146 374 191 147 375 553 148 376 554 149 377 511 51 378 491 31 379 505 51 380 522 97 381 539 97 382 538 97 383 550 150 384 199 151 385 544 141 386 190 152 387 540 153 388 541 154 389 419 155 390 433 156 391 418 157 392 210 31 393 145 23 394 491 31 395 159 158 396 541 154 397 142 159 398 198 160 399 550 150 400 548 161 401 417 162 402 433 156 403 432 163 404 425 164 405 438 165 406 440 166 407 545 143 408 203 167 409 549 131 410 188 168 411 547 169 412 553 148 413 427 97 414 439 97 415 434 97 416 504 170 417 207 171 418 206 171 419 517 97 420 536 97 421 525 97 422 211 97 423 538 97 424 520 97 425 189 172 426 554 149 427 540 153 428 157 173 429 167 174 430 532 173 431 495 97 432 528 97 433 529 97 434 161 113 435 521 175 436 154 175 437 496 176 438 529 176 439 536 176 440 117 130 441 487 177 442 109 177 443 523 97 444 515 97 445 514 97 446 156 178 447 535 114 448 152 114 449 162 179 450 170 180 451 219 179 452 121 123 453 484 125 454 478 125 455 645 97 456 526 97 457 648 97 458 533 97 459 421 97 460 420 97 461 524 97 462 516 97 463 515 97 464 109 177 465 497 75 466 112 75 467 156 178 468 220 78 469 213 178 470 537 97 471 555 97 472 516 97 473 155 181 474 219 179 475 531 182 476 137 183 477 177 183 478 140 183 479 523 97 480 528 97 481 530 97 482 169 97 483 420 97 484 539 97 485 133 97 486 421 97 487 534 97 488 139 183 489 183 183 490 146 183 491 144 183 492 186 183 493 137 183 494 171 183 495 148 183 496 141 183 497 150 174 498 521 175 499 167 174 500 214 97 501 519 97 502 555 97 503 472 184 504 172 184 505 134 184 506 160 185 507 532 173 508 216 185 509 175 183 510 473 183 511 502 183 512 517 186 513 526 186 514 518 186 515 134 187 516 171 187 517 141 187 518 143 183 519 181 183 520 149 183 521 138 183 522 180 183 523 143 183 524 153 180 525 216 185 526 170 180 527 147 183 528 179 183 529 138 183 530 473 188 531 176 188 532 472 188 533 197 183 534 202 183 535 191 183 536 146 183 537 184 183 538 144 183 539 140 183 540 542 183 541 147 183 542 643 189 543 175 189 544 502 189 545 205 6 546 100 7 547 135 6 548 208 23 549 136 22 550 145 23 551 204 22 552 135 6 553 136 22 554 166 22 555 208 23 556 215 23 557 424 190 558 441 191 559 439 192 560 426 193 561 432 163 562 441 191 563 413 194 564 431 195 565 416 144 566 423 196 567 439 192 568 438 165 569 164 31 570 511 51 571 212 51 572 415 197 573 209 198 574 192 199 575 425 164 576 437 200 577 422 201 578 422 201 579 427 202 580 412 203 581 165 6 582 204 22 583 166 22 584 412 203 585 428 204 586 413 194 587 130 7 588 205 6 589 165 6 590 414 146 591 430 205 592 415 197 593 531 182 594 207 171 595 155 181 596 201 206 597 436 135 598 513 207 599 215 23 600 210 31 601 164 31 602 419 155 603 435 136 604 434 208 605 543 209 606 196 210 607 551 140 608 194 211 609 543 209 610 178 212 611 546 133 612 194 211 613 178 212 614 181 183 615 103 183 616 149 183 617 187 213 618 548 161 619 547 169 620 148 183 621 185 183 622 139 183 623 240 214 624 259 215 625 242 216 626 251 217 627 264 218 628 266 219 629 227 220 630 605 221 631 639 222 632 308 223 633 291 224 634 292 225 635 331 226 636 227 220 637 639 222 638 255 227 639 269 228 640 270 229 641 640 230 642 244 231 643 641 232 644 253 233 645 267 234 646 268 235 647 223 236 648 288 237 649 221 238 650 320 171 651 284 239 652 283 171 653 262 240 654 278 241 655 279 242 656 242 216 657 260 243 658 244 231 659 289 244 660 223 236 661 225 245 662 232 246 663 255 227 664 234 247 665 251 217 666 267 234 667 252 248 668 224 249 669 250 250 670 249 251 671 300 252 672 327 253 673 299 254 674 310 255 675 293 256 676 294 257 677 263 258 678 279 242 679 280 259 680 244 231 681 261 260 682 246 261 683 616 262 684 116 77 685 360 262 686 282 226 687 320 171 688 283 171 689 311 239 690 285 263 691 284 239 692 305 264 693 318 265 694 328 266 695 247 267 696 263 258 697 248 268 698 288 237 699 277 269 700 221 238 701 3 53 702 257 270 703 238 271 704 0 55 705 294 257 706 235 272 707 240 214 708 257 270 709 258 273 710 641 232 711 246 261 712 595 274 713 228 275 714 253 233 715 230 276 716 284 239 717 356 171 718 283 171 719 12 61 720 272 277 721 257 270 722 4 38 723 271 278 724 13 279 725 230 276 726 254 280 727 232 246 728 29 7 729 332 263 730 285 263 731 225 245 732 596 281 733 605 221 734 248 268 735 250 250 736 222 282 737 258 273 738 272 277 739 273 283 740 333 239 741 231 284 742 356 171 743 565 222 744 282 226 745 281 285 746 259 215 747 273 283 748 274 286 749 276 287 750 559 274 751 578 288 752 151 138 753 391 289 754 376 290 755 239 291 756 295 292 757 237 293 758 296 263 759 29 7 760 285 263 761 564 294 762 240 214 763 563 295 764 263 258 765 265 296 766 250 250 767 243 297 768 592 230 769 560 232 770 608 97 771 604 97 772 403 97 773 290 298 774 225 245 775 227 220 776 226 299 777 252 248 778 228 275 779 642 107 780 238 271 781 564 294 782 317 300 783 568 301 784 313 301 785 575 302 786 224 249 787 314 281 788 450 303 789 466 304 790 587 305 791 261 260 792 275 306 793 278 241 794 253 233 795 269 228 796 254 280 797 75 120 798 581 307 799 324 307 800 304 308 801 302 309 802 288 237 803 302 309 804 329 310 805 301 311 806 295 292 807 2 84 808 237 293 809 260 243 810 274 286 811 275 306 812 245 312 813 560 232 814 559 274 815 301 311 816 328 266 817 300 252 818 566 221 819 228 275 820 565 222 821 1 73 822 256 313 823 4 38 824 298 314 825 325 315 826 297 316 827 291 224 828 227 220 829 229 317 830 249 251 831 265 296 832 264 218 833 224 249 834 251 217 835 226 299 836 297 316 837 318 265 838 295 292 839 381 318 840 387 319 841 396 320 842 234 247 843 296 263 844 311 239 845 237 293 846 646 107 847 558 294 848 234 247 849 256 313 850 236 321 851 246 261 852 262 240 853 247 267 854 292 225 855 229 317 856 231 284 857 301 311 858 245 312 859 276 287 860 322 322 861 568 301 862 567 322 863 314 281 864 226 299 865 566 221 866 277 269 867 578 288 868 577 323 869 321 324 870 343 325 871 562 324 872 299 254 873 326 326 874 298 314 875 317 300 876 581 307 877 576 300 878 306 327 879 289 244 880 290 298 881 286 226 882 232 246 883 320 171 884 241 328 885 557 295 886 592 230 887 236 321 888 56 7 889 296 263 890 316 329 891 579 330 892 572 331 893 239 291 894 558 294 895 557 295 896 597 323 897 222 282 898 575 302 899 285 263 900 333 239 901 284 239 902 255 227 903 271 278 904 256 313 905 358 332 906 612 333 907 350 333 908 291 224 909 306 327 910 290 298 911 293 256 912 308 223 913 292 225 914 293 256 915 231 284 916 233 334 917 318 265 918 55 108 919 295 292 920 322 322 921 580 335 922 315 335 923 298 314 924 239 291 925 241 328 926 287 336 927 304 308 928 288 237 929 265 296 930 275 306 931 28 337 932 563 295 933 242 216 934 640 230 935 96 7 936 235 272 937 332 263 938 332 263 939 233 334 940 333 239 941 595 274 942 247 267 943 594 288 944 331 226 945 231 284 946 229 317 947 599 188 948 370 188 949 335 188 950 583 338 951 469 339 952 454 340 953 34 57 954 310 255 955 294 257 956 228 275 957 286 226 958 565 222 959 282 226 960 356 171 961 331 226 962 300 252 963 243 297 964 245 312 965 302 309 966 276 287 967 277 269 968 282 226 969 639 222 970 281 285 971 342 183 972 631 183 973 375 183 974 299 254 975 241 328 976 243 297 977 223 236 978 591 302 979 596 281 980 294 257 981 233 334 982 235 272 983 574 341 984 562 324 985 561 341 986 339 183 987 378 183 988 380 183 989 338 183 990 375 183 991 374 183 992 289 244 993 303 342 994 287 336 995 454 340 996 471 343 997 603 344 998 607 97 999 588 97 1000 589 97 1001 390 183 1002 159 183 1003 393 183 1004 600 263 1005 397 239 1006 336 239 1007 569 183 1008 635 183 1009 379 183 1010 357 345 1011 406 346 1012 355 346 1013 461 347 1014 443 348 1015 618 349 1016 346 183 1017 374 183 1018 373 183 1019 351 350 1020 621 345 1021 357 345 1022 593 183 1023 367 183 1024 368 183 1025 603 344 1026 462 351 1027 447 352 1028 573 285 1029 361 226 1030 611 285 1031 344 353 1032 368 353 1033 371 353 1034 614 97 1035 456 97 1036 608 97 1037 401 171 1038 363 239 1039 407 171 1040 599 183 1041 371 183 1042 369 183 1043 100 7 1044 398 263 1045 600 263 1046 336 239 1047 401 171 1048 598 171 1049 601 97 1050 410 97 1051 610 97 1052 626 354 1053 393 355 1054 395 356 1055 633 357 1056 159 158 1057 142 159 1058 632 358 1059 385 359 1060 633 357 1061 334 226 1062 573 285 1063 571 285 1064 594 288 1065 248 268 1066 597 323 1067 447 352 1068 463 360 1069 448 361 1070 630 362 1071 391 289 1072 390 363 1073 626 354 1074 392 364 1075 625 365 1076 232 246 1077 311 239 1078 320 171 1079 598 171 1080 402 226 1081 334 226 1082 617 97 1083 637 97 1084 365 97 1085 463 360 1086 449 366 1087 448 361 1088 221 238 1089 577 323 1090 591 302 1091 636 367 1092 394 368 1093 393 355 1094 459 369 1095 618 349 1096 444 370 1097 628 371 1098 386 372 1099 629 373 1100 359 374 1101 366 350 1102 351 350 1103 218 375 1104 468 375 1105 458 375 1106 588 186 1107 446 186 1108 585 186 1109 403 97 1110 622 97 1111 617 97 1112 584 376 1113 601 376 1114 610 376 1115 410 97 1116 455 97 1117 620 97 1118 609 377 1119 358 332 1120 352 377 1121 629 373 1122 384 378 1123 632 358 1124 582 379 1125 468 380 1126 583 338 1127 323 330 1128 561 341 1129 579 330 1130 638 381 1131 383 382 1132 628 371 1133 612 333 1134 354 383 1135 350 333 1136 572 331 1137 400 23 1138 316 329 1139 319 325 1140 337 384 1141 343 325 1142 355 346 1143 364 385 1144 349 385 1145 585 386 1146 615 386 1147 584 386 1148 634 387 1149 396 320 1150 394 368 1151 353 388 1152 619 374 1153 359 374 1154 354 383 1155 616 262 1156 360 262 1157 570 183 1158 372 183 1159 635 183 1160 620 97 1161 453 97 1162 408 97 1163 408 97 1164 602 97 1165 614 97 1166 312 384 1167 580 335 1168 337 384 1169 345 183 1170 379 183 1171 378 183 1172 340 183 1173 373 183 1174 372 183 1175 643 183 1176 370 183 1177 649 183 1178 625 365 1179 382 389 1180 638 381 1181 397 239 1182 362 263 1183 363 239 1184 398 263 1185 130 7 1186 362 263 1187 460 390 1188 444 370 1189 445 391 1190 402 226 1191 407 171 1192 361 226 1193 627 392 1194 388 393 1195 387 319 1196 449 366 1197 465 394 1198 450 303 1199 404 395 1200 400 23 1201 399 23 1202 209 198 1203 445 391 1204 192 199 1205 347 183 1206 380 183 1207 377 183 1208 457 396 1209 452 397 1210 442 398 1211 103 183 1212 631 183 1213 348 183 1214 458 399 1215 442 398 1216 443 348 1217 624 400 1218 388 393 1219 623 401 1220 466 304 1221 201 206 1222 587 305 1223 624 400 1224 390 363 1225 389 402 1226 467 403 1227 582 379 1228 452 397 1229 349 385 1230 609 377 1231 352 377 1232 451 97 1233 133 97 1234 411 97 1235 365 97 1236 586 97 1237 613 97 1238 645 404 1239 607 404 1240 589 404 1241 347 183 1242 367 183 1243 341 183 1244 613 97 1245 451 97 1246 411 97 1247 50 0 1248 49 29 1249 32 1 1250 52 3 1251 72 405 1252 71 4 1253 131 6 1254 96 7 1255 29 7 1256 69 8 1257 97 89 1258 82 9 1259 94 11 1260 93 117 1261 125 12 1262 8 14 1263 38 49 1264 39 15 1265 101 128 1266 98 101 1267 99 17 1268 99 17 1269 128 90 1270 125 12 1271 128 90 1272 127 83 1273 125 12 1274 127 83 1275 126 13 1276 125 12 1277 125 12 1278 124 94 1279 73 18 1280 124 94 1281 123 93 1282 73 18 1283 123 93 1284 115 109 1285 73 18 1286 73 18 1287 58 129 1288 107 100 1289 107 100 1290 106 102 1291 73 18 1292 106 102 1293 105 71 1294 73 18 1295 105 71 1296 104 106 1297 102 66 1298 102 66 1299 101 128 1300 99 17 1301 105 71 1302 102 66 1303 73 18 1304 102 66 1305 99 17 1306 73 18 1307 44 19 1308 43 42 1309 18 20 1310 78 22 1311 108 22 1312 118 23 1313 52 3 1314 51 5 1315 36 24 1316 7 26 1317 81 32 1318 83 27 1319 49 29 1320 48 45 1321 30 30 1322 76 31 1323 77 23 1324 118 23 1325 39 15 1326 52 3 1327 37 25 1328 7 26 1329 5 10 1330 82 9 1331 42 33 1332 60 406 1333 59 34 1334 35 2 1335 32 1 1336 475 36 1337 158 23 1338 132 22 1339 78 22 1340 4 38 1341 13 279 1342 63 39 1343 44 19 1344 62 407 1345 61 41 1346 499 43 1347 7 26 1348 9 28 1349 48 45 1350 47 62 1351 26 46 1352 40 47 1353 57 103 1354 53 48 1355 76 31 1356 80 31 1357 489 50 1358 46 52 1359 12 61 1360 3 53 1361 0 55 1362 21 124 1363 88 56 1364 26 46 1365 47 62 1366 46 52 1367 42 33 1368 41 35 1369 14 58 1370 64 60 1371 28 337 1372 12 61 1373 43 42 1374 42 33 1375 16 59 1376 47 62 1377 65 63 1378 64 60 1379 79 6 1380 90 6 1381 108 22 1382 48 45 1383 66 69 1384 65 63 1385 40 47 1386 38 49 1387 8 14 1388 38 49 1389 53 48 1390 54 65 1391 83 27 1392 101 128 1393 102 66 1394 29 7 1395 56 7 1396 90 6 1397 45 40 1398 44 19 1399 20 21 1400 49 29 1401 67 74 1402 66 69 1403 85 70 1404 104 106 1405 105 71 1406 1 73 1407 4 38 1408 45 40 1409 50 0 1410 70 104 1411 67 74 1412 497 75 1413 492 76 1414 120 76 1415 116 77 1416 647 77 1417 220 78 1418 25 79 1419 23 85 1420 89 80 1421 61 41 1422 60 406 1423 42 33 1424 95 82 1425 94 11 1426 126 13 1427 2 84 1428 55 108 1429 89 80 1430 483 86 1431 68 112 1432 69 8 1433 17 88 1434 19 127 1435 132 22 1436 97 89 1437 95 82 1438 127 83 1439 9 28 1440 83 27 1441 84 67 1442 92 92 1443 91 81 1444 123 93 1445 498 44 1446 9 28 1447 11 91 1448 26 46 1449 24 54 1450 477 95 1451 527 97 1452 211 97 1453 520 97 1454 54 65 1455 72 405 1456 52 3 1457 11 91 1458 84 67 1459 85 70 1460 129 31 1461 15 98 1462 17 88 1463 87 99 1464 106 102 1465 107 100 1466 81 32 1467 82 9 1468 99 17 1469 87 99 1470 86 72 1471 105 71 1472 54 65 1473 53 48 1474 72 405 1475 53 48 1476 57 103 1477 72 405 1478 57 103 1479 59 34 1480 60 406 1481 60 406 1482 61 41 1483 62 407 1484 62 407 1485 63 39 1486 13 279 1487 13 279 1488 28 337 1489 64 60 1490 64 60 1491 65 63 1492 66 69 1493 66 69 1494 67 74 1495 70 104 1496 70 104 1497 71 4 1498 72 405 1499 57 103 1500 60 406 1501 62 407 1502 62 407 1503 13 279 1504 64 60 1505 64 60 1506 66 69 1507 70 104 1508 70 104 1509 72 405 1510 57 103 1511 57 103 1512 62 407 1513 64 60 1514 32 1 1515 30 30 1516 501 105 1517 85 70 1518 84 67 1519 102 66 1520 24 54 1521 3 53 1522 642 107 1523 63 39 1524 62 407 1525 44 19 1526 55 108 1527 73 18 1528 115 109 1529 25 79 1530 91 81 1531 92 92 1532 51 5 1533 71 4 1534 70 104 1535 59 34 1536 57 103 1537 40 47 1538 33 111 1539 94 11 1540 95 82 1541 161 113 1542 152 114 1543 535 114 1544 114 115 1545 480 115 1546 481 116 1547 11 91 1548 15 98 1549 129 31 1550 51 5 1551 50 0 1552 35 2 1553 15 98 1554 85 70 1555 86 72 1556 10 64 1557 8 14 1558 111 43 1559 93 117 1560 92 92 1561 124 94 1562 507 105 1563 27 110 1564 31 118 1565 14 58 1566 10 64 1567 490 44 1568 91 81 1569 89 80 1570 115 109 1571 646 107 1572 2 84 1573 23 85 1574 8 14 1575 6 16 1576 479 119 1577 500 36 1578 31 118 1579 33 111 1580 41 35 1581 40 47 1582 10 64 1583 481 116 1584 644 120 1585 75 120 1586 493 121 1587 480 115 1588 114 115 1589 113 122 1590 504 170 1591 494 123 1592 510 95 1593 23 85 1594 25 79 1595 21 124 1596 0 55 1597 96 7 1598 478 125 1599 484 125 1600 485 126 1601 556 50 1602 129 31 1603 76 31 1604 19 127 1605 87 99 1606 88 56 1607 76 31 1608 129 31 1609 158 23 1610 27 110 1611 92 92 1612 93 117 1613 31 118 1614 93 117 1615 94 11 1616 80 31 1617 16 59 1618 14 58 1619 83 27 1620 81 32 1621 98 101 1622 503 119 1623 5 10 1624 7 26 1625 34 57 1626 88 56 1627 107 100 1628 68 112 1629 95 82 1630 97 89 1631 17 88 1632 86 72 1633 87 99 1634 119 126 1635 485 126 1636 486 130 1637 19 127 1638 21 124 1639 131 6 1640 132 22 1641 131 6 1642 79 6 1643 120 76 1644 492 76 1645 493 121 1646 97 89 1647 128 90 1648 99 17 1649 549 131 1650 203 167 1651 193 132 1652 512 134 1653 513 207 1654 436 135 1655 80 31 1656 118 23 1657 18 20 1658 488 37 1659 33 111 1660 68 112 1661 6 16 1662 37 25 1663 509 87 1664 36 24 1665 35 2 1666 474 37 1667 90 6 1668 22 68 1669 20 21 1670 508 96 1671 25 79 1672 27 110 1673 197 137 1674 168 408 1675 151 138 1676 30 30 1677 26 46 1678 476 96 1679 56 7 1680 1 73 1681 22 68 1682 37 25 1683 36 24 1684 506 86 1685 482 87 1686 69 8 1687 5 10 1688 551 140 1689 196 210 1690 197 137 1691 544 141 1692 199 151 1693 200 142 1694 108 22 1695 20 21 1696 18 20 1697 416 144 1698 431 195 1699 429 145 1700 191 147 1701 188 168 1702 553 148 1703 511 51 1704 210 31 1705 491 31 1706 522 97 1707 169 97 1708 539 97 1709 550 150 1710 202 409 1711 199 151 1712 190 152 1713 189 172 1714 540 153 1715 419 155 1716 434 208 1717 433 156 1718 210 31 1719 208 23 1720 145 23 1721 159 158 1722 190 152 1723 541 154 1724 198 160 1725 202 409 1726 550 150 1727 417 162 1728 418 157 1729 433 156 1730 425 164 1731 423 196 1732 438 165 1733 545 143 1734 200 142 1735 203 167 1736 188 168 1737 187 213 1738 547 169 1739 218 97 1740 209 97 1741 430 97 1742 430 97 1743 429 97 1744 427 97 1745 429 97 1746 431 97 1747 427 97 1748 431 410 1749 428 410 1750 427 410 1751 427 97 1752 437 97 1753 440 97 1754 440 97 1755 438 97 1756 439 97 1757 439 97 1758 441 97 1759 432 97 1760 432 97 1761 433 97 1762 439 97 1763 433 97 1764 434 97 1765 439 97 1766 434 411 1767 435 411 1768 430 411 1769 435 412 1770 436 412 1771 430 412 1772 436 97 1773 218 97 1774 430 97 1775 427 413 1776 440 413 1777 439 413 1778 430 414 1779 427 414 1780 434 414 1781 504 170 1782 113 122 1783 207 171 1784 517 186 1785 496 186 1786 536 186 1787 211 97 1788 522 97 1789 538 97 1790 189 172 1791 191 147 1792 554 149 1793 157 173 1794 150 174 1795 167 174 1796 495 376 1797 530 376 1798 528 376 1799 161 113 1800 217 113 1801 521 175 1802 496 415 1803 495 415 1804 529 415 1805 117 130 1806 486 130 1807 487 177 1808 523 97 1809 524 97 1810 515 97 1811 156 178 1812 213 178 1813 535 114 1814 162 179 1815 153 180 1816 170 180 1817 121 123 1818 494 123 1819 484 125 1820 645 404 1821 518 404 1822 526 404 1823 533 97 1824 534 97 1825 421 97 1826 524 97 1827 537 97 1828 516 97 1829 109 177 1830 487 177 1831 497 75 1832 156 178 1833 163 78 1834 220 78 1835 537 97 1836 214 97 1837 555 97 1838 155 181 1839 162 179 1840 219 179 1841 137 183 1842 186 183 1843 177 183 1844 523 97 1845 514 97 1846 528 97 1847 169 97 1848 533 97 1849 420 97 1850 133 97 1851 651 97 1852 421 97 1853 139 183 1854 185 183 1855 183 183 1856 144 183 1857 184 183 1858 186 183 1859 171 183 1860 182 183 1861 148 183 1862 150 174 1863 154 175 1864 521 175 1865 214 97 1866 527 97 1867 519 97 1868 472 416 1869 176 416 1870 172 416 1871 160 185 1872 157 173 1873 532 173 1874 175 417 1875 174 417 1876 473 417 1877 517 97 1878 525 97 1879 526 97 1880 134 183 1881 172 183 1882 171 183 1883 143 183 1884 180 183 1885 181 183 1886 138 183 1887 179 183 1888 180 183 1889 153 180 1890 160 185 1891 216 185 1892 147 183 1893 542 183 1894 179 183 1895 473 183 1896 174 183 1897 176 183 1898 159 183 1899 168 183 1900 197 183 1901 197 183 1902 196 183 1903 195 183 1904 195 418 1905 194 418 1906 193 418 1907 193 183 1908 203 183 1909 200 183 1910 200 183 1911 199 183 1912 202 183 1913 202 183 1914 198 183 1915 187 183 1916 187 419 1917 188 419 1918 191 419 1919 191 420 1920 189 420 1921 197 420 1922 189 421 1923 190 421 1924 197 421 1925 190 183 1926 159 183 1927 197 183 1928 197 183 1929 195 183 1930 202 183 1931 195 422 1932 193 422 1933 202 422 1934 193 423 1935 200 423 1936 202 423 1937 202 424 1938 187 424 1939 191 424 1940 146 183 1941 183 183 1942 184 183 1943 140 183 1944 177 183 1945 542 183 1946 643 183 1947 649 183 1948 175 183 1949 205 6 1950 173 7 1951 100 7 1952 208 23 1953 204 22 1954 136 22 1955 204 22 1956 205 6 1957 135 6 1958 166 22 1959 204 22 1960 208 23 1961 424 190 1962 426 193 1963 441 191 1964 426 193 1965 417 162 1966 432 163 1967 413 194 1968 428 204 1969 431 195 1970 423 196 1971 424 190 1972 439 192 1973 164 31 1974 210 31 1975 511 51 1976 415 197 1977 430 205 1978 209 198 1979 425 164 1980 440 166 1981 437 200 1982 422 201 1983 437 200 1984 427 202 1985 165 6 1986 205 6 1987 204 22 1988 412 203 1989 427 202 1990 428 204 1991 130 7 1992 173 7 1993 205 6 1994 414 146 1995 429 145 1996 430 205 1997 531 182 1998 206 171 1999 207 171 2000 201 206 2001 218 425 2002 436 135 2003 215 23 2004 208 23 2005 210 31 2006 419 155 2007 512 134 2008 435 136 2009 543 209 2010 195 426 2011 196 210 2012 194 211 2013 195 426 2014 543 209 2015 546 133 2016 193 132 2017 194 211 2018 181 183 2019 650 183 2020 103 183 2021 187 213 2022 198 160 2023 548 161 2024 148 183 2025 182 183 2026 185 183 2027 240 214 2028 258 273 2029 259 215 2030 251 217 2031 249 251 2032 264 218 2033 227 220 2034 225 245 2035 605 221 2036 308 223 2037 307 427 2038 291 224 2039 331 226 2040 229 317 2041 227 220 2042 255 227 2043 254 280 2044 269 228 2045 640 230 2046 242 216 2047 244 231 2048 253 233 2049 252 248 2050 267 234 2051 223 236 2052 287 336 2053 288 237 2054 320 171 2055 311 239 2056 284 239 2057 262 240 2058 261 260 2059 278 241 2060 242 216 2061 259 215 2062 260 243 2063 289 244 2064 287 336 2065 223 236 2066 232 246 2067 254 280 2068 255 227 2069 251 217 2070 266 219 2071 267 234 2072 224 249 2073 222 282 2074 250 250 2075 300 252 2076 328 266 2077 327 253 2078 310 255 2079 309 428 2080 293 256 2081 263 258 2082 262 240 2083 279 242 2084 244 231 2085 260 243 2086 261 260 2087 616 262 2088 647 77 2089 116 77 2090 282 226 2091 286 226 2092 320 171 2093 311 239 2094 296 263 2095 285 263 2096 304 308 2097 303 342 2098 330 429 2099 303 342 2100 305 264 2101 330 429 2102 305 264 2103 306 327 2104 307 427 2105 307 427 2106 308 223 2107 309 428 2108 309 428 2109 310 255 2110 58 129 2111 58 129 2112 73 18 2113 318 265 2114 318 265 2115 325 315 2116 326 326 2117 326 326 2118 327 253 2119 328 266 2120 328 266 2121 329 310 2122 330 429 2123 305 264 2124 307 427 2125 309 428 2126 309 428 2127 58 129 2128 318 265 2129 318 265 2130 326 326 2131 328 266 2132 328 266 2133 330 429 2134 305 264 2135 305 264 2136 309 428 2137 318 265 2138 247 267 2139 262 240 2140 263 258 2141 288 237 2142 302 309 2143 277 269 2144 3 53 2145 12 61 2146 257 270 2147 0 55 2148 34 57 2149 294 257 2150 240 214 2151 238 271 2152 257 270 2153 641 232 2154 244 231 2155 246 261 2156 228 275 2157 252 248 2158 253 233 2159 284 239 2160 333 239 2161 356 171 2162 12 61 2163 28 337 2164 272 277 2165 4 38 2166 256 313 2167 271 278 2168 230 276 2169 253 233 2170 254 280 2171 29 7 2172 96 7 2173 332 263 2174 225 245 2175 223 236 2176 596 281 2177 248 268 2178 263 258 2179 250 250 2180 258 273 2181 257 270 2182 272 277 2183 333 239 2184 233 334 2185 231 284 2186 565 222 2187 286 226 2188 282 226 2189 259 215 2190 258 273 2191 273 283 2192 276 287 2193 245 312 2194 559 274 2195 151 138 2196 168 408 2197 391 289 2198 239 291 2199 297 316 2200 295 292 2201 296 263 2202 56 7 2203 29 7 2204 564 294 2205 238 271 2206 240 214 2207 263 258 2208 280 259 2209 265 296 2210 243 297 2211 241 328 2212 592 230 2213 608 97 2214 456 97 2215 604 97 2216 290 298 2217 289 244 2218 225 245 2219 226 299 2220 251 217 2221 252 248 2222 642 107 2223 3 53 2224 238 271 2225 317 300 2226 576 300 2227 568 301 2228 575 302 2229 222 282 2230 224 249 2231 450 303 2232 465 394 2233 466 304 2234 261 260 2235 260 243 2236 275 306 2237 253 233 2238 268 235 2239 269 228 2240 75 120 2241 644 120 2242 581 307 2243 304 308 2244 330 429 2245 302 309 2246 302 309 2247 330 429 2248 329 310 2249 295 292 2250 55 108 2251 2 84 2252 260 243 2253 259 215 2254 274 286 2255 245 312 2256 243 297 2257 560 232 2258 301 311 2259 329 310 2260 328 266 2261 566 221 2262 226 299 2263 228 275 2264 1 73 2265 236 321 2266 256 313 2267 298 314 2268 326 326 2269 325 315 2270 291 224 2271 290 298 2272 227 220 2273 249 251 2274 250 250 2275 265 296 2276 224 249 2277 249 251 2278 251 217 2279 297 316 2280 325 315 2281 318 265 2282 381 318 2283 627 392 2284 387 319 2285 234 247 2286 236 321 2287 296 263 2288 237 293 2289 2 84 2290 646 107 2291 234 247 2292 255 227 2293 256 313 2294 246 261 2295 261 260 2296 262 240 2297 292 225 2298 291 224 2299 229 317 2300 301 311 2301 300 252 2302 245 312 2303 322 322 2304 313 301 2305 568 301 2306 314 281 2307 224 249 2308 226 299 2309 277 269 2310 276 287 2311 578 288 2312 321 324 2313 319 325 2314 343 325 2315 299 254 2316 327 253 2317 326 326 2318 317 300 2319 324 307 2320 581 307 2321 306 327 2322 305 264 2323 289 244 2324 286 226 2325 230 276 2326 232 246 2327 241 328 2328 239 291 2329 557 295 2330 236 321 2331 1 73 2332 56 7 2333 316 329 2334 323 330 2335 579 330 2336 239 291 2337 237 293 2338 558 294 2339 597 323 2340 248 268 2341 222 282 2342 285 263 2343 332 263 2344 333 239 2345 255 227 2346 270 229 2347 271 278 2348 358 332 2349 409 332 2350 612 333 2351 291 224 2352 307 427 2353 306 327 2354 293 256 2355 309 428 2356 308 223 2357 293 256 2358 292 225 2359 231 284 2360 318 265 2361 73 18 2362 55 108 2363 322 322 2364 567 322 2365 580 335 2366 298 314 2367 297 316 2368 239 291 2369 287 336 2370 303 342 2371 304 308 2372 266 219 2373 264 218 2374 265 296 2375 265 296 2376 280 259 2377 275 306 2378 280 259 2379 279 242 2380 275 306 2381 279 242 2382 278 241 2383 275 306 2384 275 306 2385 274 286 2386 28 337 2387 274 286 2388 273 283 2389 28 337 2390 273 283 2391 272 277 2392 28 337 2393 28 337 2394 13 279 2395 271 278 2396 271 278 2397 270 229 2398 28 337 2399 270 229 2400 269 228 2401 28 337 2402 269 228 2403 268 235 2404 267 234 2405 267 234 2406 266 219 2407 265 296 2408 269 228 2409 267 234 2410 28 337 2411 267 234 2412 265 296 2413 28 337 2414 563 295 2415 240 214 2416 242 216 2417 96 7 2418 0 55 2419 235 272 2420 332 263 2421 235 272 2422 233 334 2423 595 274 2424 246 261 2425 247 267 2426 331 226 2427 356 171 2428 231 284 2429 599 183 2430 369 183 2431 370 183 2432 583 338 2433 468 380 2434 469 339 2435 34 57 2436 58 129 2437 310 255 2438 228 275 2439 230 276 2440 286 226 2441 282 226 2442 283 171 2443 356 171 2444 300 252 2445 299 254 2446 243 297 2447 302 309 2448 301 311 2449 276 287 2450 282 226 2451 331 226 2452 639 222 2453 342 183 2454 348 183 2455 631 183 2456 299 254 2457 298 314 2458 241 328 2459 223 236 2460 221 238 2461 591 302 2462 294 257 2463 293 256 2464 233 334 2465 574 341 2466 321 324 2467 562 324 2468 339 183 2469 345 183 2470 378 183 2471 338 183 2472 342 183 2473 375 183 2474 289 244 2475 305 264 2476 303 342 2477 454 340 2478 469 339 2479 471 343 2480 607 430 2481 606 430 2482 588 430 2483 391 183 2484 168 183 2485 390 183 2486 168 183 2487 159 183 2488 390 183 2489 159 183 2490 385 183 2491 384 183 2492 384 431 2493 386 431 2494 383 431 2495 383 432 2496 382 432 2497 392 432 2498 392 183 2499 395 183 2500 383 183 2501 395 183 2502 393 183 2503 383 183 2504 393 183 2505 394 183 2506 388 183 2507 394 433 2508 396 433 2509 388 433 2510 396 434 2511 387 434 2512 388 434 2513 388 435 2514 389 435 2515 390 435 2516 159 183 2517 384 183 2518 393 183 2519 384 436 2520 383 436 2521 393 436 2522 388 183 2523 390 183 2524 393 183 2525 600 263 2526 398 263 2527 397 239 2528 569 183 2529 570 183 2530 635 183 2531 357 345 2532 621 345 2533 406 346 2534 461 347 2535 458 399 2536 443 348 2537 346 183 2538 338 183 2539 374 183 2540 351 350 2541 366 350 2542 621 345 2543 593 187 2544 341 187 2545 367 187 2546 603 344 2547 471 343 2548 462 351 2549 573 285 2550 402 226 2551 361 226 2552 344 437 2553 593 437 2554 368 437 2555 614 97 2556 602 97 2557 456 97 2558 401 171 2559 397 239 2560 363 239 2561 599 188 2562 344 188 2563 371 188 2564 100 7 2565 173 7 2566 398 263 2567 336 239 2568 397 239 2569 401 171 2570 601 97 2571 590 97 2572 410 97 2573 626 354 2574 636 367 2575 393 355 2576 633 357 2577 385 359 2578 159 158 2579 632 358 2580 384 378 2581 385 359 2582 334 226 2583 402 226 2584 573 285 2585 594 288 2586 247 267 2587 248 268 2588 447 352 2589 462 351 2590 463 360 2591 630 362 2592 376 290 2593 391 289 2594 626 354 2595 395 356 2596 392 364 2597 232 246 2598 234 247 2599 311 239 2600 598 171 2601 401 171 2602 402 226 2603 617 97 2604 622 97 2605 637 97 2606 463 360 2607 464 438 2608 449 366 2609 221 238 2610 277 269 2611 577 323 2612 636 367 2613 634 387 2614 394 368 2615 459 369 2616 461 347 2617 618 349 2618 628 371 2619 383 382 2620 386 372 2621 359 374 2622 619 374 2623 366 350 2624 460 97 2625 209 97 2626 459 97 2627 209 97 2628 218 97 2629 459 97 2630 218 97 2631 466 97 2632 465 97 2633 465 439 2634 464 439 2635 463 439 2636 463 440 2637 462 440 2638 471 440 2639 471 97 2640 469 97 2641 463 97 2642 469 97 2643 468 97 2644 463 97 2645 468 97 2646 470 97 2647 458 97 2648 470 97 2649 467 97 2650 458 97 2651 467 441 2652 457 441 2653 458 441 2654 458 442 2655 461 442 2656 459 442 2657 218 443 2658 465 443 2659 463 443 2660 458 97 2661 459 97 2662 218 97 2663 218 444 2664 463 444 2665 468 444 2666 588 97 2667 606 97 2668 446 97 2669 403 97 2670 604 97 2671 622 97 2672 584 97 2673 615 97 2674 601 97 2675 410 97 2676 590 97 2677 455 97 2678 609 377 2679 409 332 2680 358 332 2681 629 373 2682 386 372 2683 384 378 2684 582 379 2685 470 445 2686 468 380 2687 323 330 2688 574 341 2689 561 341 2690 638 381 2691 382 389 2692 383 382 2693 612 333 2694 405 383 2695 354 383 2696 572 331 2697 399 23 2698 400 23 2699 319 325 2700 312 384 2701 337 384 2702 355 346 2703 406 346 2704 364 385 2705 585 446 2706 446 446 2707 615 446 2708 634 387 2709 381 318 2710 396 320 2711 353 388 2712 404 395 2713 619 374 2714 354 383 2715 405 383 2716 616 262 2717 570 183 2718 340 183 2719 372 183 2720 620 97 2721 455 97 2722 453 97 2723 408 97 2724 453 97 2725 602 97 2726 312 384 2727 315 335 2728 580 335 2729 345 183 2730 569 183 2731 379 183 2732 340 183 2733 346 183 2734 373 183 2735 643 189 2736 335 189 2737 370 189 2738 625 365 2739 392 364 2740 382 389 2741 397 239 2742 398 263 2743 362 263 2744 398 263 2745 173 7 2746 130 7 2747 460 390 2748 459 369 2749 444 370 2750 402 226 2751 401 171 2752 407 171 2753 627 392 2754 623 401 2755 388 393 2756 449 366 2757 464 438 2758 465 394 2759 404 395 2760 353 388 2761 400 23 2762 209 198 2763 460 390 2764 445 391 2765 347 183 2766 339 183 2767 380 183 2768 457 396 2769 467 403 2770 452 397 2771 103 183 2772 650 183 2773 631 183 2774 458 399 2775 457 396 2776 442 398 2777 624 400 2778 389 402 2779 388 393 2780 466 304 2781 218 425 2782 201 206 2783 624 400 2784 630 362 2785 390 363 2786 467 403 2787 470 445 2788 582 379 2789 349 385 2790 364 385 2791 609 377 2792 451 97 2793 651 97 2794 133 97 2795 365 97 2796 637 97 2797 586 97 2798 645 97 2799 648 97 2800 607 97 2801 347 183 2802 377 183 2803 367 183 2804 613 97 2805 586 97 2806 451 97 2807</p>
        </triangles>
      </mesh>
    </geometry>
    <geometry id="Cylinder_044-mesh" name="Cylinder.044">
      <mesh>
        <source id="Cylinder_044-mesh-positions">
          <float_array id="Cylinder_044-mesh-positions-array" count="228">21.69931 -0.1995937 -2.411949 21.69931 -0.1995937 2.030931 21.28508 -4.40534 -2.411949 21.28508 -4.40534 2.030931 20.05831 -8.449461 -2.411949 20.05831 -8.449461 2.030931 18.06615 -12.17655 -2.411949 18.06615 -12.17655 2.030931 15.38514 -15.44337 -2.411949 15.38514 -15.44337 2.030931 12.11832 -18.12438 -2.411949 12.11832 -18.12438 2.030931 8.391231 -20.11655 -2.411949 8.391231 -20.11655 2.030931 4.347106 -21.34332 -2.411949 4.347106 -21.34332 2.030931 0.1413573 -21.75755 -2.411949 0.1413573 -21.75755 2.030931 23.95817 -0.1995941 -2.644712 23.95817 -0.1995941 2.263695 23.50053 -4.846021 -2.644712 23.50053 -4.846021 2.263695 22.14522 -9.313888 -2.644712 22.14522 -9.313888 2.263695 19.94431 -13.4315 -2.644712 19.94431 -13.4315 2.263695 16.98239 -17.04062 -2.644712 16.98239 -17.04062 2.263695 13.37327 -20.00255 -2.644712 13.37327 -20.00255 2.263695 9.255657 -22.20346 -2.644712 9.255657 -22.20346 2.263695 4.787786 -23.55877 -2.644712 4.787786 -23.55877 2.263695 0.1413559 -24.0164 -2.644712 0.1413559 -24.0164 2.263695 21.67966 0 -2.411949 21.67966 0 2.030931 23.93851 0 -2.644712 23.93851 0 2.263695 21.69931 0.1995937 -2.411949 21.69931 0.1995937 2.030931 21.28508 4.40534 -2.411949 21.28508 4.40534 2.030931 20.05831 8.449461 -2.411949 20.05831 8.449461 2.030931 18.06615 12.17655 -2.411949 18.06615 12.17655 2.030931 15.38514 15.44337 -2.411949 15.38514 15.44337 2.030931 12.11832 18.12438 -2.411949 12.11832 18.12438 2.030931 8.391231 20.11655 -2.411949 8.391231 20.11655 2.030931 4.347106 21.34332 -2.411949 4.347106 21.34332 2.030931 0.1413573 21.75755 -2.411949 0.1413573 21.75755 2.030931 23.95817 0.1995941 -2.644712 23.95817 0.1995941 2.263695 23.50053 4.846021 -2.644712 23.50053 4.846021 2.263695 22.14522 9.313888 -2.644712 22.14522 9.313888 2.263695 19.94431 13.4315 -2.644712 19.94431 13.4315 2.263695 16.98239 17.04062 -2.644712 16.98239 17.04062 2.263695 13.37327 20.00255 -2.644712 13.37327 20.00255 2.263695 9.255657 22.20346 -2.644712 9.255657 22.20346 2.263695 4.787786 23.55877 -2.644712 4.787786 23.55877 2.263695 0.1413559 24.0164 -2.644712 0.1413559 24.0164 2.263695</float_array>
          <technique_common>
            <accessor source="#Cylinder_044-mesh-positions-array" count="76" stride="3">
              <param name="X" type="float"/>
              <param name="Y" type="float"/>
              <param name="Z" type="float"/>
            </accessor>
          </technique_common>
        </source>
        <source id="Cylinder_044-mesh-normals">
          <float_array id="Cylinder_044-mesh-normals-array" count="210">-0.1005293 0.01998984 0.9947333 0.6411159 -0.2655472 0.7200384 0.6806041 -0.1353822 0.7200347 -0.1005293 0.01998984 -0.9947333 0.6411159 -0.2655472 -0.7200384 -0.09470015 0.03921675 -0.9947331 0.6939395 0 0.7200332 -0.1024826 0 0.9947349 0.6939395 0 -0.7200332 0.6806041 -0.1353822 -0.7200347 0.6426995 0 0.7661184 -0.7117123 0.07199525 0.6987721 0.1353822 -0.6806041 0.7200347 -0.01998984 0.1005293 0.9947333 -0.7117123 0.07199525 -0.6987721 0.1353822 -0.6806041 -0.7200347 -0.5467866 -0.5810294 -0.6028509 -0.03921675 0.09470015 0.9947331 0.2655472 -0.6411159 0.7200384 -0.03921675 0.09470015 -0.9947331 -0.01998984 0.1005293 -0.9947333 0.6426995 0 -0.7661184 0.5769944 -0.3855174 -0.7200375 0.5769944 -0.3855174 0.7200375 0.4906863 -0.4906863 -0.7200375 0.4906863 -0.4906863 0.7200375 0.3855174 -0.5769944 -0.7200375 0.3855174 -0.5769944 0.7200375 0.2655472 -0.6411159 -0.7200384 -0.08520901 0.0569179 -0.9947361 -0.08520901 0.0569179 0.9947361 -0.09470015 0.03921675 0.9947331 -0.07245212 0.07245212 -0.9947369 -0.0569179 0.08520901 -0.9947361 -0.0569179 0.08520901 0.9947361 -0.07245212 0.07245212 0.9947369 -0.5467866 -0.5810294 0.6028509 -0.1024826 0 -0.9947349 -0.1005293 -0.01998984 0.9947333 0.6411159 0.2655472 0.7200384 -0.09470015 -0.03921675 0.9947331 0.6411159 0.2655472 -0.7200384 -0.1005293 -0.01998984 -0.9947333 -0.09470015 -0.03921675 -0.9947331 0.1353822 0.6806041 0.7200347 -0.7117123 -0.07199525 0.6987721 -0.01998984 -0.1005293 0.9947333 -0.7117123 -0.07199525 -0.6987721 0.1353822 0.6806041 -0.7200347 -0.01998984 -0.1005293 -0.9947333 -0.03921675 -0.09470015 0.9947331 -0.03921675 -0.09470015 -0.9947331 0.6806041 0.1353822 -0.7200347 0.6806041 0.1353822 0.7200347 0.5769944 0.3855174 -0.7200375 0.4906863 0.4906863 -0.7200375 0.5769944 0.3855174 0.7200375 0.3855174 0.5769944 -0.7200375 0.4906863 0.4906863 0.7200375 0.2655472 0.6411159 -0.7200384 0.3855174 0.5769944 0.7200375 0.2655472 0.6411159 0.7200384 -0.5467866 0.5810294 -0.6028509 -0.08520901 -0.0569179 -0.9947361 -0.08520901 -0.0569179 0.9947361 -0.07245212 -0.07245212 -0.9947369 -0.07245212 -0.07245212 0.9947369 -0.0569179 -0.08520901 -0.9947361 -0.0569179 -0.08520901 0.9947361 -0.5467866 0.5810294 0.6028509</float_array>
          <technique_common>
            <accessor source="#Cylinder_044-mesh-normals-array" count="70" stride="3">
              <param name="X" type="float"/>
              <param name="Y" type="float"/>
              <param name="Z" type="float"/>
            </accessor>
          </technique_common>
        </source>
        <source id="Cylinder_044-mesh-map-0">
          <float_array id="Cylinder_044-mesh-map-0-array" count="672">0.9084697 0.303076 0.8848207 0.3197679 0.8975288 0.2957246 0.3111795 0.7537876 0.2875053 0.7370455 0.2996686 0.7319957 0.9084697 0.303076 0.9146881 0.2746431 0.9240015 0.2839939 0.3111795 0.7537876 0.3173938 0.7822385 0.3002223 0.7611209 0.9240015 0.2839939 0.915588 0.2738996 0.9249016 0.2832504 0.9249016 0.4618988 0.89831 0.4501497 0.9091768 0.4428549 0.327623 0.5948872 0.3010041 0.6066001 0.3183888 0.5855708 0.897454 0.4211204 0.89831 0.4501497 0.8853588 0.4261378 0.3001559 0.6356545 0.3010041 0.6066001 0.3118872 0.613922 0.8183666 0.9462945 0.833037 0.9451222 0.833037 0.9462946 0.8183666 0.9451222 0.833037 0.9182767 0.833037 0.9451222 0.8183666 0.9182767 0.833037 0.8929081 0.833037 0.9182767 0.8183666 0.8929081 0.833037 0.8699911 0.833037 0.8929081 0.8183666 0.8699911 0.833037 0.8504065 0.833037 0.8699911 0.5132951 0.9321395 0.5279655 0.9097914 0.5279655 0.9321395 0.5132951 0.9097914 0.5279655 0.8848159 0.5279655 0.9097914 0.5132951 0.8848159 0.5279655 0.8581728 0.5279655 0.8848159 0.5132951 0.8581728 0.5279655 0.8308861 0.5279655 0.8581728 0.2926318 0.7083639 0.2875053 0.7370455 0.2797312 0.7109377 0.8899351 0.3484465 0.8848207 0.3197679 0.8969669 0.3248389 0.2926318 0.7083639 0.2771989 0.6838006 0.2903397 0.6838006 0.8899351 0.3484465 0.8745216 0.3729658 0.8770521 0.3458491 0.2928802 0.6592496 0.2771989 0.6838006 0.2800056 0.6566772 0.8901834 0.3975303 0.8745216 0.3729658 0.8876446 0.3729913 0.3001559 0.6356545 0.2800056 0.6566772 0.2880437 0.6306098 0.897454 0.4211204 0.8773264 0.4000759 0.8901834 0.3975303 0.7885196 0.257945 0.8015657 0.2439594 0.8015657 0.2586412 0.3267224 0.7729024 0.3182944 0.7829837 0.3173938 0.7822385 0.9084697 0.303076 0.8848207 0.3197679 0.8969669 0.3248389 0.2875053 0.7370455 0.3111795 0.7537876 0.2996686 0.7319957 0.9146881 0.2746431 0.9084697 0.303076 0.9240015 0.2839939 0.3111795 0.7537876 0.3173938 0.7822385 0.3267224 0.7729024 0.915588 0.2738996 0.9240015 0.2839939 0.9249016 0.2832504 0.89831 0.4501497 0.9249016 0.4618988 0.9091768 0.4428549 0.327623 0.5948872 0.3010041 0.6066001 0.3118872 0.613922 0.897454 0.4211204 0.89831 0.4501497 0.9091768 0.4428549 0.3010041 0.6066001 0.3001559 0.6356545 0.3118872 0.613922 0.833037 0.9451222 0.8183666 0.9462945 0.833037 0.9462946 0.833037 0.9182767 0.8183666 0.9451222 0.833037 0.9451222 0.833037 0.8929081 0.8183666 0.9182767 0.833037 0.9182767 0.833037 0.8699911 0.8183666 0.8929081 0.833037 0.8929081 0.833037 0.8504065 0.8183666 0.8699911 0.833037 0.8699911 0.5279655 0.9097914 0.5132951 0.9321395 0.5279655 0.9321395 0.5279655 0.8848159 0.5132951 0.9097914 0.5279655 0.9097914 0.5279655 0.8581728 0.5132951 0.8848159 0.5279655 0.8848159 0.5279655 0.8308861 0.5132951 0.8581728 0.5279655 0.8581728 0.2926318 0.7083639 0.2875053 0.7370455 0.2996686 0.7319957 0.8848207 0.3197679 0.8899351 0.3484465 0.8969669 0.3248389 0.2771989 0.6838006 0.2926318 0.7083639 0.2903397 0.6838006 0.8899351 0.3484465 0.8745216 0.3729658 0.8876446 0.3729913 0.2928802 0.6592496 0.2771989 0.6838006 0.2903397 0.6838006 0.8745216 0.3729658 0.8901834 0.3975303 0.8876446 0.3729913 0.3001559 0.6356545 0.2800056 0.6566772 0.2928802 0.6592496 0.8773264 0.4000759 0.897454 0.4211204 0.8901834 0.3975303 0.7885196 0.257945 0.8015657 0.2439594 0.7885196 0.2446556 0.3267224 0.7729024 0.3182944 0.7829837 0.327623 0.7736476 0.9084697 0.303076 0.8969669 0.3248389 0.8848207 0.3197679 0.3111795 0.7537876 0.3002223 0.7611209 0.2875053 0.7370455 0.9084697 0.303076 0.8975288 0.2957246 0.9146881 0.2746431 0.3111795 0.7537876 0.3267224 0.7729024 0.3173938 0.7822385 0.9240015 0.2839939 0.9146881 0.2746431 0.915588 0.2738996 0.9249016 0.4618988 0.9156823 0.4711889 0.89831 0.4501497 0.327623 0.5948872 0.3118872 0.613922 0.3010041 0.6066001 0.897454 0.4211204 0.9091768 0.4428549 0.89831 0.4501497 0.3001559 0.6356545 0.2880437 0.6306098 0.3010041 0.6066001 0.8183666 0.9462945 0.8183666 0.9451222 0.833037 0.9451222 0.8183666 0.9451222 0.8183666 0.9182767 0.833037 0.9182767 0.8183666 0.9182767 0.8183666 0.8929081 0.833037 0.8929081 0.8183666 0.8929081 0.8183666 0.8699911 0.833037 0.8699911 0.8183666 0.8699911 0.8183667 0.8504065 0.833037 0.8504065 0.5132951 0.9321395 0.5132951 0.9097914 0.5279655 0.9097914 0.5132951 0.9097914 0.5132951 0.8848159 0.5279655 0.8848159 0.5132951 0.8848159 0.5132951 0.8581728 0.5279655 0.8581728 0.5132951 0.8581728 0.5132951 0.8308861 0.5279655 0.8308861 0.2926318 0.7083639 0.2996686 0.7319957 0.2875053 0.7370455 0.8899351 0.3484465 0.8770521 0.3458491 0.8848207 0.3197679 0.2926318 0.7083639 0.2797312 0.7109377 0.2771989 0.6838006 0.8899351 0.3484465 0.8876446 0.3729913 0.8745216 0.3729658 0.2928802 0.6592496 0.2903397 0.6838006 0.2771989 0.6838006 0.8901834 0.3975303 0.8773264 0.4000759 0.8745216 0.3729658 0.3001559 0.6356545 0.2928802 0.6592496 0.2800056 0.6566772 0.897454 0.4211204 0.8853588 0.4261378 0.8773264 0.4000759 0.7885196 0.257945 0.7885196 0.2446556 0.8015657 0.2439594 0.3267224 0.7729024 0.327623 0.7736476 0.3182944 0.7829837 0.9084697 0.303076 0.8975288 0.2957246 0.8848207 0.3197679 0.2875053 0.7370455 0.3002223 0.7611209 0.3111795 0.7537876 0.9146881 0.2746431 0.8975288 0.2957246 0.9084697 0.303076 0.3111795 0.7537876 0.3002223 0.7611209 0.3173938 0.7822385 0.915588 0.2738996 0.9146881 0.2746431 0.9240015 0.2839939 0.89831 0.4501497 0.9156823 0.4711889 0.9249016 0.4618988 0.327623 0.5948872 0.3183888 0.5855708 0.3010041 0.6066001 0.897454 0.4211204 0.8853588 0.4261378 0.89831 0.4501497 0.3010041 0.6066001 0.2880437 0.6306098 0.3001559 0.6356545 0.833037 0.9451222 0.8183666 0.9451222 0.8183666 0.9462945 0.833037 0.9182767 0.8183666 0.9182767 0.8183666 0.9451222 0.833037 0.8929081 0.8183666 0.8929081 0.8183666 0.9182767 0.833037 0.8699911 0.8183666 0.8699911 0.8183666 0.8929081 0.833037 0.8504065 0.8183667 0.8504065 0.8183666 0.8699911 0.5279655 0.9097914 0.5132951 0.9097914 0.5132951 0.9321395 0.5279655 0.8848159 0.5132951 0.8848159 0.5132951 0.9097914 0.5279655 0.8581728 0.5132951 0.8581728 0.5132951 0.8848159 0.5279655 0.8308861 0.5132951 0.8308861 0.5132951 0.8581728 0.2926318 0.7083639 0.2797312 0.7109377 0.2875053 0.7370455 0.8848207 0.3197679 0.8770521 0.3458491 0.8899351 0.3484465 0.2771989 0.6838006 0.2797312 0.7109377 0.2926318 0.7083639 0.8899351 0.3484465 0.8770521 0.3458491 0.8745216 0.3729658 0.2928802 0.6592496 0.2800056 0.6566772 0.2771989 0.6838006 0.8745216 0.3729658 0.8773264 0.4000759 0.8901834 0.3975303 0.3001559 0.6356545 0.2880437 0.6306098 0.2800056 0.6566772 0.8773264 0.4000759 0.8853588 0.4261378 0.897454 0.4211204 0.7885196 0.257945 0.8015657 0.2586412 0.8015657 0.2439594 0.3267224 0.7729024 0.3173938 0.7822385 0.3182944 0.7829837</float_array>
          <technique_common>
            <accessor source="#Cylinder_044-mesh-map-0-array" count="336" stride="2">
              <param name="S" type="float"/>
              <param name="T" type="float"/>
            </accessor>
          </technique_common>
        </source>
        <vertices id="Cylinder_044-mesh-vertices">
          <input semantic="POSITION" source="#Cylinder_044-mesh-positions"/>
        </vertices>
        <triangles material="Material_001-material" count="112">
          <input semantic="VERTEX" source="#Cylinder_044-mesh-vertices" offset="0"/>
          <input semantic="NORMAL" source="#Cylinder_044-mesh-normals" offset="1"/>
          <input semantic="TEXCOORD" source="#Cylinder_044-mesh-map-0" offset="2" set="0"/>
          <p>3 0 0 23 1 1 21 2 2 2 3 3 22 4 4 4 5 5 3 0 6 19 6 7 1 7 8 2 3 9 18 8 10 20 9 11 1 7 12 39 10 13 37 7 14 17 11 15 33 12 16 15 13 17 16 14 18 32 15 19 34 16 20 13 17 21 33 12 22 31 18 23 12 19 24 32 15 25 14 20 26 39 10 27 18 8 28 38 21 29 19 6 30 20 9 31 18 8 32 21 2 33 22 4 34 20 9 35 23 1 36 24 22 37 22 4 38 25 23 39 26 24 40 24 22 41 27 25 42 28 26 43 26 24 44 29 27 45 30 28 46 28 26 47 31 18 48 32 15 49 30 28 50 33 12 51 34 16 52 32 15 53 6 29 54 22 4 55 24 22 56 7 30 57 23 1 58 5 31 59 6 29 60 26 24 61 8 32 62 7 30 63 27 25 64 25 23 65 10 33 66 26 24 67 28 26 68 11 34 69 27 25 70 9 35 71 12 19 72 28 26 73 30 28 74 13 17 75 29 27 76 11 34 77 17 11 78 34 16 79 35 36 80 0 37 81 38 21 82 18 8 83 43 38 84 63 39 85 45 40 86 62 41 87 42 42 88 44 43 89 59 6 90 43 38 91 41 7 92 42 42 93 58 8 94 40 37 95 39 10 96 41 7 97 37 7 98 73 44 99 57 45 100 55 46 101 56 47 102 72 48 103 54 49 104 53 50 105 73 44 106 55 46 107 72 48 108 52 51 109 54 49 110 58 8 111 39 10 112 38 21 113 60 52 114 59 6 115 58 8 116 62 41 117 61 53 118 60 52 119 64 54 120 63 39 121 62 41 122 66 55 123 65 56 124 64 54 125 68 57 126 67 58 127 66 55 128 70 59 129 69 60 130 68 57 131 72 48 132 71 61 133 70 59 134 74 62 135 73 44 136 72 48 137 46 63 138 62 41 139 44 43 140 63 39 141 47 64 142 45 40 143 66 55 144 46 63 145 48 65 146 47 64 147 67 58 148 49 66 149 50 67 150 66 55 151 48 65 152 67 58 153 51 68 154 49 66 155 52 51 156 68 57 157 50 67 158 69 60 159 53 50 160 51 68 161 57 45 162 74 62 163 56 47 164 40 37 165 38 21 166 36 37 167 3 0 168 5 31 169 23 1 170 2 3 171 20 9 172 22 4 173 3 0 174 21 2 175 19 6 176 2 3 177 0 37 178 18 8 179 1 7 180 19 6 181 39 10 182 17 11 183 35 36 184 33 12 185 16 14 186 14 20 187 32 15 188 13 17 189 15 13 190 33 12 191 12 19 192 30 28 193 32 15 194 39 10 195 19 6 196 18 8 197 19 6 198 21 2 199 20 9 200 21 2 201 23 1 202 22 4 203 23 1 204 25 23 205 24 22 206 25 23 207 27 25 208 26 24 209 27 25 210 29 27 211 28 26 212 29 27 213 31 18 214 30 28 215 31 18 216 33 12 217 32 15 218 33 12 219 35 36 220 34 16 221 6 29 222 4 5 223 22 4 224 7 30 225 25 23 226 23 1 227 6 29 228 24 22 229 26 24 230 7 30 231 9 35 232 27 25 233 10 33 234 8 32 235 26 24 236 11 34 237 29 27 238 27 25 239 12 19 240 10 33 241 28 26 242 13 17 243 31 18 244 29 27 245 17 11 246 16 14 247 34 16 248 0 37 249 36 37 250 38 21 251 43 38 252 61 53 253 63 39 254 62 41 255 60 52 256 42 42 257 59 6 258 61 53 259 43 38 260 42 42 261 60 52 262 58 8 263 39 10 264 59 6 265 41 7 266 73 44 267 75 69 268 57 45 269 56 47 270 74 62 271 72 48 272 53 50 273 71 61 274 73 44 275 72 48 276 70 59 277 52 51 278 58 8 279 59 6 280 39 10 281 60 52 282 61 53 283 59 6 284 62 41 285 63 39 286 61 53 287 64 54 288 65 56 289 63 39 290 66 55 291 67 58 292 65 56 293 68 57 294 69 60 295 67 58 296 70 59 297 71 61 298 69 60 299 72 48 300 73 44 301 71 61 302 74 62 303 75 69 304 73 44 305 46 63 306 64 54 307 62 41 308 63 39 309 65 56 310 47 64 311 66 55 312 64 54 313 46 63 314 47 64 315 65 56 316 67 58 317 50 67 318 68 57 319 66 55 320 67 58 321 69 60 322 51 68 323 52 51 324 70 59 325 68 57 326 69 60 327 71 61 328 53 50 329 57 45 330 75 69 331 74 62 332 40 37 333 58 8 334 38 21 335</p>
        </triangles>
      </mesh>
    </geometry>
    <geometry id="Cylinder_045-mesh" name="Cylinder.045">
      <mesh>
        <source id="Cylinder_045-mesh-positions">
          <float_array id="Cylinder_045-mesh-positions-array" count="228">21.69931 -0.1995937 -2.411949 21.69931 -0.1995937 2.030931 21.28508 -4.40534 -2.411949 21.28508 -4.40534 2.030931 20.05831 -8.449461 -2.411949 20.05831 -8.449461 2.030931 18.06615 -12.17655 -2.411949 18.06615 -12.17655 2.030931 15.38514 -15.44337 -2.411949 15.38514 -15.44337 2.030931 12.11832 -18.12438 -2.411949 12.11832 -18.12438 2.030931 8.391231 -20.11655 -2.411949 8.391231 -20.11655 2.030931 4.347106 -21.34332 -2.411949 4.347106 -21.34332 2.030931 0.1413573 -21.75755 -2.411949 0.1413573 -21.75755 2.030931 23.95817 -0.1995941 -2.644712 23.95817 -0.1995941 2.263695 23.50053 -4.846021 -2.644712 23.50053 -4.846021 2.263695 22.14522 -9.313888 -2.644712 22.14522 -9.313888 2.263695 19.94431 -13.4315 -2.644712 19.94431 -13.4315 2.263695 16.98239 -17.04062 -2.644712 16.98239 -17.04062 2.263695 13.37327 -20.00255 -2.644712 13.37327 -20.00255 2.263695 9.255657 -22.20346 -2.644712 9.255657 -22.20346 2.263695 4.787786 -23.55877 -2.644712 4.787786 -23.55877 2.263695 0.1413559 -24.0164 -2.644712 0.1413559 -24.0164 2.263695 21.67966 0 -2.411949 21.67966 0 2.030931 23.93851 0 -2.644712 23.93851 0 2.263695 21.69931 0.1995937 -2.411949 21.69931 0.1995937 2.030931 21.28508 4.40534 -2.411949 21.28508 4.40534 2.030931 20.05831 8.449461 -2.411949 20.05831 8.449461 2.030931 18.06615 12.17655 -2.411949 18.06615 12.17655 2.030931 15.38514 15.44337 -2.411949 15.38514 15.44337 2.030931 12.11832 18.12438 -2.411949 12.11832 18.12438 2.030931 8.391231 20.11655 -2.411949 8.391231 20.11655 2.030931 4.347106 21.34332 -2.411949 4.347106 21.34332 2.030931 0.1413573 21.75755 -2.411949 0.1413573 21.75755 2.030931 23.95817 0.1995941 -2.644712 23.95817 0.1995941 2.263695 23.50053 4.846021 -2.644712 23.50053 4.846021 2.263695 22.14522 9.313888 -2.644712 22.14522 9.313888 2.263695 19.94431 13.4315 -2.644712 19.94431 13.4315 2.263695 16.98239 17.04062 -2.644712 16.98239 17.04062 2.263695 13.37327 20.00255 -2.644712 13.37327 20.00255 2.263695 9.255657 22.20346 -2.644712 9.255657 22.20346 2.263695 4.787786 23.55877 -2.644712 4.787786 23.55877 2.263695 0.1413559 24.0164 -2.644712 0.1413559 24.0164 2.263695</float_array>
          <technique_common>
            <accessor source="#Cylinder_045-mesh-positions-array" count="76" stride="3">
              <param name="X" type="float"/>
              <param name="Y" type="float"/>
              <param name="Z" type="float"/>
            </accessor>
          </technique_common>
        </source>
        <source id="Cylinder_045-mesh-normals">
          <float_array id="Cylinder_045-mesh-normals-array" count="210">-0.1005293 0.01998984 0.9947333 0.6411159 -0.2655472 0.7200384 0.6806041 -0.1353822 0.7200347 -0.1005293 0.01998984 -0.9947333 0.6411159 -0.2655472 -0.7200384 -0.09470015 0.03921675 -0.9947331 0.6939395 0 0.7200332 -0.1024826 0 0.9947349 0.6939395 0 -0.7200332 0.6806041 -0.1353822 -0.7200347 0.6426995 0 0.7661184 -0.7117123 0.07199525 0.6987721 0.1353822 -0.6806041 0.7200347 -0.01998984 0.1005293 0.9947333 -0.7117123 0.07199525 -0.6987721 0.1353822 -0.6806041 -0.7200347 -0.5467866 -0.5810294 -0.6028509 -0.03921675 0.09470015 0.9947331 0.2655472 -0.6411159 0.7200384 -0.03921675 0.09470015 -0.9947331 -0.01998984 0.1005293 -0.9947333 0.6426995 0 -0.7661184 0.5769944 -0.3855174 -0.7200375 0.5769944 -0.3855174 0.7200375 0.4906863 -0.4906863 -0.7200375 0.4906863 -0.4906863 0.7200375 0.3855174 -0.5769944 -0.7200375 0.3855174 -0.5769944 0.7200375 0.2655472 -0.6411159 -0.7200384 -0.08520901 0.0569179 -0.9947361 -0.08520901 0.0569179 0.9947361 -0.09470015 0.03921675 0.9947331 -0.07245212 0.07245212 -0.9947369 -0.0569179 0.08520901 -0.9947361 -0.0569179 0.08520901 0.9947361 -0.07245212 0.07245212 0.9947369 -0.5467866 -0.5810294 0.6028509 -0.1024826 0 -0.9947349 -0.1005293 -0.01998984 0.9947333 0.6411159 0.2655472 0.7200384 -0.09470015 -0.03921675 0.9947331 0.6411159 0.2655472 -0.7200384 -0.1005293 -0.01998984 -0.9947333 -0.09470015 -0.03921675 -0.9947331 0.1353822 0.6806041 0.7200347 -0.7117123 -0.07199525 0.6987721 -0.01998984 -0.1005293 0.9947333 -0.7117123 -0.07199525 -0.6987721 0.1353822 0.6806041 -0.7200347 -0.01998984 -0.1005293 -0.9947333 -0.03921675 -0.09470015 0.9947331 -0.03921675 -0.09470015 -0.9947331 0.6806041 0.1353822 -0.7200347 0.6806041 0.1353822 0.7200347 0.5769944 0.3855174 -0.7200375 0.4906863 0.4906863 -0.7200375 0.5769944 0.3855174 0.7200375 0.3855174 0.5769944 -0.7200375 0.4906863 0.4906863 0.7200375 0.2655472 0.6411159 -0.7200384 0.3855174 0.5769944 0.7200375 0.2655472 0.6411159 0.7200384 -0.5467866 0.5810294 -0.6028509 -0.08520901 -0.0569179 -0.9947361 -0.08520901 -0.0569179 0.9947361 -0.07245212 -0.07245212 -0.9947369 -0.07245212 -0.07245212 0.9947369 -0.0569179 -0.08520901 -0.9947361 -0.0569179 -0.08520901 0.9947361 -0.5467866 0.5810294 0.6028509</float_array>
          <technique_common>
            <accessor source="#Cylinder_045-mesh-normals-array" count="70" stride="3">
              <param name="X" type="float"/>
              <param name="Y" type="float"/>
              <param name="Z" type="float"/>
            </accessor>
          </technique_common>
        </source>
        <source id="Cylinder_045-mesh-map-0">
          <float_array id="Cylinder_045-mesh-map-0-array" count="672">0.9084697 0.303076 0.8848207 0.3197679 0.8975288 0.2957246 0.3111795 0.7537876 0.2875053 0.7370455 0.2996686 0.7319957 0.9084697 0.303076 0.9146881 0.2746431 0.9240015 0.2839939 0.3111795 0.7537876 0.3173938 0.7822385 0.3002223 0.7611209 0.9240015 0.2839939 0.915588 0.2738996 0.9249016 0.2832504 0.9249016 0.4618988 0.89831 0.4501497 0.9091768 0.4428549 0.327623 0.5948872 0.3010041 0.6066001 0.3183888 0.5855708 0.897454 0.4211204 0.89831 0.4501497 0.8853588 0.4261378 0.3001559 0.6356545 0.3010041 0.6066001 0.3118872 0.613922 0.8183666 0.9462945 0.833037 0.9451222 0.833037 0.9462946 0.8183666 0.9451222 0.833037 0.9182767 0.833037 0.9451222 0.8183666 0.9182767 0.833037 0.8929081 0.833037 0.9182767 0.8183666 0.8929081 0.833037 0.8699911 0.833037 0.8929081 0.8183666 0.8699911 0.833037 0.8504065 0.833037 0.8699911 0.5132951 0.9321395 0.5279655 0.9097914 0.5279655 0.9321395 0.5132951 0.9097914 0.5279655 0.8848159 0.5279655 0.9097914 0.5132951 0.8848159 0.5279655 0.8581728 0.5279655 0.8848159 0.5132951 0.8581728 0.5279655 0.8308861 0.5279655 0.8581728 0.2926318 0.7083639 0.2875053 0.7370455 0.2797312 0.7109377 0.8899351 0.3484465 0.8848207 0.3197679 0.8969669 0.3248389 0.2926318 0.7083639 0.2771989 0.6838006 0.2903397 0.6838006 0.8899351 0.3484465 0.8745216 0.3729658 0.8770521 0.3458491 0.2928802 0.6592496 0.2771989 0.6838006 0.2800056 0.6566772 0.8901834 0.3975303 0.8745216 0.3729658 0.8876446 0.3729913 0.3001559 0.6356545 0.2800056 0.6566772 0.2880437 0.6306098 0.897454 0.4211204 0.8773264 0.4000759 0.8901834 0.3975303 0.7885196 0.257945 0.8015657 0.2439594 0.8015657 0.2586412 0.3267224 0.7729024 0.3182944 0.7829837 0.3173938 0.7822385 0.9084697 0.303076 0.8848207 0.3197679 0.8969669 0.3248389 0.2875053 0.7370455 0.3111795 0.7537876 0.2996686 0.7319957 0.9146881 0.2746431 0.9084697 0.303076 0.9240015 0.2839939 0.3111795 0.7537876 0.3173938 0.7822385 0.3267224 0.7729024 0.915588 0.2738996 0.9240015 0.2839939 0.9249016 0.2832504 0.89831 0.4501497 0.9249016 0.4618988 0.9091768 0.4428549 0.327623 0.5948872 0.3010041 0.6066001 0.3118872 0.613922 0.897454 0.4211204 0.89831 0.4501497 0.9091768 0.4428549 0.3010041 0.6066001 0.3001559 0.6356545 0.3118872 0.613922 0.833037 0.9451222 0.8183666 0.9462945 0.833037 0.9462946 0.833037 0.9182767 0.8183666 0.9451222 0.833037 0.9451222 0.833037 0.8929081 0.8183666 0.9182767 0.833037 0.9182767 0.833037 0.8699911 0.8183666 0.8929081 0.833037 0.8929081 0.833037 0.8504065 0.8183666 0.8699911 0.833037 0.8699911 0.5279655 0.9097914 0.5132951 0.9321395 0.5279655 0.9321395 0.5279655 0.8848159 0.5132951 0.9097914 0.5279655 0.9097914 0.5279655 0.8581728 0.5132951 0.8848159 0.5279655 0.8848159 0.5279655 0.8308861 0.5132951 0.8581728 0.5279655 0.8581728 0.2926318 0.7083639 0.2875053 0.7370455 0.2996686 0.7319957 0.8848207 0.3197679 0.8899351 0.3484465 0.8969669 0.3248389 0.2771989 0.6838006 0.2926318 0.7083639 0.2903397 0.6838006 0.8899351 0.3484465 0.8745216 0.3729658 0.8876446 0.3729913 0.2928802 0.6592496 0.2771989 0.6838006 0.2903397 0.6838006 0.8745216 0.3729658 0.8901834 0.3975303 0.8876446 0.3729913 0.3001559 0.6356545 0.2800056 0.6566772 0.2928802 0.6592496 0.8773264 0.4000759 0.897454 0.4211204 0.8901834 0.3975303 0.7885196 0.257945 0.8015657 0.2439594 0.7885196 0.2446556 0.3267224 0.7729024 0.3182944 0.7829837 0.327623 0.7736476 0.9084697 0.303076 0.8969669 0.3248389 0.8848207 0.3197679 0.3111795 0.7537876 0.3002223 0.7611209 0.2875053 0.7370455 0.9084697 0.303076 0.8975288 0.2957246 0.9146881 0.2746431 0.3111795 0.7537876 0.3267224 0.7729024 0.3173938 0.7822385 0.9240015 0.2839939 0.9146881 0.2746431 0.915588 0.2738996 0.9249016 0.4618988 0.9156823 0.4711889 0.89831 0.4501497 0.327623 0.5948872 0.3118872 0.613922 0.3010041 0.6066001 0.897454 0.4211204 0.9091768 0.4428549 0.89831 0.4501497 0.3001559 0.6356545 0.2880437 0.6306098 0.3010041 0.6066001 0.8183666 0.9462945 0.8183666 0.9451222 0.833037 0.9451222 0.8183666 0.9451222 0.8183666 0.9182767 0.833037 0.9182767 0.8183666 0.9182767 0.8183666 0.8929081 0.833037 0.8929081 0.8183666 0.8929081 0.8183666 0.8699911 0.833037 0.8699911 0.8183666 0.8699911 0.8183667 0.8504065 0.833037 0.8504065 0.5132951 0.9321395 0.5132951 0.9097914 0.5279655 0.9097914 0.5132951 0.9097914 0.5132951 0.8848159 0.5279655 0.8848159 0.5132951 0.8848159 0.5132951 0.8581728 0.5279655 0.8581728 0.5132951 0.8581728 0.5132951 0.8308861 0.5279655 0.8308861 0.2926318 0.7083639 0.2996686 0.7319957 0.2875053 0.7370455 0.8899351 0.3484465 0.8770521 0.3458491 0.8848207 0.3197679 0.2926318 0.7083639 0.2797312 0.7109377 0.2771989 0.6838006 0.8899351 0.3484465 0.8876446 0.3729913 0.8745216 0.3729658 0.2928802 0.6592496 0.2903397 0.6838006 0.2771989 0.6838006 0.8901834 0.3975303 0.8773264 0.4000759 0.8745216 0.3729658 0.3001559 0.6356545 0.2928802 0.6592496 0.2800056 0.6566772 0.897454 0.4211204 0.8853588 0.4261378 0.8773264 0.4000759 0.7885196 0.257945 0.7885196 0.2446556 0.8015657 0.2439594 0.3267224 0.7729024 0.327623 0.7736476 0.3182944 0.7829837 0.9084697 0.303076 0.8975288 0.2957246 0.8848207 0.3197679 0.2875053 0.7370455 0.3002223 0.7611209 0.3111795 0.7537876 0.9146881 0.2746431 0.8975288 0.2957246 0.9084697 0.303076 0.3111795 0.7537876 0.3002223 0.7611209 0.3173938 0.7822385 0.915588 0.2738996 0.9146881 0.2746431 0.9240015 0.2839939 0.89831 0.4501497 0.9156823 0.4711889 0.9249016 0.4618988 0.327623 0.5948872 0.3183888 0.5855708 0.3010041 0.6066001 0.897454 0.4211204 0.8853588 0.4261378 0.89831 0.4501497 0.3010041 0.6066001 0.2880437 0.6306098 0.3001559 0.6356545 0.833037 0.9451222 0.8183666 0.9451222 0.8183666 0.9462945 0.833037 0.9182767 0.8183666 0.9182767 0.8183666 0.9451222 0.833037 0.8929081 0.8183666 0.8929081 0.8183666 0.9182767 0.833037 0.8699911 0.8183666 0.8699911 0.8183666 0.8929081 0.833037 0.8504065 0.8183667 0.8504065 0.8183666 0.8699911 0.5279655 0.9097914 0.5132951 0.9097914 0.5132951 0.9321395 0.5279655 0.8848159 0.5132951 0.8848159 0.5132951 0.9097914 0.5279655 0.8581728 0.5132951 0.8581728 0.5132951 0.8848159 0.5279655 0.8308861 0.5132951 0.8308861 0.5132951 0.8581728 0.2926318 0.7083639 0.2797312 0.7109377 0.2875053 0.7370455 0.8848207 0.3197679 0.8770521 0.3458491 0.8899351 0.3484465 0.2771989 0.6838006 0.2797312 0.7109377 0.2926318 0.7083639 0.8899351 0.3484465 0.8770521 0.3458491 0.8745216 0.3729658 0.2928802 0.6592496 0.2800056 0.6566772 0.2771989 0.6838006 0.8745216 0.3729658 0.8773264 0.4000759 0.8901834 0.3975303 0.3001559 0.6356545 0.2880437 0.6306098 0.2800056 0.6566772 0.8773264 0.4000759 0.8853588 0.4261378 0.897454 0.4211204 0.7885196 0.257945 0.8015657 0.2586412 0.8015657 0.2439594 0.3267224 0.7729024 0.3173938 0.7822385 0.3182944 0.7829837</float_array>
          <technique_common>
            <accessor source="#Cylinder_045-mesh-map-0-array" count="336" stride="2">
              <param name="S" type="float"/>
              <param name="T" type="float"/>
            </accessor>
          </technique_common>
        </source>
        <vertices id="Cylinder_045-mesh-vertices">
          <input semantic="POSITION" source="#Cylinder_045-mesh-positions"/>
        </vertices>
        <triangles material="Material_001-material" count="112">
          <input semantic="VERTEX" source="#Cylinder_045-mesh-vertices" offset="0"/>
          <input semantic="NORMAL" source="#Cylinder_045-mesh-normals" offset="1"/>
          <input semantic="TEXCOORD" source="#Cylinder_045-mesh-map-0" offset="2" set="0"/>
          <p>3 0 0 23 1 1 21 2 2 2 3 3 22 4 4 4 5 5 3 0 6 19 6 7 1 7 8 2 3 9 18 8 10 20 9 11 1 7 12 39 10 13 37 7 14 17 11 15 33 12 16 15 13 17 16 14 18 32 15 19 34 16 20 13 17 21 33 12 22 31 18 23 12 19 24 32 15 25 14 20 26 39 10 27 18 8 28 38 21 29 19 6 30 20 9 31 18 8 32 21 2 33 22 4 34 20 9 35 23 1 36 24 22 37 22 4 38 25 23 39 26 24 40 24 22 41 27 25 42 28 26 43 26 24 44 29 27 45 30 28 46 28 26 47 31 18 48 32 15 49 30 28 50 33 12 51 34 16 52 32 15 53 6 29 54 22 4 55 24 22 56 7 30 57 23 1 58 5 31 59 6 29 60 26 24 61 8 32 62 7 30 63 27 25 64 25 23 65 10 33 66 26 24 67 28 26 68 11 34 69 27 25 70 9 35 71 12 19 72 28 26 73 30 28 74 13 17 75 29 27 76 11 34 77 17 11 78 34 16 79 35 36 80 0 37 81 38 21 82 18 8 83 43 38 84 63 39 85 45 40 86 62 41 87 42 42 88 44 43 89 59 6 90 43 38 91 41 7 92 42 42 93 58 8 94 40 37 95 39 10 96 41 7 97 37 7 98 73 44 99 57 45 100 55 46 101 56 47 102 72 48 103 54 49 104 53 50 105 73 44 106 55 46 107 72 48 108 52 51 109 54 49 110 58 8 111 39 10 112 38 21 113 60 52 114 59 6 115 58 8 116 62 41 117 61 53 118 60 52 119 64 54 120 63 39 121 62 41 122 66 55 123 65 56 124 64 54 125 68 57 126 67 58 127 66 55 128 70 59 129 69 60 130 68 57 131 72 48 132 71 61 133 70 59 134 74 62 135 73 44 136 72 48 137 46 63 138 62 41 139 44 43 140 63 39 141 47 64 142 45 40 143 66 55 144 46 63 145 48 65 146 47 64 147 67 58 148 49 66 149 50 67 150 66 55 151 48 65 152 67 58 153 51 68 154 49 66 155 52 51 156 68 57 157 50 67 158 69 60 159 53 50 160 51 68 161 57 45 162 74 62 163 56 47 164 40 37 165 38 21 166 36 37 167 3 0 168 5 31 169 23 1 170 2 3 171 20 9 172 22 4 173 3 0 174 21 2 175 19 6 176 2 3 177 0 37 178 18 8 179 1 7 180 19 6 181 39 10 182 17 11 183 35 36 184 33 12 185 16 14 186 14 20 187 32 15 188 13 17 189 15 13 190 33 12 191 12 19 192 30 28 193 32 15 194 39 10 195 19 6 196 18 8 197 19 6 198 21 2 199 20 9 200 21 2 201 23 1 202 22 4 203 23 1 204 25 23 205 24 22 206 25 23 207 27 25 208 26 24 209 27 25 210 29 27 211 28 26 212 29 27 213 31 18 214 30 28 215 31 18 216 33 12 217 32 15 218 33 12 219 35 36 220 34 16 221 6 29 222 4 5 223 22 4 224 7 30 225 25 23 226 23 1 227 6 29 228 24 22 229 26 24 230 7 30 231 9 35 232 27 25 233 10 33 234 8 32 235 26 24 236 11 34 237 29 27 238 27 25 239 12 19 240 10 33 241 28 26 242 13 17 243 31 18 244 29 27 245 17 11 246 16 14 247 34 16 248 0 37 249 36 37 250 38 21 251 43 38 252 61 53 253 63 39 254 62 41 255 60 52 256 42 42 257 59 6 258 61 53 259 43 38 260 42 42 261 60 52 262 58 8 263 39 10 264 59 6 265 41 7 266 73 44 267 75 69 268 57 45 269 56 47 270 74 62 271 72 48 272 53 50 273 71 61 274 73 44 275 72 48 276 70 59 277 52 51 278 58 8 279 59 6 280 39 10 281 60 52 282 61 53 283 59 6 284 62 41 285 63 39 286 61 53 287 64 54 288 65 56 289 63 39 290 66 55 291 67 58 292 65 56 293 68 57 294 69 60 295 67 58 296 70 59 297 71 61 298 69 60 299 72 48 300 73 44 301 71 61 302 74 62 303 75 69 304 73 44 305 46 63 306 64 54 307 62 41 308 63 39 309 65 56 310 47 64 311 66 55 312 64 54 313 46 63 314 47 64 315 65 56 316 67 58 317 50 67 318 68 57 319 66 55 320 67 58 321 69 60 322 51 68 323 52 51 324 70 59 325 68 57 326 69 60 327 71 61 328 53 50 329 57 45 330 75 69 331 74 62 332 40 37 333 58 8 334 38 21 335</p>
        </triangles>
      </mesh>
    </geometry>
    <geometry id="Cylinder_046-mesh" name="Cylinder.046">
      <mesh>
        <source id="Cylinder_046-mesh-positions">
          <float_array id="Cylinder_046-mesh-positions-array" count="228">21.69931 -0.1995937 -2.411949 21.69931 -0.1995937 2.030931 21.28508 -4.40534 -2.411949 21.28508 -4.40534 2.030931 20.05831 -8.449461 -2.411949 20.05831 -8.449461 2.030931 18.06615 -12.17655 -2.411949 18.06615 -12.17655 2.030931 15.38514 -15.44337 -2.411949 15.38514 -15.44337 2.030931 12.11832 -18.12438 -2.411949 12.11832 -18.12438 2.030931 8.391231 -20.11655 -2.411949 8.391231 -20.11655 2.030931 4.347106 -21.34332 -2.411949 4.347106 -21.34332 2.030931 0.1413573 -21.75755 -2.411949 0.1413573 -21.75755 2.030931 23.95817 -0.1995941 -2.644712 23.95817 -0.1995941 2.263695 23.50053 -4.846021 -2.644712 23.50053 -4.846021 2.263695 22.14522 -9.313888 -2.644712 22.14522 -9.313888 2.263695 19.94431 -13.4315 -2.644712 19.94431 -13.4315 2.263695 16.98239 -17.04062 -2.644712 16.98239 -17.04062 2.263695 13.37327 -20.00255 -2.644712 13.37327 -20.00255 2.263695 9.255657 -22.20346 -2.644712 9.255657 -22.20346 2.263695 4.787786 -23.55877 -2.644712 4.787786 -23.55877 2.263695 0.1413559 -24.0164 -2.644712 0.1413559 -24.0164 2.263695 21.67966 0 -2.411949 21.67966 0 2.030931 23.93851 0 -2.644712 23.93851 0 2.263695 21.69931 0.1995937 -2.411949 21.69931 0.1995937 2.030931 21.28508 4.40534 -2.411949 21.28508 4.40534 2.030931 20.05831 8.449461 -2.411949 20.05831 8.449461 2.030931 18.06615 12.17655 -2.411949 18.06615 12.17655 2.030931 15.38514 15.44337 -2.411949 15.38514 15.44337 2.030931 12.11832 18.12438 -2.411949 12.11832 18.12438 2.030931 8.391231 20.11655 -2.411949 8.391231 20.11655 2.030931 4.347106 21.34332 -2.411949 4.347106 21.34332 2.030931 0.1413573 21.75755 -2.411949 0.1413573 21.75755 2.030931 23.95817 0.1995941 -2.644712 23.95817 0.1995941 2.263695 23.50053 4.846021 -2.644712 23.50053 4.846021 2.263695 22.14522 9.313888 -2.644712 22.14522 9.313888 2.263695 19.94431 13.4315 -2.644712 19.94431 13.4315 2.263695 16.98239 17.04062 -2.644712 16.98239 17.04062 2.263695 13.37327 20.00255 -2.644712 13.37327 20.00255 2.263695 9.255657 22.20346 -2.644712 9.255657 22.20346 2.263695 4.787786 23.55877 -2.644712 4.787786 23.55877 2.263695 0.1413559 24.0164 -2.644712 0.1413559 24.0164 2.263695</float_array>
          <technique_common>
            <accessor source="#Cylinder_046-mesh-positions-array" count="76" stride="3">
              <param name="X" type="float"/>
              <param name="Y" type="float"/>
              <param name="Z" type="float"/>
            </accessor>
          </technique_common>
        </source>
        <source id="Cylinder_046-mesh-normals">
          <float_array id="Cylinder_046-mesh-normals-array" count="210">-0.1005293 0.01998984 0.9947333 0.6411159 -0.2655472 0.7200384 0.6806041 -0.1353822 0.7200347 -0.1005293 0.01998984 -0.9947333 0.6411159 -0.2655472 -0.7200384 -0.09470015 0.03921675 -0.9947331 0.6939395 0 0.7200332 -0.1024826 0 0.9947349 0.6939395 0 -0.7200332 0.6806041 -0.1353822 -0.7200347 0.6426995 0 0.7661184 -0.7117123 0.07199525 0.6987721 0.1353822 -0.6806041 0.7200347 -0.01998984 0.1005293 0.9947333 -0.7117123 0.07199525 -0.6987721 0.1353822 -0.6806041 -0.7200347 -0.5467866 -0.5810294 -0.6028509 -0.03921675 0.09470015 0.9947331 0.2655472 -0.6411159 0.7200384 -0.03921675 0.09470015 -0.9947331 -0.01998984 0.1005293 -0.9947333 0.6426995 0 -0.7661184 0.5769944 -0.3855174 -0.7200375 0.5769944 -0.3855174 0.7200375 0.4906863 -0.4906863 -0.7200375 0.4906863 -0.4906863 0.7200375 0.3855174 -0.5769944 -0.7200375 0.3855174 -0.5769944 0.7200375 0.2655472 -0.6411159 -0.7200384 -0.08520901 0.0569179 -0.9947361 -0.08520901 0.0569179 0.9947361 -0.09470015 0.03921675 0.9947331 -0.07245212 0.07245212 -0.9947369 -0.0569179 0.08520901 -0.9947361 -0.0569179 0.08520901 0.9947361 -0.07245212 0.07245212 0.9947369 -0.5467866 -0.5810294 0.6028509 -0.1024826 0 -0.9947349 -0.1005293 -0.01998984 0.9947333 0.6411159 0.2655472 0.7200384 -0.09470015 -0.03921675 0.9947331 0.6411159 0.2655472 -0.7200384 -0.1005293 -0.01998984 -0.9947333 -0.09470015 -0.03921675 -0.9947331 0.1353822 0.6806041 0.7200347 -0.7117123 -0.07199525 0.6987721 -0.01998984 -0.1005293 0.9947333 -0.7117123 -0.07199525 -0.6987721 0.1353822 0.6806041 -0.7200347 -0.01998984 -0.1005293 -0.9947333 -0.03921675 -0.09470015 0.9947331 -0.03921675 -0.09470015 -0.9947331 0.6806041 0.1353822 -0.7200347 0.6806041 0.1353822 0.7200347 0.5769944 0.3855174 -0.7200375 0.4906863 0.4906863 -0.7200375 0.5769944 0.3855174 0.7200375 0.3855174 0.5769944 -0.7200375 0.4906863 0.4906863 0.7200375 0.2655472 0.6411159 -0.7200384 0.3855174 0.5769944 0.7200375 0.2655472 0.6411159 0.7200384 -0.5467866 0.5810294 -0.6028509 -0.08520901 -0.0569179 -0.9947361 -0.08520901 -0.0569179 0.9947361 -0.07245212 -0.07245212 -0.9947369 -0.07245212 -0.07245212 0.9947369 -0.0569179 -0.08520901 -0.9947361 -0.0569179 -0.08520901 0.9947361 -0.5467866 0.5810294 0.6028509</float_array>
          <technique_common>
            <accessor source="#Cylinder_046-mesh-normals-array" count="70" stride="3">
              <param name="X" type="float"/>
              <param name="Y" type="float"/>
              <param name="Z" type="float"/>
            </accessor>
          </technique_common>
        </source>
        <source id="Cylinder_046-mesh-map-0">
          <float_array id="Cylinder_046-mesh-map-0-array" count="672">0.9084697 0.303076 0.8848207 0.3197679 0.8975288 0.2957246 0.3111795 0.7537876 0.2875053 0.7370455 0.2996686 0.7319957 0.9084697 0.303076 0.9146881 0.2746431 0.9240015 0.2839939 0.3111795 0.7537876 0.3173938 0.7822385 0.3002223 0.7611209 0.9240015 0.2839939 0.915588 0.2738996 0.9249016 0.2832504 0.9249016 0.4618988 0.89831 0.4501497 0.9091768 0.4428549 0.327623 0.5948872 0.3010041 0.6066001 0.3183888 0.5855708 0.897454 0.4211204 0.89831 0.4501497 0.8853588 0.4261378 0.3001559 0.6356545 0.3010041 0.6066001 0.3118872 0.613922 0.8183666 0.9462945 0.833037 0.9451222 0.833037 0.9462946 0.8183666 0.9451222 0.833037 0.9182767 0.833037 0.9451222 0.8183666 0.9182767 0.833037 0.8929081 0.833037 0.9182767 0.8183666 0.8929081 0.833037 0.8699911 0.833037 0.8929081 0.8183666 0.8699911 0.833037 0.8504065 0.833037 0.8699911 0.5132951 0.9321395 0.5279655 0.9097914 0.5279655 0.9321395 0.5132951 0.9097914 0.5279655 0.8848159 0.5279655 0.9097914 0.5132951 0.8848159 0.5279655 0.8581728 0.5279655 0.8848159 0.5132951 0.8581728 0.5279655 0.8308861 0.5279655 0.8581728 0.2926318 0.7083639 0.2875053 0.7370455 0.2797312 0.7109377 0.8899351 0.3484465 0.8848207 0.3197679 0.8969669 0.3248389 0.2926318 0.7083639 0.2771989 0.6838006 0.2903397 0.6838006 0.8899351 0.3484465 0.8745216 0.3729658 0.8770521 0.3458491 0.2928802 0.6592496 0.2771989 0.6838006 0.2800056 0.6566772 0.8901834 0.3975303 0.8745216 0.3729658 0.8876446 0.3729913 0.3001559 0.6356545 0.2800056 0.6566772 0.2880437 0.6306098 0.897454 0.4211204 0.8773264 0.4000759 0.8901834 0.3975303 0.7885196 0.257945 0.8015657 0.2439594 0.8015657 0.2586412 0.3267224 0.7729024 0.3182944 0.7829837 0.3173938 0.7822385 0.9084697 0.303076 0.8848207 0.3197679 0.8969669 0.3248389 0.2875053 0.7370455 0.3111795 0.7537876 0.2996686 0.7319957 0.9146881 0.2746431 0.9084697 0.303076 0.9240015 0.2839939 0.3111795 0.7537876 0.3173938 0.7822385 0.3267224 0.7729024 0.915588 0.2738996 0.9240015 0.2839939 0.9249016 0.2832504 0.89831 0.4501497 0.9249016 0.4618988 0.9091768 0.4428549 0.327623 0.5948872 0.3010041 0.6066001 0.3118872 0.613922 0.897454 0.4211204 0.89831 0.4501497 0.9091768 0.4428549 0.3010041 0.6066001 0.3001559 0.6356545 0.3118872 0.613922 0.833037 0.9451222 0.8183666 0.9462945 0.833037 0.9462946 0.833037 0.9182767 0.8183666 0.9451222 0.833037 0.9451222 0.833037 0.8929081 0.8183666 0.9182767 0.833037 0.9182767 0.833037 0.8699911 0.8183666 0.8929081 0.833037 0.8929081 0.833037 0.8504065 0.8183666 0.8699911 0.833037 0.8699911 0.5279655 0.9097914 0.5132951 0.9321395 0.5279655 0.9321395 0.5279655 0.8848159 0.5132951 0.9097914 0.5279655 0.9097914 0.5279655 0.8581728 0.5132951 0.8848159 0.5279655 0.8848159 0.5279655 0.8308861 0.5132951 0.8581728 0.5279655 0.8581728 0.2926318 0.7083639 0.2875053 0.7370455 0.2996686 0.7319957 0.8848207 0.3197679 0.8899351 0.3484465 0.8969669 0.3248389 0.2771989 0.6838006 0.2926318 0.7083639 0.2903397 0.6838006 0.8899351 0.3484465 0.8745216 0.3729658 0.8876446 0.3729913 0.2928802 0.6592496 0.2771989 0.6838006 0.2903397 0.6838006 0.8745216 0.3729658 0.8901834 0.3975303 0.8876446 0.3729913 0.3001559 0.6356545 0.2800056 0.6566772 0.2928802 0.6592496 0.8773264 0.4000759 0.897454 0.4211204 0.8901834 0.3975303 0.7885196 0.257945 0.8015657 0.2439594 0.7885196 0.2446556 0.3267224 0.7729024 0.3182944 0.7829837 0.327623 0.7736476 0.9084697 0.303076 0.8969669 0.3248389 0.8848207 0.3197679 0.3111795 0.7537876 0.3002223 0.7611209 0.2875053 0.7370455 0.9084697 0.303076 0.8975288 0.2957246 0.9146881 0.2746431 0.3111795 0.7537876 0.3267224 0.7729024 0.3173938 0.7822385 0.9240015 0.2839939 0.9146881 0.2746431 0.915588 0.2738996 0.9249016 0.4618988 0.9156823 0.4711889 0.89831 0.4501497 0.327623 0.5948872 0.3118872 0.613922 0.3010041 0.6066001 0.897454 0.4211204 0.9091768 0.4428549 0.89831 0.4501497 0.3001559 0.6356545 0.2880437 0.6306098 0.3010041 0.6066001 0.8183666 0.9462945 0.8183666 0.9451222 0.833037 0.9451222 0.8183666 0.9451222 0.8183666 0.9182767 0.833037 0.9182767 0.8183666 0.9182767 0.8183666 0.8929081 0.833037 0.8929081 0.8183666 0.8929081 0.8183666 0.8699911 0.833037 0.8699911 0.8183666 0.8699911 0.8183667 0.8504065 0.833037 0.8504065 0.5132951 0.9321395 0.5132951 0.9097914 0.5279655 0.9097914 0.5132951 0.9097914 0.5132951 0.8848159 0.5279655 0.8848159 0.5132951 0.8848159 0.5132951 0.8581728 0.5279655 0.8581728 0.5132951 0.8581728 0.5132951 0.8308861 0.5279655 0.8308861 0.2926318 0.7083639 0.2996686 0.7319957 0.2875053 0.7370455 0.8899351 0.3484465 0.8770521 0.3458491 0.8848207 0.3197679 0.2926318 0.7083639 0.2797312 0.7109377 0.2771989 0.6838006 0.8899351 0.3484465 0.8876446 0.3729913 0.8745216 0.3729658 0.2928802 0.6592496 0.2903397 0.6838006 0.2771989 0.6838006 0.8901834 0.3975303 0.8773264 0.4000759 0.8745216 0.3729658 0.3001559 0.6356545 0.2928802 0.6592496 0.2800056 0.6566772 0.897454 0.4211204 0.8853588 0.4261378 0.8773264 0.4000759 0.7885196 0.257945 0.7885196 0.2446556 0.8015657 0.2439594 0.3267224 0.7729024 0.327623 0.7736476 0.3182944 0.7829837 0.9084697 0.303076 0.8975288 0.2957246 0.8848207 0.3197679 0.2875053 0.7370455 0.3002223 0.7611209 0.3111795 0.7537876 0.9146881 0.2746431 0.8975288 0.2957246 0.9084697 0.303076 0.3111795 0.7537876 0.3002223 0.7611209 0.3173938 0.7822385 0.915588 0.2738996 0.9146881 0.2746431 0.9240015 0.2839939 0.89831 0.4501497 0.9156823 0.4711889 0.9249016 0.4618988 0.327623 0.5948872 0.3183888 0.5855708 0.3010041 0.6066001 0.897454 0.4211204 0.8853588 0.4261378 0.89831 0.4501497 0.3010041 0.6066001 0.2880437 0.6306098 0.3001559 0.6356545 0.833037 0.9451222 0.8183666 0.9451222 0.8183666 0.9462945 0.833037 0.9182767 0.8183666 0.9182767 0.8183666 0.9451222 0.833037 0.8929081 0.8183666 0.8929081 0.8183666 0.9182767 0.833037 0.8699911 0.8183666 0.8699911 0.8183666 0.8929081 0.833037 0.8504065 0.8183667 0.8504065 0.8183666 0.8699911 0.5279655 0.9097914 0.5132951 0.9097914 0.5132951 0.9321395 0.5279655 0.8848159 0.5132951 0.8848159 0.5132951 0.9097914 0.5279655 0.8581728 0.5132951 0.8581728 0.5132951 0.8848159 0.5279655 0.8308861 0.5132951 0.8308861 0.5132951 0.8581728 0.2926318 0.7083639 0.2797312 0.7109377 0.2875053 0.7370455 0.8848207 0.3197679 0.8770521 0.3458491 0.8899351 0.3484465 0.2771989 0.6838006 0.2797312 0.7109377 0.2926318 0.7083639 0.8899351 0.3484465 0.8770521 0.3458491 0.8745216 0.3729658 0.2928802 0.6592496 0.2800056 0.6566772 0.2771989 0.6838006 0.8745216 0.3729658 0.8773264 0.4000759 0.8901834 0.3975303 0.3001559 0.6356545 0.2880437 0.6306098 0.2800056 0.6566772 0.8773264 0.4000759 0.8853588 0.4261378 0.897454 0.4211204 0.7885196 0.257945 0.8015657 0.2586412 0.8015657 0.2439594 0.3267224 0.7729024 0.3173938 0.7822385 0.3182944 0.7829837</float_array>
          <technique_common>
            <accessor source="#Cylinder_046-mesh-map-0-array" count="336" stride="2">
              <param name="S" type="float"/>
              <param name="T" type="float"/>
            </accessor>
          </technique_common>
        </source>
        <vertices id="Cylinder_046-mesh-vertices">
          <input semantic="POSITION" source="#Cylinder_046-mesh-positions"/>
        </vertices>
        <triangles material="Material_001-material" count="112">
          <input semantic="VERTEX" source="#Cylinder_046-mesh-vertices" offset="0"/>
          <input semantic="NORMAL" source="#Cylinder_046-mesh-normals" offset="1"/>
          <input semantic="TEXCOORD" source="#Cylinder_046-mesh-map-0" offset="2" set="0"/>
          <p>3 0 0 23 1 1 21 2 2 2 3 3 22 4 4 4 5 5 3 0 6 19 6 7 1 7 8 2 3 9 18 8 10 20 9 11 1 7 12 39 10 13 37 7 14 17 11 15 33 12 16 15 13 17 16 14 18 32 15 19 34 16 20 13 17 21 33 12 22 31 18 23 12 19 24 32 15 25 14 20 26 39 10 27 18 8 28 38 21 29 19 6 30 20 9 31 18 8 32 21 2 33 22 4 34 20 9 35 23 1 36 24 22 37 22 4 38 25 23 39 26 24 40 24 22 41 27 25 42 28 26 43 26 24 44 29 27 45 30 28 46 28 26 47 31 18 48 32 15 49 30 28 50 33 12 51 34 16 52 32 15 53 6 29 54 22 4 55 24 22 56 7 30 57 23 1 58 5 31 59 6 29 60 26 24 61 8 32 62 7 30 63 27 25 64 25 23 65 10 33 66 26 24 67 28 26 68 11 34 69 27 25 70 9 35 71 12 19 72 28 26 73 30 28 74 13 17 75 29 27 76 11 34 77 17 11 78 34 16 79 35 36 80 0 37 81 38 21 82 18 8 83 43 38 84 63 39 85 45 40 86 62 41 87 42 42 88 44 43 89 59 6 90 43 38 91 41 7 92 42 42 93 58 8 94 40 37 95 39 10 96 41 7 97 37 7 98 73 44 99 57 45 100 55 46 101 56 47 102 72 48 103 54 49 104 53 50 105 73 44 106 55 46 107 72 48 108 52 51 109 54 49 110 58 8 111 39 10 112 38 21 113 60 52 114 59 6 115 58 8 116 62 41 117 61 53 118 60 52 119 64 54 120 63 39 121 62 41 122 66 55 123 65 56 124 64 54 125 68 57 126 67 58 127 66 55 128 70 59 129 69 60 130 68 57 131 72 48 132 71 61 133 70 59 134 74 62 135 73 44 136 72 48 137 46 63 138 62 41 139 44 43 140 63 39 141 47 64 142 45 40 143 66 55 144 46 63 145 48 65 146 47 64 147 67 58 148 49 66 149 50 67 150 66 55 151 48 65 152 67 58 153 51 68 154 49 66 155 52 51 156 68 57 157 50 67 158 69 60 159 53 50 160 51 68 161 57 45 162 74 62 163 56 47 164 40 37 165 38 21 166 36 37 167 3 0 168 5 31 169 23 1 170 2 3 171 20 9 172 22 4 173 3 0 174 21 2 175 19 6 176 2 3 177 0 37 178 18 8 179 1 7 180 19 6 181 39 10 182 17 11 183 35 36 184 33 12 185 16 14 186 14 20 187 32 15 188 13 17 189 15 13 190 33 12 191 12 19 192 30 28 193 32 15 194 39 10 195 19 6 196 18 8 197 19 6 198 21 2 199 20 9 200 21 2 201 23 1 202 22 4 203 23 1 204 25 23 205 24 22 206 25 23 207 27 25 208 26 24 209 27 25 210 29 27 211 28 26 212 29 27 213 31 18 214 30 28 215 31 18 216 33 12 217 32 15 218 33 12 219 35 36 220 34 16 221 6 29 222 4 5 223 22 4 224 7 30 225 25 23 226 23 1 227 6 29 228 24 22 229 26 24 230 7 30 231 9 35 232 27 25 233 10 33 234 8 32 235 26 24 236 11 34 237 29 27 238 27 25 239 12 19 240 10 33 241 28 26 242 13 17 243 31 18 244 29 27 245 17 11 246 16 14 247 34 16 248 0 37 249 36 37 250 38 21 251 43 38 252 61 53 253 63 39 254 62 41 255 60 52 256 42 42 257 59 6 258 61 53 259 43 38 260 42 42 261 60 52 262 58 8 263 39 10 264 59 6 265 41 7 266 73 44 267 75 69 268 57 45 269 56 47 270 74 62 271 72 48 272 53 50 273 71 61 274 73 44 275 72 48 276 70 59 277 52 51 278 58 8 279 59 6 280 39 10 281 60 52 282 61 53 283 59 6 284 62 41 285 63 39 286 61 53 287 64 54 288 65 56 289 63 39 290 66 55 291 67 58 292 65 56 293 68 57 294 69 60 295 67 58 296 70 59 297 71 61 298 69 60 299 72 48 300 73 44 301 71 61 302 74 62 303 75 69 304 73 44 305 46 63 306 64 54 307 62 41 308 63 39 309 65 56 310 47 64 311 66 55 312 64 54 313 46 63 314 47 64 315 65 56 316 67 58 317 50 67 318 68 57 319 66 55 320 67 58 321 69 60 322 51 68 323 52 51 324 70 59 325 68 57 326 69 60 327 71 61 328 53 50 329 57 45 330 75 69 331 74 62 332 40 37 333 58 8 334 38 21 335</p>
        </triangles>
      </mesh>
    </geometry>
    <geometry id="Cylinder_051-mesh" name="Cylinder.051">
      <mesh>
        <source id="Cylinder_051-mesh-positions">
          <float_array id="Cylinder_051-mesh-positions-array" count="570">-16.8458 0 -13.05132 -48.74721 0 -13.05133 -16.8458 -2.685337 -12.78684 -48.74721 -2.685337 -12.78684 -16.8458 -5.267479 -12.00356 -48.74721 -5.267479 -12.00356 -16.8458 -7.647197 -10.73157 -48.74721 -7.647197 -10.73158 -16.8458 -9.733036 -9.01977 -48.74721 -9.733036 -9.019771 -16.8458 -11.44484 -6.933929 -48.74721 -11.44484 -6.933933 -16.8458 -12.71683 -4.554212 -48.74721 -12.71683 -4.554214 -16.8458 -13.50011 -1.972068 -48.74721 -13.50011 -1.972071 -16.8458 -13.76459 0.7132717 -48.74721 -13.76459 0.7132694 -16.8458 -13.50011 3.398611 -48.74721 -13.50011 3.398609 -16.8458 -12.71682 5.980755 -48.74721 -12.71682 5.980752 -16.8458 -11.44483 8.360471 -48.74721 -11.44483 8.360469 -16.8458 -9.733031 10.44631 -48.74721 -9.733031 10.44631 -16.8458 -7.64719 12.15811 -48.74721 -7.64719 12.15811 -16.8458 -5.267471 13.4301 -48.74721 -5.267471 13.43009 -16.8458 -2.685327 14.21338 -48.74721 -2.685327 14.21337 -16.8458 0 14.47786 -48.74721 0 14.47786 -16.8458 0 -8.57586 -16.8458 -1.812216 -8.397374 -16.8458 -3.554793 -7.868769 -16.8458 -5.160761 -7.010361 -16.8458 -6.568404 -5.855138 -16.8458 -7.723626 -4.447495 -16.8458 -8.582035 -2.841527 -16.8458 -9.110638 -1.09895 -16.8458 -9.289126 0.7132697 -16.8458 -9.110637 2.52549 -16.8458 -8.582033 4.268066 -16.8458 -7.723623 5.874034 -16.8458 -6.568399 7.281676 -16.8458 -5.160756 8.436898 -16.8458 -3.554786 9.295306 -16.8458 -1.81221 9.823907 -16.8458 0 10.00239 -22.17479 0 -8.575862 -22.17479 -1.812216 -8.397375 -22.17479 -3.554793 -7.868769 -22.17479 -5.160761 -7.010361 -22.17479 -6.568404 -5.855139 -22.17479 -7.723626 -4.447496 -22.17479 -8.582035 -2.841528 -22.17479 -9.110638 -1.098951 -22.17479 -9.289126 0.7132689 -22.17479 -9.110637 2.525489 -22.17479 -8.582033 4.268065 -22.17479 -7.723623 5.874033 -22.17479 -6.568399 7.281675 -22.17479 -5.160756 8.436898 -22.17479 -3.554786 9.295305 -22.17479 -1.81221 9.823907 -22.17479 0 10.00239 -12.95004 -2.685337 -12.78684 -12.95004 -5.267479 -12.00356 -12.95004 -7.647197 -10.73157 -12.95004 -9.733036 -9.019768 -12.95004 -11.44484 -6.933929 -12.95004 -12.71683 -4.554211 -12.95004 -13.50011 -1.972068 -12.95004 -13.76459 0.7132723 -12.95004 -13.50011 3.398612 -12.95004 -12.71682 5.980755 -12.95004 -11.44483 8.360471 -12.95004 -9.733031 10.44631 -12.95004 -7.64719 12.15811 -12.95004 -5.267471 13.4301 -12.95004 -2.685327 14.21338 -12.95004 0 14.47786 -12.95004 -1.812216 -8.397374 -12.95004 -3.554793 -7.868768 -12.95004 -5.160761 -7.010361 -12.95004 -6.568404 -5.855138 -12.95004 -7.723626 -4.447494 -12.95004 -8.582035 -2.841526 -12.95004 -9.110638 -1.098949 -12.95004 -9.289126 0.7132704 -12.95004 -9.110637 2.52549 -12.95004 -8.582033 4.268066 -12.95004 -7.723623 5.874035 -12.95004 -6.568399 7.281676 -12.95004 -5.160756 8.436898 -12.95004 -3.554786 9.295305 -12.95004 -1.81221 9.823907 -12.95004 0 10.00239 -16.8458 2.685337 -12.78684 -48.74721 2.685337 -12.78684 -16.8458 5.267479 -12.00356 -48.74721 5.267479 -12.00356 -16.8458 7.647197 -10.73157 -48.74721 7.647197 -10.73158 -16.8458 9.733036 -9.01977 -48.74721 9.733036 -9.019771 -16.8458 11.44484 -6.933929 -48.74721 11.44484 -6.933933 -16.8458 12.71683 -4.554212 -48.74721 12.71683 -4.554214 -16.8458 13.50011 -1.972068 -48.74721 13.50011 -1.972071 -16.8458 13.76459 0.7132717 -48.74721 13.76459 0.7132694 -16.8458 13.50011 3.398611 -48.74721 13.50011 3.398609 -16.8458 12.71682 5.980755 -48.74721 12.71682 5.980752 -16.8458 11.44483 8.360471 -48.74721 11.44483 8.360469 -16.8458 9.733031 10.44631 -48.74721 9.733031 10.44631 -16.8458 7.64719 12.15811 -48.74721 7.64719 12.15811 -16.8458 5.267471 13.4301 -48.74721 5.267471 13.43009 -16.8458 2.685327 14.21338 -48.74721 2.685327 14.21337 -16.8458 1.812216 -8.397374 -16.8458 3.554793 -7.868769 -16.8458 5.160761 -7.010361 -16.8458 6.568404 -5.855138 -16.8458 7.723626 -4.447495 -16.8458 8.582035 -2.841527 -16.8458 9.110638 -1.09895 -16.8458 9.289126 0.7132697 -16.8458 9.110637 2.52549 -16.8458 8.582033 4.268066 -16.8458 7.723623 5.874034 -16.8458 6.568399 7.281676 -16.8458 5.160756 8.436898 -16.8458 3.554786 9.295306 -16.8458 1.81221 9.823907 -22.17479 1.812216 -8.397375 -22.17479 3.554793 -7.868769 -22.17479 5.160761 -7.010361 -22.17479 6.568404 -5.855139 -22.17479 7.723626 -4.447496 -22.17479 8.582035 -2.841528 -22.17479 9.110638 -1.098951 -22.17479 9.289126 0.7132689 -22.17479 9.110637 2.525489 -22.17479 8.582033 4.268065 -22.17479 7.723623 5.874033 -22.17479 6.568399 7.281675 -22.17479 5.160756 8.436898 -22.17479 3.554786 9.295305 -22.17479 1.81221 9.823907 -12.95004 2.685337 -12.78684 -12.95004 5.267479 -12.00356 -12.95004 7.647197 -10.73157 -12.95004 9.733036 -9.019768 -12.95004 11.44484 -6.933929 -12.95004 12.71683 -4.554211 -12.95004 13.50011 -1.972068 -12.95004 13.76459 0.7132723 -12.95004 13.50011 3.398612 -12.95004 12.71682 5.980755 -12.95004 11.44483 8.360471 -12.95004 9.733031 10.44631 -12.95004 7.64719 12.15811 -12.95004 5.267471 13.4301 -12.95004 2.685327 14.21338 -12.95004 1.812216 -8.397374 -12.95004 3.554793 -7.868768 -12.95004 5.160761 -7.010361 -12.95004 6.568404 -5.855138 -12.95004 7.723626 -4.447494 -12.95004 8.582035 -2.841526 -12.95004 9.110638 -1.098949 -12.95004 9.289126 0.7132704 -12.95004 9.110637 2.52549 -12.95004 8.582033 4.268066 -12.95004 7.723623 5.874035 -12.95004 6.568399 7.281676 -12.95004 5.160756 8.436898 -12.95004 3.554786 9.295305 -12.95004 1.81221 9.823907</float_array>
          <technique_common>
            <accessor source="#Cylinder_051-mesh-positions-array" count="190" stride="3">
              <param name="X" type="float"/>
              <param name="Y" type="float"/>
              <param name="Z" type="float"/>
            </accessor>
          </technique_common>
        </source>
        <source id="Cylinder_051-mesh-normals">
          <float_array id="Cylinder_051-mesh-normals-array" count="567">0.2878552 0.09277772 -0.9531693 -0.6857035 0 -0.727881 0.6857035 0 -0.727881 0.2878599 -0.6066971 -0.7409828 -0.6856992 -0.1420046 -0.7138987 0.2878583 -0.2790077 -0.9161291 -0.6856969 -0.2785453 -0.6724823 0.2878617 -0.8440829 -0.4523932 -0.6857008 -0.4043767 -0.6052222 0.287859 -0.6083737 -0.7396072 -0.6857143 -0.5146825 -0.5146825 0.2878561 -0.9529587 -0.09491437 -0.6857008 -0.6052222 -0.4043767 0.2878553 -0.8451019 -0.4504911 -0.6856969 -0.6724823 -0.2785453 -0.6856721 -0.7279105 0 -0.6856992 -0.7138987 -0.1420046 0.2878528 -0.9167526 0.2769576 -0.6856992 -0.7138987 0.1420046 0.2878599 -0.7409828 0.6066971 0.2878552 -0.9531693 -0.09277772 0.2878583 -0.9161291 0.2790077 -0.6856969 -0.6724823 0.2785453 0.2878617 -0.4523932 0.8440829 -0.6857008 -0.6052222 0.4043767 0.287859 -0.7396072 0.6083737 -0.6857035 -0.5147049 0.5146744 0.2878561 -0.09491437 0.9529587 -0.6857008 -0.4043767 0.6052222 0.2878553 -0.4504911 0.8451019 -0.6856969 -0.2785453 0.6724823 0 -0.2436341 0.9698673 -0.6857022 -0.1419746 0.7139018 0.316787 0.8902081 0.3273771 0.6856992 0.7138987 -0.1420046 0.3167906 0.8092201 -0.4947794 0.3167865 0.8609697 -0.3979669 0.5826845 0.7346733 0.3474682 0.3167845 0.9477289 -0.03817892 0.5723612 -0.4884634 -0.6586397 0.3167906 0.4947794 0.8092201 0.5723566 0.4215614 -0.7033449 0.3167873 0.9220709 0.2223309 0.3167907 0.6431339 -0.6971532 0.643988 -0.3434643 0.683602 0.5723587 0.27623 0.7720769 0.3167907 0.6971532 0.6431339 0.5826784 0.7883495 -0.1974612 0.3167869 0.7667892 0.5582836 0.6856992 0.1420046 0.7138987 0.6856992 0.1420046 -0.7138987 0.6856992 0.7138987 0.1420046 0.6856969 0.6724823 -0.2785453 0.6857008 0.6052222 -0.4043767 0.3167869 0.5582836 -0.7667892 0.6857143 0.5146825 -0.5146825 0.6857008 0.4043767 -0.6052222 0.3167873 0.2223309 -0.9220709 0.6856969 0.2785453 -0.6724823 0.7298474 0 0.6836101 0.3167898 -0.1474079 -0.9369714 0.3167845 0.03817892 0.9477289 0 -0.2436341 -0.9698673 0.6856969 0.2785453 0.6724823 0.6857143 0.5146825 0.5146825 0.3167865 0.3979669 0.8609697 0.6857008 0.6052222 0.4043767 0.6856969 0.6724823 0.2785453 0.3167898 0.9369714 -0.1474079 0.6857035 0.727881 0 0.582675 0.5457772 0.6021769 0.5723573 -0.6075765 0.5506887 0.5826753 0.8039101 0.119239 0.572359 -0.819016 -0.04022443 0.5723534 0.1203059 -0.811134 0.5826784 -0.1974612 -0.7883495 0.5723626 -0.7954295 0.1992312 0.5826838 0.4178159 -0.697072 0.5723593 -0.3505755 0.7412838 0.5723566 -0.7033449 -0.4215614 0.5723626 -0.1992312 -0.7954295 0.5826832 0.2737928 0.7651914 0.5723587 -0.7720769 0.27623 0.5826845 -0.3474682 0.7346733 0.5723593 -0.7412838 -0.3505755 0.5723612 -0.6586397 0.4884634 0.6902756 -0.3248122 -0.6465421 0.5723534 -0.811134 -0.1203059 0.5826772 0.8117257 0.03985834 0.572359 -0.04022443 0.819016 0.5826838 0.697072 0.4178159 0.5826753 0.119239 -0.8039101 0.5826724 0.6527749 -0.4841259 0.5826832 0.7651914 -0.2737928 0.2878552 -0.09277772 -0.9531693 -0.6856992 0.1420046 -0.7138987 0.2878599 0.6066971 -0.7409828 -0.6856969 0.2785453 -0.6724823 0.2878583 0.2790077 -0.9161291 -0.6857008 0.4043767 -0.6052222 0.2878617 0.8440829 -0.4523932 -0.6857143 0.5146825 -0.5146825 0.287859 0.6083737 -0.7396072 -0.6857008 0.6052222 -0.4043767 0.2878561 0.9529587 -0.09491437 -0.6856969 0.6724823 -0.2785453 0.2878553 0.8451019 -0.4504911 -0.6857035 0.727881 0 0.2878528 0.9167526 0.2769576 -0.685686 0.7139167 0.1419776 0.2878552 0.9531693 -0.09277772 0.2878599 0.7409828 0.6066971 -0.6856969 0.6724823 0.2785453 0.2878583 0.9161291 0.2790077 -0.6857008 0.6052222 0.4043767 0.2878617 0.4523932 0.8440829 -0.6857143 0.5146825 0.5146825 0.287859 0.7396072 0.6083737 -0.6857008 0.4043767 0.6052222 0.2878561 0.09491437 0.9529587 -0.6856969 0.2785453 0.6724823 0.2878553 0.4504911 0.8451019 -0.6856992 0.1420046 0.7138987 -0.6857035 0 0.727881 0.316787 -0.8902081 0.3273771 0.6856992 -0.7138987 -0.1420046 0.6857035 -0.727881 0 0.3167865 -0.8609697 -0.3979669 0.5826845 -0.7346733 0.3474682 0.5723593 0.3505755 0.7412838 0.3167906 -0.8092201 -0.4947794 0.5723612 0.4884634 -0.6586397 0.3167906 -0.4947794 0.8092201 0.5723566 -0.4215614 -0.7033449 0.5826838 -0.697072 0.4178159 0.3167873 -0.9220709 0.2223309 0.3167865 -0.3979669 0.8609697 0.3167907 -0.6431339 -0.6971532 0.5723612 0.6586397 0.4884634 0.5723587 -0.27623 0.7720769 0.3167845 -0.9477289 -0.03817892 0.3167907 -0.6971532 0.6431339 0.5826784 -0.7883495 -0.1974612 0.3167869 -0.7667892 0.5582836 0.3167845 -0.03817892 0.9477289 0.6856969 -0.2785453 -0.6724823 0.6857035 0 0.727881 0.6856969 -0.6724823 -0.2785453 0.6857008 -0.6052222 -0.4043767 0.3167869 -0.5582836 -0.7667892 0.6857143 -0.5146825 -0.5146825 0.6857008 -0.4043767 -0.6052222 0.3167873 -0.2223309 -0.9220709 0.6856992 -0.1420046 0.7138987 0.6856992 -0.1420046 -0.7138987 0.3167883 0.1474378 -0.9369671 0.6856969 -0.2785453 0.6724823 0.6857143 -0.5146825 0.5146825 0.6857008 -0.4043767 0.6052222 0.6857008 -0.6052222 0.4043767 0.6856969 -0.6724823 0.2785453 0.6856992 -0.7138987 0.1420046 0.3167898 -0.9369714 -0.1474079 0.582675 -0.5457772 0.6021769 0.5826724 -0.6527749 -0.4841259 0.572359 0.819016 -0.04022443 0.5826753 -0.8039101 0.119239 0.5723534 -0.1203059 -0.811134 0.5826784 0.1974612 -0.7883495 0.5723626 0.7954295 0.1992312 0.5826838 -0.4178159 -0.697072 0.5723566 0.7033449 -0.4215614 0.5723626 0.1992312 -0.7954295 0.5826832 -0.2737928 0.7651914 0.5826845 0.3474682 0.7346733 0.5826724 0.4841259 -0.6527749 0.5723534 0.811134 -0.1203059 0.5826772 -0.8117257 0.03985834 0.5826753 -0.119239 -0.8039101 0.5723587 0.7720769 0.27623 0.5723593 0.7412838 -0.3505755 0.5723573 0.6075765 0.5506887 0.5826772 0.03985834 0.8117257 0.572359 0.04022443 0.819016 0.5826832 -0.7651914 -0.2737928 0.6857008 0.4043767 0.6052222 0.5826772 -0.03985834 0.8117257 0.5826724 -0.4841259 -0.6527749 -0.6856992 0.7138987 -0.1420046</float_array>
          <technique_common>
            <accessor source="#Cylinder_051-mesh-normals-array" count="189" stride="3">
              <param name="X" type="float"/>
              <param name="Y" type="float"/>
              <param name="Z" type="float"/>
            </accessor>
          </technique_common>
        </source>
        <source id="Cylinder_051-mesh-map-0">
          <float_array id="Cylinder_051-mesh-map-0-array" count="2268">0.3121201 0.8097136 0.327623 0.9051358 0.327623 0.8097136 0.2974702 0.8097136 0.3121202 0.9051358 0.3121201 0.8097136 0.2842359 0.8097136 0.2974702 0.9051358 0.2974702 0.8097136 0.2729261 0.8097136 0.2842359 0.9051358 0.2842359 0.8097136 0.8175141 0.4574912 0.8304198 0.5529134 0.8304198 0.4574912 0.8030911 0.4574912 0.8175141 0.5529134 0.8175141 0.4574912 0.7877051 0.4574912 0.8030911 0.5529134 0.8030911 0.4574912 0.7877051 0.4574912 0.7719475 0.5529134 0.7877051 0.5529134 0.7719475 0.4574912 0.7564235 0.5529134 0.7719475 0.5529134 0.7417301 0.4574912 0.7564235 0.5529134 0.7564235 0.4574912 0.7284317 0.4574912 0.7417301 0.5529134 0.7417301 0.4574912 0.478822 0.7910323 0.4905311 0.8864544 0.4905311 0.7910323 0.4652794 0.7910323 0.478822 0.8864544 0.478822 0.7910323 0.4504238 0.7910323 0.4652794 0.8864544 0.4652794 0.7910323 0.4348261 0.7910323 0.4504238 0.8864544 0.4504238 0.7910323 0.4190858 0.7910323 0.4348261 0.8864544 0.4348261 0.7910323 0.8909817 0.7303462 0.9198541 0.742353 0.919854 0.5845152 0.7873739 0.9073572 0.8033013 0.8968452 0.7873739 0.8968452 0.1094917 0.9285585 0.09625035 0.9545713 0.111987 0.9545713 0.007532596 0.9855087 0.01917636 0.963107 0.007532596 0.963107 0.4864385 0.9787002 0.4732572 0.9527276 0.4706776 0.9787002 0.7877051 0.4458384 0.7719475 0.4574912 0.7877051 0.4574912 0.9466897 0.9865695 0.9583334 0.9612632 0.9466897 0.9612632 0.8553855 0.9301906 0.8686355 0.9561859 0.8711326 0.9301905 0.928623 0.2262837 0.9418071 0.2523193 0.9443458 0.2262837 0.2754502 0.9462454 0.2886508 0.9202129 0.2729261 0.9202129 0.4348261 0.7910323 0.4190858 0.7793794 0.4190858 0.7910323 0.3153598 0.9860498 0.3037161 0.9613198 0.3037161 0.9860498 0.8994456 0.9301905 0.8861979 0.9561784 0.9019496 0.9561784 0.5894554 0.9524595 0.5762906 0.9784352 0.5920497 0.9784352 0.8300104 0.984259 0.8183666 0.9613716 0.8183666 0.984259 0.03832763 0.9220058 0.05155897 0.948026 0.0540598 0.9220058 0.194141 0.8957752 0.194141 0.7892572 0.1516159 0.8531023 0.7873739 0.8968452 0.8033013 0.8868629 0.7873739 0.8868629 0.7873739 0.8868629 0.8033013 0.8777938 0.7873739 0.8777938 0.7873739 0.8777938 0.8033013 0.8699864 0.7873739 0.8699864 0.6772038 0.2082698 0.6612764 0.217032 0.6772038 0.217032 0.6772038 0.217032 0.6612764 0.2268052 0.6772038 0.2268052 0.7560932 0.2082698 0.7401658 0.2185885 0.7560932 0.2185885 0.6772038 0.2268052 0.6612764 0.2372137 0.6772038 0.2372137 0.7401658 0.2185885 0.7560932 0.2281984 0.7560932 0.2185885 0.6772038 0.2372137 0.6612764 0.2478576 0.6772038 0.2478576 0.7401658 0.2281984 0.7560932 0.2367304 0.7560932 0.2281984 0.7873739 0.9538789 0.8033013 0.9466426 0.7873739 0.9466426 0.7873739 0.9466426 0.8033013 0.9380222 0.7873739 0.9380222 0.7873739 0.9380222 0.8033013 0.928349 0.7873739 0.928349 0.7873739 0.928349 0.8033013 0.9179947 0.7873739 0.9179947 0.7873739 0.9179947 0.8033013 0.9073572 0.7873739 0.9073572 0.187308 0.9789828 0.1741008 0.9530112 0.1715465 0.9789828 0.3481789 0.954709 0.3612947 0.9287009 0.3455553 0.9287009 0.02075672 0.9220058 0.007532596 0.94803 0.02326238 0.94803 0.5587037 0.9524595 0.5454678 0.9784378 0.5612253 0.9784378 0.5290492 0.9732005 0.5158048 0.9472165 0.5132951 0.9732005 0.3037161 0.9202129 0.3169258 0.9462428 0.3194423 0.9202129 0.1872686 0.9379341 0.1741105 0.9118975 0.1715465 0.9379341 0.3763599 0.9287009 0.3894799 0.954701 0.3921043 0.9287009 0.9621887 0.7434729 0.9505448 0.718076 0.9505449 0.7434729 0.7564235 0.4458384 0.7417301 0.4574912 0.7564235 0.4574912 0.70652 0.956591 0.6948763 0.9825637 0.70652 0.9825637 0.7560932 0.2281984 0.767737 0.2185885 0.7560932 0.2185885 0.2845699 0.9846667 0.2729261 0.9613224 0.2729261 0.9846667 0.9819093 0.5623064 0.9702656 0.5364379 0.9702656 0.5623064 0.357199 0.9902549 0.3455553 0.9697861 0.3455553 0.9902549 0.3121201 0.7980608 0.2974702 0.8097136 0.3121201 0.8097136 0.6681672 0.9825867 0.679811 0.956591 0.6681672 0.956591 0.7873739 0.9466426 0.7757301 0.9538789 0.7873739 0.9538789 0.8454851 0.4719537 0.8571289 0.4458384 0.8571289 0.4719537 0.7873739 0.928349 0.7757301 0.9380222 0.7873739 0.9380222 0.4905311 0.7910323 0.478822 0.7793794 0.478822 0.7910323 0.7873739 0.9073572 0.7757301 0.9179947 0.7873739 0.9179947 0.1235191 0.9696483 0.1351629 0.9907073 0.1351629 0.9696483 0.2842359 0.7980608 0.2729261 0.8097136 0.2842359 0.8097136 0.7757301 0.9538789 0.7873739 0.9747181 0.7873739 0.9538789 0.7873739 0.8868629 0.7757301 0.8968452 0.7873739 0.8968452 0.0499714 0.9858942 0.03832763 0.9631031 0.03832763 0.9858942 0.7757301 0.8504065 0.7873739 0.8699864 0.7873739 0.8504065 0.7873739 0.8699864 0.7757301 0.8777938 0.7873739 0.8777938 0.4652794 0.7793794 0.4504238 0.7910323 0.4652794 0.7910323 0.6888476 0.2268052 0.6772038 0.217032 0.6772038 0.2268052 0.9733988 0.9612632 0.9850425 0.9864097 0.9850425 0.9612632 0.8175141 0.4574912 0.8030911 0.4458384 0.8030911 0.4574912 0.6888476 0.2478576 0.6772038 0.2372137 0.6772038 0.2478576 0.327623 0.9051358 0.3121201 0.8097136 0.327623 0.8097136 0.3121202 0.9051358 0.2974702 0.8097136 0.3121201 0.8097136 0.2974702 0.9051358 0.2842359 0.8097136 0.2974702 0.8097136 0.2842359 0.9051358 0.2729261 0.8097136 0.2842359 0.8097136 0.8304198 0.5529134 0.8175141 0.4574912 0.8304198 0.4574912 0.8175141 0.5529134 0.8030911 0.4574912 0.8175141 0.4574912 0.8030911 0.5529134 0.7877051 0.4574912 0.8030911 0.4574912 0.7877051 0.4574912 0.7719475 0.5529134 0.7719475 0.4574912 0.7719475 0.4574912 0.7564235 0.5529134 0.7564235 0.4574912 0.7564235 0.5529134 0.7417301 0.4574912 0.7564235 0.4574912 0.7417301 0.5529134 0.7284317 0.4574912 0.7417301 0.4574912 0.4905311 0.8864544 0.478822 0.7910323 0.4905311 0.7910323 0.478822 0.8864544 0.4652794 0.7910323 0.478822 0.7910323 0.4652794 0.8864544 0.4504238 0.7910323 0.4652794 0.7910323 0.4504238 0.8864544 0.4348261 0.7910323 0.4504238 0.7910323 0.4348261 0.8864544 0.4190858 0.7910323 0.4348261 0.7910323 0.9354796 0.7438948 0.8553855 0.6634517 0.8788445 0.606548 0.7873739 0.9073572 0.8033013 0.8968452 0.8033013 0.9073572 0.09625035 0.9545713 0.1094917 0.9285585 0.111987 0.9545713 0.007532596 0.9855087 0.01917636 0.963107 0.01917636 0.9855087 0.4864385 0.9787002 0.4732572 0.9527276 0.4838936 0.9527277 0.7719475 0.4574912 0.7877051 0.4458384 0.7877051 0.4574912 0.9466897 0.9865695 0.9583334 0.9612632 0.9583334 0.9865695 0.8553855 0.9301906 0.8686355 0.9561859 0.8580085 0.9561859 0.928623 0.2262837 0.9418071 0.2523193 0.9311965 0.2523193 0.2886508 0.9202129 0.2754502 0.9462454 0.2729261 0.9202129 0.4348261 0.7910323 0.4190858 0.7793794 0.4348261 0.7793794 0.3037161 0.9613198 0.3153598 0.9860498 0.3037161 0.9860498 0.8861979 0.9561784 0.8994456 0.9301905 0.9019496 0.9561784 0.5762906 0.9784352 0.5894554 0.9524595 0.5920497 0.9784352 0.8183666 0.9613716 0.8300104 0.984259 0.8183666 0.984259 0.03832763 0.9220058 0.05155897 0.948026 0.04094207 0.948026 0.1839876 0.7923454 0.2047001 0.8968205 0.1505759 0.8425082 0.7873739 0.8968452 0.8033013 0.8868629 0.8033013 0.8968452 0.7873739 0.8868629 0.8033013 0.8777938 0.8033013 0.8868629 0.7873739 0.8777938 0.8033013 0.8699864 0.8033013 0.8777938 0.6772038 0.2082698 0.6612764 0.217032 0.6612764 0.2082698 0.6772038 0.217032 0.6612764 0.2268052 0.6612764 0.217032 0.7560932 0.2082698 0.7401658 0.2185885 0.7401658 0.2082699 0.6772038 0.2268052 0.6612764 0.2372137 0.6612764 0.2268052 0.7560932 0.2281984 0.7401658 0.2185885 0.7560932 0.2185885 0.6772038 0.2372137 0.6612764 0.2478576 0.6612764 0.2372137 0.7560932 0.2367304 0.7401658 0.2281984 0.7560932 0.2281984 0.7873739 0.9538789 0.8033013 0.9466426 0.8033013 0.9538789 0.7873739 0.9466426 0.8033013 0.9380222 0.8033013 0.9466426 0.7873739 0.9380222 0.8033013 0.928349 0.8033013 0.9380222 0.7873739 0.928349 0.8033013 0.9179947 0.8033013 0.928349 0.7873739 0.9179947 0.8033013 0.9073572 0.8033013 0.9179947 0.187308 0.9789828 0.1741008 0.9530112 0.1847376 0.9530112 0.3612947 0.9287009 0.3481789 0.954709 0.3455553 0.9287009 0.007532596 0.94803 0.02075672 0.9220058 0.02326238 0.94803 0.5454678 0.9784378 0.5587037 0.9524595 0.5612253 0.9784378 0.5290492 0.9732005 0.5158048 0.9472165 0.5264365 0.9472165 0.3037161 0.9202129 0.3169258 0.9462428 0.3063129 0.9462428 0.1872686 0.9379341 0.1741105 0.9118975 0.1847208 0.9118975 0.3763599 0.9287009 0.3894799 0.954701 0.3788548 0.954701 0.9505448 0.718076 0.9621887 0.7434729 0.9505449 0.7434729 0.7417301 0.4574912 0.7564235 0.4458384 0.7564235 0.4574912 0.70652 0.956591 0.6948763 0.9825637 0.6948763 0.956591 0.7560932 0.2281984 0.767737 0.2185885 0.767737 0.2281984 0.2729261 0.9613224 0.2845699 0.9846667 0.2729261 0.9846667 0.9702656 0.5364379 0.9819093 0.5623064 0.9702656 0.5623064 0.3455553 0.9697861 0.357199 0.9902549 0.3455553 0.9902549 0.2974702 0.8097136 0.3121201 0.7980608 0.3121201 0.8097136 0.6681672 0.9825867 0.679811 0.956591 0.679811 0.9825867 0.7873739 0.9466426 0.7757301 0.9538789 0.7757301 0.9466426 0.7873739 0.928349 0.7757301 0.9380222 0.7757301 0.928349 0.4905311 0.7910323 0.478822 0.7793794 0.4905311 0.7793794 0.7873739 0.9073572 0.7757301 0.9179947 0.7757301 0.9073572 0.1351629 0.9907073 0.1235191 0.9696483 0.1351629 0.9696483 0.2729261 0.8097136 0.2842359 0.7980608 0.2842359 0.8097136 0.7873739 0.9747181 0.7757301 0.9538789 0.7873739 0.9538789 0.7873739 0.8868629 0.7757301 0.8968452 0.7757301 0.8868629 0.03832763 0.9631031 0.0499714 0.9858942 0.03832763 0.9858942 0.7873739 0.8699864 0.7757301 0.8504065 0.7873739 0.8504065 0.7873739 0.8699864 0.7757301 0.8777938 0.7757301 0.8699864 0.4504238 0.7910323 0.4652794 0.7793794 0.4652794 0.7910323 0.6772038 0.217032 0.6888476 0.2268052 0.6772038 0.2268052 0.9850425 0.9864097 0.9733988 0.9612632 0.9850425 0.9612632 0.8175141 0.4574912 0.8030911 0.4458384 0.8175141 0.4458384 0.6772038 0.2372137 0.6888476 0.2478576 0.6772038 0.2478576 0.3121201 0.8097136 0.3121202 0.9051358 0.327623 0.9051358 0.2974702 0.8097136 0.2974702 0.9051358 0.3121202 0.9051358 0.2842359 0.8097136 0.2842359 0.9051358 0.2974702 0.9051358 0.2729261 0.8097136 0.2729261 0.9051358 0.2842359 0.9051358 0.8175141 0.4574912 0.8175141 0.5529134 0.8304198 0.5529134 0.8030911 0.4574912 0.8030911 0.5529134 0.8175141 0.5529134 0.7877051 0.4574912 0.7877051 0.5529134 0.8030911 0.5529134 0.7877051 0.4574912 0.7719475 0.4574912 0.7719475 0.5529134 0.7719475 0.4574912 0.7564235 0.4574912 0.7564235 0.5529134 0.7417301 0.4574912 0.7417301 0.5529134 0.7564235 0.5529134 0.7284317 0.4574912 0.7284317 0.5529134 0.7417301 0.5529134 0.478822 0.7910323 0.478822 0.8864544 0.4905311 0.8864544 0.4652794 0.7910323 0.4652794 0.8864544 0.478822 0.8864544 0.4504238 0.7910323 0.4504238 0.8864544 0.4652794 0.8864544 0.4348261 0.7910323 0.4348261 0.8864544 0.4504238 0.8864544 0.4190858 0.7910323 0.4190859 0.8864544 0.4348261 0.8864544 0.9354796 0.7438948 0.9354796 0.5829648 0.919854 0.5845152 0.919854 0.5845152 0.9048289 0.5890982 0.8909817 0.5965378 0.8909817 0.5965378 0.8788445 0.606548 0.919854 0.5845152 0.8788445 0.606548 0.8688837 0.6187441 0.919854 0.5845152 0.8688837 0.6187441 0.8614823 0.6326575 0.8569245 0.6477534 0.8569245 0.6477534 0.8553855 0.6634517 0.8569245 0.6791493 0.8569245 0.6791493 0.8614823 0.6942427 0.8688838 0.708152 0.8688838 0.708152 0.8788445 0.7203426 0.8909817 0.7303462 0.8909817 0.7303462 0.904829 0.7377781 0.9198541 0.742353 0.9198541 0.742353 0.9354796 0.7438948 0.919854 0.5845152 0.8688837 0.6187441 0.8569245 0.6477534 0.919854 0.5845152 0.8569245 0.6477534 0.8569245 0.6791493 0.919854 0.5845152 0.8569245 0.6791493 0.8688838 0.708152 0.919854 0.5845152 0.8688838 0.708152 0.8909817 0.7303462 0.919854 0.5845152 0.7873739 0.9073572 0.8033013 0.9073572 0.8033013 0.8968452 0.1094917 0.9285585 0.0988717 0.9285585 0.09625035 0.9545713 0.007532596 0.9855087 0.01917636 0.9855087 0.01917636 0.963107 0.4864385 0.9787002 0.4838936 0.9527277 0.4732572 0.9527276 0.7877051 0.4458384 0.7719475 0.4458384 0.7719475 0.4574912 0.9466897 0.9865695 0.9583334 0.9865695 0.9583334 0.9612632 0.8553855 0.9301906 0.8580085 0.9561859 0.8686355 0.9561859 0.928623 0.2262837 0.9311965 0.2523193 0.9418071 0.2523193 0.2754502 0.9462454 0.2860621 0.9462454 0.2886508 0.9202129 0.4348261 0.7910323 0.4348261 0.7793794 0.4190858 0.7793794 0.3153598 0.9860498 0.3153598 0.9613198 0.3037161 0.9613198 0.8994456 0.9301905 0.8888155 0.9301905 0.8861979 0.9561784 0.5894554 0.9524595 0.5788203 0.9524595 0.5762906 0.9784352 0.8300104 0.984259 0.8300104 0.9613716 0.8183666 0.9613716 0.03832763 0.9220058 0.04094207 0.948026 0.05155897 0.948026 0.2047001 0.8968205 0.2047001 0.7882157 0.194141 0.7892572 0.194141 0.7892572 0.1839876 0.7923454 0.1746303 0.7973618 0.1746303 0.7973618 0.1664285 0.8041135 0.194141 0.7892572 0.1664285 0.8041135 0.1596974 0.8123411 0.194141 0.7892572 0.1596974 0.8123411 0.1546958 0.8217284 0.1516159 0.8319146 0.1516159 0.8319146 0.1505759 0.8425082 0.1516159 0.8531023 0.1516159 0.8531023 0.1546958 0.8632896 0.1596974 0.8726787 0.1596974 0.8726787 0.1664285 0.8809087 0.1746303 0.8876634 0.1746303 0.8876634 0.1839876 0.8926832 0.194141 0.8957752 0.194141 0.8957752 0.2047001 0.8968205 0.194141 0.7892572 0.1596974 0.8123411 0.1516159 0.8319146 0.194141 0.7892572 0.1516159 0.8319146 0.1516159 0.8531023 0.194141 0.7892572 0.1516159 0.8531023 0.1596974 0.8726787 0.1746303 0.8876634 0.1746303 0.8876634 0.194141 0.8957752 0.1516159 0.8531023 0.7873739 0.8968452 0.8033013 0.8968452 0.8033013 0.8868629 0.7873739 0.8868629 0.8033013 0.8868629 0.8033013 0.8777938 0.7873739 0.8777938 0.8033013 0.8777938 0.8033013 0.8699864 0.6772038 0.2082698 0.6612764 0.2082698 0.6612764 0.217032 0.6772038 0.217032 0.6612764 0.217032 0.6612764 0.2268052 0.7560932 0.2082698 0.7401658 0.2082699 0.7401658 0.2185885 0.6772038 0.2268052 0.6612764 0.2268052 0.6612764 0.2372137 0.7401658 0.2185885 0.7401658 0.2281984 0.7560932 0.2281984 0.6772038 0.2372137 0.6612764 0.2372137 0.6612764 0.2478576 0.7401658 0.2281984 0.7401658 0.2367304 0.7560932 0.2367304 0.7873739 0.9538789 0.8033013 0.9538789 0.8033013 0.9466426 0.7873739 0.9466426 0.8033013 0.9466426 0.8033013 0.9380222 0.7873739 0.9380222 0.8033013 0.9380222 0.8033013 0.928349 0.7873739 0.928349 0.8033013 0.928349 0.8033013 0.9179947 0.7873739 0.9179947 0.8033013 0.9179947 0.8033013 0.9073572 0.187308 0.9789828 0.1847376 0.9530112 0.1741008 0.9530112 0.3481789 0.954709 0.3588007 0.954709 0.3612947 0.9287009 0.02075672 0.9220058 0.01014137 0.9220058 0.007532596 0.94803 0.5587037 0.9524595 0.5480696 0.9524595 0.5454678 0.9784378 0.5290492 0.9732005 0.5264365 0.9472165 0.5158048 0.9472165 0.3037161 0.9202129 0.3063129 0.9462428 0.3169258 0.9462428 0.1872686 0.9379341 0.1847208 0.9118975 0.1741105 0.9118975 0.3763599 0.9287009 0.3788548 0.954701 0.3894799 0.954701 0.9621887 0.7434729 0.9621887 0.718076 0.9505448 0.718076 0.7564235 0.4458384 0.7417301 0.4458384 0.7417301 0.4574912 0.70652 0.956591 0.6948763 0.956591 0.6948763 0.9825637 0.7560932 0.2281984 0.767737 0.2281984 0.767737 0.2185885 0.2845699 0.9846667 0.2845699 0.9613224 0.2729261 0.9613224 0.9819093 0.5623064 0.9819093 0.5364379 0.9702656 0.5364379 0.357199 0.9902549 0.357199 0.9697861 0.3455553 0.9697861 0.3121201 0.7980608 0.2974702 0.7980608 0.2974702 0.8097136 0.6681672 0.9825867 0.679811 0.9825867 0.679811 0.956591 0.7873739 0.9466426 0.7757301 0.9466426 0.7757301 0.9538789 0.8454851 0.4719537 0.8454851 0.4458384 0.8571289 0.4458384 0.7873739 0.928349 0.7757301 0.928349 0.7757301 0.9380222 0.4905311 0.7910323 0.4905311 0.7793794 0.478822 0.7793794 0.7873739 0.9073572 0.7757301 0.9073572 0.7757301 0.9179947 0.1235191 0.9696483 0.1235191 0.9907073 0.1351629 0.9907073 0.2842359 0.7980608 0.2729261 0.7980608 0.2729261 0.8097136 0.7757301 0.9538789 0.7757301 0.9747181 0.7873739 0.9747181 0.7873739 0.8868629 0.7757301 0.8868629 0.7757301 0.8968452 0.0499714 0.9858942 0.0499714 0.9631031 0.03832763 0.9631031 0.7757301 0.8504065 0.7757301 0.8699864 0.7873739 0.8699864 0.7873739 0.8699864 0.7757301 0.8699864 0.7757301 0.8777938 0.4652794 0.7793794 0.4504238 0.7793794 0.4504238 0.7910323 0.6888476 0.2268052 0.6888476 0.217032 0.6772038 0.217032 0.9733988 0.9612632 0.9733988 0.9864097 0.9850425 0.9864097 0.8175141 0.4574912 0.8175141 0.4458384 0.8030911 0.4458384 0.6888476 0.2478576 0.6888476 0.2372137 0.6772038 0.2372137 0.327623 0.9051358 0.3121202 0.9051358 0.3121201 0.8097136 0.3121202 0.9051358 0.2974702 0.9051358 0.2974702 0.8097136 0.2974702 0.9051358 0.2842359 0.9051358 0.2842359 0.8097136 0.2842359 0.9051358 0.2729261 0.9051358 0.2729261 0.8097136 0.8304198 0.5529134 0.8175141 0.5529134 0.8175141 0.4574912 0.8175141 0.5529134 0.8030911 0.5529134 0.8030911 0.4574912 0.8030911 0.5529134 0.7877051 0.5529134 0.7877051 0.4574912 0.7877051 0.4574912 0.7877051 0.5529134 0.7719475 0.5529134 0.7719475 0.4574912 0.7719475 0.5529134 0.7564235 0.5529134 0.7564235 0.5529134 0.7417301 0.5529134 0.7417301 0.4574912 0.7417301 0.5529134 0.7284317 0.5529134 0.7284317 0.4574912 0.4905311 0.8864544 0.478822 0.8864544 0.478822 0.7910323 0.478822 0.8864544 0.4652794 0.8864544 0.4652794 0.7910323 0.4652794 0.8864544 0.4504238 0.8864544 0.4504238 0.7910323 0.4504238 0.8864544 0.4348261 0.8864544 0.4348261 0.7910323 0.4348261 0.8864544 0.4190859 0.8864544 0.4190858 0.7910323 0.919854 0.5845152 0.9354796 0.5829648 0.9354796 0.7438948 0.9354796 0.7438948 0.9198541 0.742353 0.8788445 0.7203426 0.9198541 0.742353 0.904829 0.7377781 0.8788445 0.7203426 0.904829 0.7377781 0.8909817 0.7303462 0.8788445 0.7203426 0.8788445 0.7203426 0.8688838 0.708152 0.8614823 0.6942427 0.8614823 0.6942427 0.8569245 0.6791493 0.8553855 0.6634517 0.8553855 0.6634517 0.8569245 0.6477534 0.8788445 0.606548 0.8569245 0.6477534 0.8614823 0.6326575 0.8788445 0.606548 0.8614823 0.6326575 0.8688837 0.6187441 0.8788445 0.606548 0.8788445 0.606548 0.8909817 0.5965378 0.9048289 0.5890982 0.9048289 0.5890982 0.919854 0.5845152 0.8788445 0.606548 0.919854 0.5845152 0.9354796 0.7438948 0.8788445 0.606548 0.8788445 0.7203426 0.8614823 0.6942427 0.9354796 0.7438948 0.8614823 0.6942427 0.8553855 0.6634517 0.9354796 0.7438948 0.7873739 0.9073572 0.7873739 0.8968452 0.8033013 0.8968452 0.09625035 0.9545713 0.0988717 0.9285585 0.1094917 0.9285585 0.007532596 0.9855087 0.007532596 0.963107 0.01917636 0.963107 0.4864385 0.9787002 0.4706776 0.9787002 0.4732572 0.9527276 0.7719475 0.4574912 0.7719475 0.4458384 0.7877051 0.4458384 0.9466897 0.9865695 0.9466897 0.9612632 0.9583334 0.9612632 0.8553855 0.9301906 0.8711326 0.9301905 0.8686355 0.9561859 0.928623 0.2262837 0.9443458 0.2262837 0.9418071 0.2523193 0.2886508 0.9202129 0.2860621 0.9462454 0.2754502 0.9462454 0.4348261 0.7910323 0.4190858 0.7910323 0.4190858 0.7793794 0.3037161 0.9613198 0.3153598 0.9613198 0.3153598 0.9860498 0.8861979 0.9561784 0.8888155 0.9301905 0.8994456 0.9301905 0.5762906 0.9784352 0.5788203 0.9524595 0.5894554 0.9524595 0.8183666 0.9613716 0.8300104 0.9613716 0.8300104 0.984259 0.03832763 0.9220058 0.0540598 0.9220058 0.05155897 0.948026 0.194141 0.7892572 0.2047001 0.7882157 0.2047001 0.8968205 0.2047001 0.8968205 0.194141 0.8957752 0.1839876 0.8926832 0.1839876 0.8926832 0.1746303 0.8876634 0.1664285 0.8809087 0.1664285 0.8809087 0.1596974 0.8726787 0.1546958 0.8632896 0.1546958 0.8632896 0.1516159 0.8531023 0.1664285 0.8809087 0.1516159 0.8531023 0.1505759 0.8425082 0.1664285 0.8809087 0.1505759 0.8425082 0.1516159 0.8319146 0.1664285 0.8041135 0.1516159 0.8319146 0.1546958 0.8217284 0.1664285 0.8041135 0.1546958 0.8217284 0.1596974 0.8123411 0.1664285 0.8041135 0.1664285 0.8041135 0.1746303 0.7973618 0.1839876 0.7923454 0.1839876 0.7923454 0.194141 0.7892572 0.2047001 0.8968205 0.2047001 0.8968205 0.1839876 0.8926832 0.1505759 0.8425082 0.1839876 0.8926832 0.1664285 0.8809087 0.1505759 0.8425082 0.1664285 0.8041135 0.1839876 0.7923454 0.1505759 0.8425082 0.7873739 0.8968452 0.7873739 0.8868629 0.8033013 0.8868629 0.7873739 0.8868629 0.7873739 0.8777938 0.8033013 0.8777938 0.7873739 0.8777938 0.7873739 0.8699864 0.8033013 0.8699864 0.6772038 0.2082698 0.6772038 0.217032 0.6612764 0.217032 0.6772038 0.217032 0.6772038 0.2268052 0.6612764 0.2268052 0.7560932 0.2082698 0.7560932 0.2185885 0.7401658 0.2185885 0.6772038 0.2268052 0.6772038 0.2372137 0.6612764 0.2372137 0.7560932 0.2281984 0.7401658 0.2281984 0.7401658 0.2185885 0.6772038 0.2372137 0.6772038 0.2478576 0.6612764 0.2478576 0.7560932 0.2367304 0.7401658 0.2367304 0.7401658 0.2281984 0.7873739 0.9538789 0.7873739 0.9466426 0.8033013 0.9466426 0.7873739 0.9466426 0.7873739 0.9380222 0.8033013 0.9380222 0.7873739 0.9380222 0.7873739 0.928349 0.8033013 0.928349 0.7873739 0.928349 0.7873739 0.9179947 0.8033013 0.9179947 0.7873739 0.9179947 0.7873739 0.9073572 0.8033013 0.9073572 0.187308 0.9789828 0.1715465 0.9789828 0.1741008 0.9530112 0.3612947 0.9287009 0.3588007 0.954709 0.3481789 0.954709 0.007532596 0.94803 0.01014137 0.9220058 0.02075672 0.9220058 0.5454678 0.9784378 0.5480696 0.9524595 0.5587037 0.9524595 0.5290492 0.9732005 0.5132951 0.9732005 0.5158048 0.9472165 0.3037161 0.9202129 0.3194423 0.9202129 0.3169258 0.9462428 0.1872686 0.9379341 0.1715465 0.9379341 0.1741105 0.9118975 0.3763599 0.9287009 0.3921043 0.9287009 0.3894799 0.954701 0.9505448 0.718076 0.9621887 0.718076 0.9621887 0.7434729 0.7417301 0.4574912 0.7417301 0.4458384 0.7564235 0.4458384 0.70652 0.956591 0.70652 0.9825637 0.6948763 0.9825637 0.7560932 0.2281984 0.7560932 0.2185885 0.767737 0.2185885 0.2729261 0.9613224 0.2845699 0.9613224 0.2845699 0.9846667 0.9702656 0.5364379 0.9819093 0.5364379 0.9819093 0.5623064 0.3455553 0.9697861 0.357199 0.9697861 0.357199 0.9902549 0.2974702 0.8097136 0.2974702 0.7980608 0.3121201 0.7980608 0.6681672 0.9825867 0.6681672 0.956591 0.679811 0.956591 0.7873739 0.9466426 0.7873739 0.9538789 0.7757301 0.9538789 0.7873739 0.928349 0.7873739 0.9380222 0.7757301 0.9380222 0.4905311 0.7910323 0.478822 0.7910323 0.478822 0.7793794 0.7873739 0.9073572 0.7873739 0.9179947 0.7757301 0.9179947 0.1351629 0.9907073 0.1235191 0.9907073 0.1235191 0.9696483 0.2729261 0.8097136 0.2729261 0.7980608 0.2842359 0.7980608 0.7873739 0.9747181 0.7757301 0.9747181 0.7757301 0.9538789 0.7873739 0.8868629 0.7873739 0.8968452 0.7757301 0.8968452 0.03832763 0.9631031 0.0499714 0.9631031 0.0499714 0.9858942 0.7873739 0.8699864 0.7757301 0.8699864 0.7757301 0.8504065 0.7873739 0.8699864 0.7873739 0.8777938 0.7757301 0.8777938 0.4504238 0.7910323 0.4504238 0.7793794 0.4652794 0.7793794 0.6772038 0.217032 0.6888476 0.217032 0.6888476 0.2268052 0.9850425 0.9864097 0.9733988 0.9864097 0.9733988 0.9612632 0.8175141 0.4574912 0.8030911 0.4574912 0.8030911 0.4458384 0.6772038 0.2372137 0.6888476 0.2372137 0.6888476 0.2478576</float_array>
          <technique_common>
            <accessor source="#Cylinder_051-mesh-map-0-array" count="1134" stride="2">
              <param name="S" type="float"/>
              <param name="T" type="float"/>
            </accessor>
          </technique_common>
        </source>
        <vertices id="Cylinder_051-mesh-vertices">
          <input semantic="POSITION" source="#Cylinder_051-mesh-positions"/>
        </vertices>
        <triangles material="Material_001-material" count="378">
          <input semantic="VERTEX" source="#Cylinder_051-mesh-vertices" offset="0"/>
          <input semantic="NORMAL" source="#Cylinder_051-mesh-normals" offset="1"/>
          <input semantic="TEXCOORD" source="#Cylinder_051-mesh-map-0" offset="2" set="0"/>
          <p>2 0 0 1 1 1 0 2 2 4 3 3 3 4 4 2 0 5 6 5 6 5 6 7 4 3 8 8 7 9 7 8 10 6 5 11 10 9 12 9 10 13 8 7 14 12 11 15 11 12 16 10 9 17 14 13 18 13 14 19 12 11 20 14 13 21 17 15 22 15 16 23 16 17 24 19 18 25 17 15 26 20 19 27 19 18 28 18 20 29 22 21 30 21 22 31 20 19 32 24 23 33 23 24 34 22 21 35 26 25 36 25 26 37 24 23 38 28 27 39 27 28 40 26 25 41 30 29 42 29 30 43 28 27 44 32 31 45 31 32 46 30 29 47 27 28 48 31 32 49 3 4 50 42 33 51 60 34 52 43 35 53 46 36 54 26 25 55 24 23 56 20 19 57 93 37 58 44 38 59 16 17 60 43 35 61 18 20 62 74 39 63 16 17 64 14 13 65 35 40 66 68 41 67 2 0 68 8 7 69 39 42 70 10 9 71 0 2 72 35 40 73 2 0 74 48 43 75 30 29 76 28 27 77 30 29 78 83 44 79 32 31 80 81 45 81 48 43 82 28 27 83 44 38 84 22 21 85 20 19 86 40 46 87 14 13 88 12 11 89 88 47 90 10 9 91 39 42 92 4 3 93 37 48 94 6 5 95 52 49 96 66 50 97 58 51 98 43 35 99 61 52 100 44 38 101 44 38 102 62 53 103 45 54 104 45 54 105 63 55 106 46 36 107 46 36 108 64 56 109 47 57 110 47 57 111 65 58 112 48 43 113 34 59 114 52 49 115 35 40 116 48 43 117 66 50 118 49 60 119 52 49 120 36 61 121 35 40 122 49 60 123 67 2 124 50 62 125 53 63 126 37 48 127 36 61 128 37 48 129 55 64 130 38 65 131 38 65 132 56 66 133 39 42 134 39 42 135 57 67 136 40 46 137 40 46 138 58 51 139 41 68 140 41 68 141 59 69 142 42 33 143 74 39 144 91 70 145 75 71 146 86 72 147 71 73 148 70 74 149 96 75 150 81 45 151 80 76 152 92 77 153 77 78 154 76 79 155 72 80 156 89 81 157 73 82 158 68 41 159 85 83 160 69 84 161 82 85 162 99 86 163 83 44 164 78 87 165 95 88 166 79 89 167 73 82 168 40 46 169 12 11 170 76 79 171 20 19 172 18 20 173 49 60 174 82 85 175 30 29 176 36 61 177 84 90 178 35 40 179 69 84 180 36 61 181 4 3 182 75 71 183 42 33 184 16 17 185 94 91 186 22 21 187 45 54 188 68 41 189 4 3 190 2 0 191 41 68 192 74 39 193 14 13 194 38 65 195 86 72 196 37 48 197 32 31 198 99 86 199 83 44 200 40 46 201 88 47 202 39 42 203 22 21 204 79 89 205 24 23 206 42 33 207 90 92 208 41 68 209 71 73 210 38 65 211 8 7 212 70 74 213 8 7 214 6 5 215 86 72 216 6 5 217 37 48 218 44 38 219 92 77 220 43 35 221 96 75 222 26 25 223 47 57 224 79 89 225 46 36 226 24 23 227 46 36 228 94 91 229 45 54 230 80 76 231 28 27 232 26 25 233 97 93 234 47 57 235 48 43 236 92 77 237 18 20 238 43 35 239 10 9 240 73 82 241 12 11 242 99 86 243 49 60 244 50 62 245 1 1 246 100 94 247 0 2 248 101 95 249 102 96 250 100 94 251 103 97 252 104 98 253 102 96 254 105 99 255 106 100 256 104 98 257 107 101 258 108 102 259 106 100 260 109 103 261 110 104 262 108 102 263 111 105 264 112 106 265 110 104 266 112 106 267 115 107 268 114 108 269 114 108 270 117 109 271 116 110 272 117 109 273 118 111 274 116 110 275 119 112 276 120 113 277 118 111 278 121 114 279 122 115 280 120 113 281 123 116 282 124 117 283 122 115 284 125 118 285 126 119 286 124 117 287 127 120 288 128 121 289 126 119 290 129 122 291 32 31 292 128 121 293 33 123 294 115 107 295 107 101 296 137 124 297 153 125 298 152 126 299 124 117 300 141 127 301 122 115 302 118 111 303 184 128 304 169 129 305 114 108 306 138 130 307 137 124 308 114 108 309 166 131 310 112 106 311 130 132 312 160 133 313 175 134 314 106 100 315 134 135 316 133 136 317 0 2 318 130 132 319 34 59 320 128 121 321 143 137 322 126 119 323 128 121 324 83 44 325 174 138 326 143 137 327 173 139 328 126 119 329 120 113 330 139 140 331 118 111 332 112 106 333 135 141 334 110 104 335 108 102 336 179 142 337 134 135 338 102 96 339 132 143 340 131 144 341 158 145 342 51 146 343 152 126 344 138 130 345 154 147 346 153 125 347 139 140 348 155 148 349 154 147 350 140 149 351 156 150 352 155 148 353 141 127 354 157 151 355 156 150 356 142 152 357 158 145 358 157 151 359 34 59 360 145 153 361 51 146 362 143 137 363 159 154 364 158 145 365 131 144 366 145 153 367 130 132 368 144 155 369 67 2 370 159 154 371 132 143 372 146 156 373 131 144 374 132 143 375 148 157 376 147 158 377 133 136 378 149 159 379 148 157 380 134 135 381 150 160 382 149 159 383 135 141 384 151 161 385 150 160 386 136 162 387 152 126 388 151 161 389 166 131 390 182 163 391 181 164 392 163 165 393 177 166 394 162 167 395 173 139 396 187 168 397 172 169 398 169 129 399 183 170 400 168 171 401 164 172 402 180 173 403 179 142 404 160 133 405 176 174 406 175 134 407 174 138 408 99 86 409 189 175 410 170 176 411 186 177 412 185 178 413 135 141 414 165 179 415 110 104 416 118 111 417 168 171 418 116 110 419 144 155 420 174 138 421 189 175 422 131 144 423 175 134 424 176 174 425 131 144 426 161 180 427 102 96 428 137 124 429 167 181 430 114 108 431 120 113 432 185 178 433 140 149 434 102 96 435 160 133 436 100 94 437 136 162 438 166 131 439 181 164 440 133 136 441 177 166 442 178 182 443 135 141 444 179 142 445 180 173 446 120 113 447 171 183 448 170 176 449 137 124 450 181 164 451 182 163 452 133 136 453 163 165 454 106 100 455 106 100 456 162 167 457 104 98 458 104 98 459 177 166 460 132 143 461 139 140 462 183 170 463 184 128 464 124 117 465 187 168 466 142 152 467 141 127 468 171 183 469 122 115 470 141 127 471 185 178 472 186 177 473 126 119 474 172 169 475 124 117 476 142 152 477 188 184 478 143 137 479 116 110 480 183 170 481 138 130 482 108 102 483 165 179 484 164 172 485 144 155 486 99 86 487 50 62 488 2 0 489 3 4 490 1 1 491 4 3 492 5 6 493 3 4 494 6 5 495 7 8 496 5 6 497 8 7 498 9 10 499 7 8 500 10 9 501 11 12 502 9 10 503 12 11 504 13 14 505 11 12 506 14 13 507 15 16 508 13 14 509 14 13 510 16 17 511 17 15 512 16 17 513 18 20 514 19 18 515 20 19 516 21 22 517 19 18 518 22 21 519 23 24 520 21 22 521 24 23 522 25 26 523 23 24 524 26 25 525 27 28 526 25 26 527 28 27 528 29 30 529 27 28 530 30 29 531 31 32 532 29 30 533 32 31 534 33 123 535 31 32 536 33 123 537 1 1 538 3 4 539 3 4 540 5 6 541 7 8 542 7 8 543 9 10 544 3 4 545 9 10 546 11 12 547 3 4 548 11 12 549 13 14 550 15 16 551 15 16 552 17 15 553 19 18 554 19 18 555 21 22 556 23 24 557 23 24 558 25 26 559 27 28 560 27 28 561 29 30 562 31 32 563 31 32 564 33 123 565 3 4 566 11 12 567 15 16 568 3 4 569 15 16 570 19 18 571 3 4 572 19 18 573 23 24 574 3 4 575 23 24 576 27 28 577 3 4 578 42 33 579 59 69 580 60 34 581 46 36 582 47 57 583 26 25 584 20 19 585 77 78 586 93 37 587 16 17 588 42 33 589 43 35 590 74 39 591 75 71 592 16 17 593 35 40 594 84 90 595 68 41 596 8 7 597 38 65 598 39 42 599 0 2 600 34 59 601 35 40 602 48 43 603 49 60 604 30 29 605 30 29 606 82 85 607 83 44 608 81 45 609 97 93 610 48 43 611 44 38 612 45 54 613 22 21 614 40 46 615 41 68 616 14 13 617 88 47 618 72 80 619 10 9 620 4 3 621 36 61 622 37 48 623 51 146 624 67 2 625 66 50 626 66 50 627 65 58 628 64 56 629 64 56 630 63 55 631 66 50 632 63 55 633 62 53 634 66 50 635 62 53 636 61 52 637 60 34 638 60 34 639 59 69 640 58 51 641 58 51 642 57 67 643 56 66 644 56 66 645 55 64 646 54 185 647 54 185 648 53 63 649 52 49 650 52 49 651 51 146 652 66 50 653 62 53 654 60 34 655 66 50 656 60 34 657 58 51 658 66 50 659 58 51 660 56 66 661 54 185 662 54 185 663 52 49 664 58 51 665 43 35 666 60 34 667 61 52 668 44 38 669 61 52 670 62 53 671 45 54 672 62 53 673 63 55 674 46 36 675 63 55 676 64 56 677 47 57 678 64 56 679 65 58 680 34 59 681 51 146 682 52 49 683 48 43 684 65 58 685 66 50 686 52 49 687 53 63 688 36 61 689 49 60 690 66 50 691 67 2 692 53 63 693 54 185 694 37 48 695 37 48 696 54 185 697 55 64 698 38 65 699 55 64 700 56 66 701 39 42 702 56 66 703 57 67 704 40 46 705 57 67 706 58 51 707 41 68 708 58 51 709 59 69 710 74 39 711 90 92 712 91 70 713 86 72 714 87 186 715 71 73 716 96 75 717 97 93 718 81 45 719 92 77 720 93 37 721 77 78 722 72 80 723 88 47 724 89 81 725 68 41 726 84 90 727 85 83 728 82 85 729 98 187 730 99 86 731 78 87 732 94 91 733 95 88 734 73 82 735 89 81 736 40 46 737 76 79 738 77 78 739 20 19 740 49 60 741 98 187 742 82 85 743 36 61 744 85 83 745 84 90 746 69 84 747 85 83 748 36 61 749 75 71 750 91 70 751 42 33 752 94 91 753 78 87 754 22 21 755 68 41 756 69 84 757 4 3 758 41 68 759 90 92 760 74 39 761 38 65 762 87 186 763 86 72 764 32 31 765 50 62 766 99 86 767 40 46 768 89 81 769 88 47 770 22 21 771 78 87 772 79 89 773 42 33 774 91 70 775 90 92 776 71 73 777 87 186 778 38 65 779 70 74 780 71 73 781 8 7 782 86 72 783 70 74 784 6 5 785 44 38 786 93 37 787 92 77 788 96 75 789 80 76 790 26 25 791 79 89 792 95 88 793 46 36 794 46 36 795 95 88 796 94 91 797 80 76 798 81 45 799 28 27 800 97 93 801 96 75 802 47 57 803 92 77 804 76 79 805 18 20 806 10 9 807 72 80 808 73 82 809 99 86 810 98 187 811 49 60 812 1 1 813 101 95 814 100 94 815 101 95 816 103 97 817 102 96 818 103 97 819 105 99 820 104 98 821 105 99 822 107 101 823 106 100 824 107 101 825 109 103 826 108 102 827 109 103 828 111 105 829 110 104 830 111 105 831 113 188 832 112 106 833 112 106 834 113 188 835 115 107 836 114 108 837 115 107 838 117 109 839 117 109 840 119 112 841 118 111 842 119 112 843 121 114 844 120 113 845 121 114 846 123 116 847 122 115 848 123 116 849 125 118 850 124 117 851 125 118 852 127 120 853 126 119 854 127 120 855 129 122 856 128 121 857 129 122 858 33 123 859 32 31 860 101 95 861 1 1 862 33 123 863 33 123 864 129 122 865 123 116 866 129 122 867 127 120 868 123 116 869 127 120 870 125 118 871 123 116 872 123 116 873 121 114 874 119 112 875 119 112 876 117 109 877 115 107 878 115 107 879 113 188 880 107 101 881 113 188 882 111 105 883 107 101 884 111 105 885 109 103 886 107 101 887 107 101 888 105 99 889 103 97 890 103 97 891 101 95 892 107 101 893 101 95 894 33 123 895 107 101 896 123 116 897 119 112 898 33 123 899 119 112 900 115 107 901 33 123 902 137 124 903 138 130 904 153 125 905 124 117 906 142 152 907 141 127 908 118 111 909 139 140 910 184 128 911 114 108 912 116 110 913 138 130 914 114 108 915 167 181 916 166 131 917 130 132 918 100 94 919 160 133 920 106 100 921 108 102 922 134 135 923 0 2 924 100 94 925 130 132 926 128 121 927 144 155 928 143 137 929 128 121 930 32 31 931 83 44 932 143 137 933 188 184 934 173 139 935 120 113 936 140 149 937 139 140 938 112 106 939 136 162 940 135 141 941 108 102 942 164 172 943 179 142 944 102 96 945 104 98 946 132 143 947 159 154 948 67 2 949 51 146 950 51 146 951 145 153 952 146 156 953 146 156 954 147 158 955 148 157 956 148 157 957 149 159 958 150 160 959 150 160 960 151 161 961 148 157 962 151 161 963 152 126 964 148 157 965 152 126 966 153 125 967 156 150 968 153 125 969 154 147 970 156 150 971 154 147 972 155 148 973 156 150 974 156 150 975 157 151 976 158 145 977 158 145 978 159 154 979 51 146 980 51 146 981 146 156 982 152 126 983 146 156 984 148 157 985 152 126 986 156 150 987 158 145 988 152 126 989 138 130 990 139 140 991 154 147 992 139 140 993 140 149 994 155 148 995 140 149 996 141 127 997 156 150 998 141 127 999 142 152 1000 157 151 1001 142 152 1002 143 137 1003 158 145 1004 34 59 1005 130 132 1006 145 153 1007 143 137 1008 144 155 1009 159 154 1010 131 144 1011 146 156 1012 145 153 1013 144 155 1014 50 62 1015 67 2 1016 132 143 1017 147 158 1018 146 156 1019 132 143 1020 133 136 1021 148 157 1022 133 136 1023 134 135 1024 149 159 1025 134 135 1026 135 141 1027 150 160 1028 135 141 1029 136 162 1030 151 161 1031 136 162 1032 137 124 1033 152 126 1034 166 131 1035 167 181 1036 182 163 1037 163 165 1038 178 182 1039 177 166 1040 173 139 1041 188 184 1042 187 168 1043 169 129 1044 184 128 1045 183 170 1046 164 172 1047 165 179 1048 180 173 1049 160 133 1050 161 180 1051 176 174 1052 174 138 1053 83 44 1054 99 86 1055 170 176 1056 171 183 1057 186 177 1058 135 141 1059 180 173 1060 165 179 1061 118 111 1062 169 129 1063 168 171 1064 144 155 1065 128 121 1066 174 138 1067 131 144 1068 130 132 1069 175 134 1070 131 144 1071 176 174 1072 161 180 1073 137 124 1074 182 163 1075 167 181 1076 120 113 1077 170 176 1078 185 178 1079 102 96 1080 161 180 1081 160 133 1082 136 162 1083 112 106 1084 166 131 1085 133 136 1086 132 143 1087 177 166 1088 135 141 1089 134 135 1090 179 142 1091 120 113 1092 122 115 1093 171 183 1094 137 124 1095 136 162 1096 181 164 1097 133 136 1098 178 182 1099 163 165 1100 106 100 1101 163 165 1102 162 167 1103 104 98 1104 162 167 1105 177 166 1106 139 140 1107 138 130 1108 183 170 1109 124 117 1110 172 169 1111 187 168 1112 141 127 1113 186 177 1114 171 183 1115 141 127 1116 140 149 1117 185 178 1118 126 119 1119 173 139 1120 172 169 1121 142 152 1122 187 168 1123 188 184 1124 116 110 1125 168 171 1126 183 170 1127 108 102 1128 110 104 1129 165 179 1130 144 155 1131 189 175 1132 99 86 1133</p>
        </triangles>
      </mesh>
    </geometry>
    <geometry id="Cylinder_035-mesh" name="Cylinder.035">
      <mesh>
        <source id="Cylinder_035-mesh-positions">
          <float_array id="Cylinder_035-mesh-positions-array" count="198">3.074185 0.6114947 0.6198565 3.074185 0.6114947 -0.1687726 2.895818 1.199489 0.6198564 2.895818 1.199489 -0.1687726 2.606167 1.741387 0.6198564 2.606167 1.741387 -0.1687726 1.814496 1.814496 0.6198564 1.814496 1.814496 -0.6198564 2.566084 0 0.6198565 2.566084 0 -0.6198564 0 0 -0.6198564 0 0 0.6198565 0.6114947 3.074185 0.6198564 0.6114947 3.074185 -0.1687727 1.199489 2.895818 0.6198564 1.199489 2.895818 -0.1687727 1.741387 2.606167 0.6198564 1.741387 2.606167 -0.1687727 0 2.566084 0.6198564 0 2.566084 -0.6198565 3.074185 -0.6114947 0.6198565 3.074185 -0.6114947 -0.1687726 2.895818 -1.199489 0.6198565 2.895818 -1.199489 -0.1687725 2.606167 -1.741387 0.6198565 2.606167 -1.741387 -0.1687725 1.814496 -1.814496 0.6198565 1.814496 -1.814496 -0.6198562 -3.074185 0.6114947 0.6198565 -3.074185 0.6114947 -0.1687726 1.741387 -2.606167 -0.1687725 1.741387 -2.606167 0.6198565 0.6114947 -3.074185 0.6198565 0.6114947 -3.074185 -0.1687725 1.199489 -2.895818 0.6198565 1.199489 -2.895818 -0.1687725 0 -2.566084 0.6198565 0 -2.566084 -0.6198562 -2.895818 1.199489 0.6198564 -2.895818 1.199489 -0.1687726 -2.606167 1.741387 0.6198564 -2.606167 1.741387 -0.1687726 -1.814496 1.814496 0.6198564 -1.814496 1.814496 -0.6198564 -2.566084 0 0.6198565 -2.566084 0 -0.6198564 -0.6114947 3.074185 0.6198564 -0.6114947 3.074185 -0.1687727 -1.199489 2.895818 0.6198564 -1.199489 2.895818 -0.1687727 -1.741387 2.606167 0.6198564 -1.741387 2.606167 -0.1687727 -3.074185 -0.6114947 0.6198565 -3.074185 -0.6114947 -0.1687726 -2.895818 -1.199489 0.6198565 -2.895818 -1.199489 -0.1687725 -2.606167 -1.741387 0.6198565 -2.606167 -1.741387 -0.1687725 -1.814496 -1.814496 0.6198565 -1.814496 -1.814496 -0.6198562 -1.741387 -2.606167 -0.1687725 -1.741387 -2.606167 0.6198565 -0.6114947 -3.074185 0.6198565 -0.6114947 -3.074185 -0.1687725 -1.199489 -2.895818 0.6198565 -1.199489 -2.895818 -0.1687725</float_array>
          <technique_common>
            <accessor source="#Cylinder_035-mesh-positions-array" count="66" stride="3">
              <param name="X" type="float"/>
              <param name="Y" type="float"/>
              <param name="Z" type="float"/>
            </accessor>
          </technique_common>
        </source>
        <source id="Cylinder_035-mesh-normals">
          <float_array id="Cylinder_035-mesh-normals-array" count="198">0.4707878 0 0.8822466 0.9202591 -0.1176838 -0.3731943 0.7733943 -0.1562902 0.6143572 0.6724823 0.2785453 0.6856969 0.8146226 0.337422 -0.4717376 0.4363648 0.6573856 0.6143534 0.5674774 0.7339606 -0.3731909 0.3328776 0.3328776 0.8822614 0.381401 0.381401 -0.8420609 0.5393949 0 -0.8420529 0 0.4707878 0.8822466 -0.1176838 0.9202591 -0.3731943 0 0.5393949 -0.8420529 0.2785453 0.6724823 0.6856969 -0.1562902 0.7733943 0.6143572 0.6573856 0.4363648 0.6143534 0.337422 0.8146226 -0.4717376 0.7339606 0.5674774 -0.3731909 0.3328776 -0.3328776 0.8822614 0.5674774 -0.7339606 -0.3731909 0.4363648 -0.6573856 0.6143534 0.6724823 -0.2785453 0.6856969 0.9202591 0.1176838 -0.3731943 0.7733943 0.1562902 0.6143572 0.8146226 -0.337422 -0.4717376 0.381401 -0.381401 -0.8420609 0.337422 -0.8146226 -0.4717376 0.6573856 -0.4363648 0.6143534 0.2785453 -0.6724823 0.6856969 0 -0.4707878 0.8822466 -0.1176838 -0.9202591 -0.3731943 -0.1562902 -0.7733943 0.6143572 0 -0.5393949 -0.8420529 0.7339606 -0.5674774 -0.3731909 -0.4707878 0 0.8822466 -0.9202591 -0.1176838 -0.3731943 -0.5393949 0 -0.8420529 -0.6724823 0.2785453 0.6856969 -0.7733943 -0.1562902 0.6143572 -0.4363648 0.6573856 0.6143534 -0.8146226 0.337422 -0.4717376 -0.3328776 0.3328776 0.8822614 -0.5674774 0.7339606 -0.3731909 -0.381401 0.381401 -0.8420609 0.1176838 0.9202591 -0.3731943 0.1562902 0.7733943 0.6143572 -0.2785453 0.6724823 0.6856969 -0.337422 0.8146226 -0.4717376 -0.6573856 0.4363648 0.6143534 -0.7339606 0.5674774 -0.3731909 -0.5674774 -0.7339606 -0.3731909 -0.3328776 -0.3328776 0.8822614 -0.4363648 -0.6573856 0.6143534 -0.6724823 -0.2785453 0.6856969 -0.9202591 0.1176838 -0.3731943 -0.7733943 0.1562902 0.6143572 -0.8146226 -0.337422 -0.4717376 -0.381401 -0.381401 -0.8420609 -0.6573856 -0.4363648 0.6143534 -0.337422 -0.8146226 -0.4717376 -0.2785453 -0.6724823 0.6856969 0.1176838 -0.9202591 -0.3731943 0.1562902 -0.7733943 0.6143572 -0.7339606 -0.5674774 -0.3731909 0 0 -1 0 0 1</float_array>
          <technique_common>
            <accessor source="#Cylinder_035-mesh-normals-array" count="66" stride="3">
              <param name="X" type="float"/>
              <param name="Y" type="float"/>
              <param name="Z" type="float"/>
            </accessor>
          </technique_common>
        </source>
        <source id="Cylinder_035-mesh-map-0">
          <float_array id="Cylinder_035-mesh-map-0-array" count="768">0.2269006 0.05565196 0.2353196 0.1122514 0.2353196 0.05000913 0.2353196 0.1122514 0.2389015 0.05000907 0.2353196 0.05000913 0.2389015 0.1122514 0.2424834 0.05000907 0.2389015 0.05000907 0.2424834 0.1122514 0.2509025 0.05565196 0.2424834 0.05000907 0.2509025 0.06711798 0.2567877 0.07900542 0.2700226 0.07479029 0.2759078 0.05186581 0.2701976 0.05478668 0.2700226 0.06375318 0.2269006 0.05565196 0.2353196 0.1122514 0.2269006 0.1066085 0.2389015 0.05000907 0.2353196 0.1122514 0.2353196 0.05000913 0.2424834 0.05000907 0.2389015 0.1122514 0.2389015 0.05000907 0.2509025 0.05565196 0.2424834 0.1122514 0.2424834 0.05000907 0.2700226 0.07479029 0.2567877 0.07900542 0.2509025 0.06711798 0.2700226 0.06375318 0.2759078 0.05186581 0.2891429 0.05608087 0.2509025 0.05565196 0.2424834 0.1122514 0.2424834 0.05000907 0.2700226 0.06375318 0.2759078 0.05186581 0.2891429 0.05608087 0.2269006 0.05565196 0.2353196 0.1122514 0.2269006 0.1066085 0.2353196 0.05000913 0.2389015 0.1122514 0.2353196 0.1122514 0.2700226 0.07479029 0.2567877 0.07900542 0.2509025 0.06711798 0.2424834 0.05000907 0.2389015 0.1122514 0.2389015 0.05000907 0.2389015 0.1122514 0.2424834 0.05000907 0.2389015 0.05000907 0.2269006 0.05565196 0.2353196 0.1122514 0.2353196 0.05000913 0.2509025 0.06711798 0.2567877 0.07900542 0.2700226 0.07479029 0.2353196 0.1122514 0.2389015 0.05000907 0.2353196 0.05000913 0.2759078 0.05186581 0.2701976 0.05478668 0.2700226 0.06375318 0.2424834 0.1122514 0.2509025 0.05565196 0.2424834 0.05000907 0.2269006 0.05565196 0.2353196 0.1122514 0.2269006 0.1066085 0.2389015 0.05000907 0.2353196 0.1122514 0.2353196 0.05000913 0.2424834 0.05000907 0.2389015 0.1122514 0.2389015 0.05000907 0.2509025 0.05565196 0.2424834 0.1122514 0.2424834 0.05000907 0.2700226 0.07479029 0.2567877 0.07900542 0.2509025 0.06711798 0.2700226 0.06375318 0.2759078 0.05186581 0.2891429 0.05608087 0.2269006 0.05565196 0.2353196 0.1122514 0.2353196 0.05000913 0.2353196 0.1122514 0.2389015 0.05000907 0.2353196 0.05000913 0.2389015 0.1122514 0.2424834 0.05000907 0.2389015 0.05000907 0.2424834 0.1122514 0.2509025 0.05565196 0.2424834 0.05000907 0.2509025 0.06711798 0.2567877 0.07900542 0.2700226 0.07479029 0.2759078 0.05186581 0.2701976 0.05478668 0.2700226 0.06375318 0.2424834 0.1122514 0.2509025 0.05565196 0.2424834 0.05000907 0.2759078 0.05186581 0.2701976 0.05478668 0.2700226 0.06375318 0.2269006 0.05565196 0.2353196 0.1122514 0.2353196 0.05000913 0.2353196 0.05000913 0.2389015 0.1122514 0.2389015 0.05000907 0.2509025 0.06711798 0.2567877 0.07900542 0.2700226 0.07479029 0.2389015 0.1122514 0.2424834 0.05000907 0.2389015 0.05000907 0.2424834 0.05000907 0.2389015 0.1122514 0.2389015 0.05000907 0.2269006 0.05565196 0.2353196 0.1122514 0.2269006 0.1066085 0.2700226 0.07479029 0.2567877 0.07900542 0.2509025 0.06711798 0.2389015 0.05000907 0.2353196 0.1122514 0.2353196 0.05000913 0.2700226 0.06375318 0.2759078 0.05186581 0.2891429 0.05608087 0.2509025 0.05565196 0.2424834 0.1122514 0.2424834 0.05000907 0.2269006 0.05565196 0.2269006 0.1066085 0.2353196 0.1122514 0.2353196 0.1122514 0.2389015 0.1122514 0.2389015 0.05000907 0.2389015 0.1122514 0.2424834 0.1122514 0.2424834 0.05000907 0.2424834 0.1122514 0.2509025 0.1066085 0.2509025 0.05565196 0.2700226 0.07479029 0.2700226 0.05000907 0.2509025 0.06711798 0.2509025 0.06711798 0.2510774 0.07608449 0.2567877 0.07900542 0.2567877 0.07900542 0.2629836 0.0808621 0.2700226 0.07479029 0.2891429 0.08086204 0.2891429 0.05608087 0.2700226 0.06375318 0.2891429 0.05608087 0.2821038 0.05000907 0.2759078 0.05186581 0.2700226 0.06375318 0.2891429 0.05608087 0.2759078 0.05186581 0.2269006 0.05565196 0.2353196 0.05000913 0.2353196 0.1122514 0.2389015 0.05000907 0.2389015 0.1122514 0.2353196 0.1122514 0.2424834 0.05000907 0.2424834 0.1122514 0.2389015 0.1122514 0.2509025 0.05565196 0.2509025 0.1066085 0.2424834 0.1122514 0.2509025 0.06711798 0.2700226 0.05000907 0.2700226 0.07479029 0.2700226 0.07479029 0.2629836 0.0808621 0.2567877 0.07900542 0.2567877 0.07900542 0.2510774 0.07608449 0.2509025 0.06711798 0.2821038 0.05000907 0.2891429 0.05608087 0.2759078 0.05186581 0.2891429 0.05608087 0.2891429 0.08086204 0.2700226 0.06375318 0.2700226 0.06375318 0.2701976 0.05478668 0.2759078 0.05186581 0.2509025 0.05565196 0.2509025 0.1066085 0.2424834 0.1122514 0.2821038 0.05000907 0.2891429 0.05608087 0.2759078 0.05186581 0.2891429 0.05608087 0.2891429 0.08086204 0.2700226 0.06375318 0.2700226 0.06375318 0.2701976 0.05478668 0.2759078 0.05186581 0.2269006 0.05565196 0.2353196 0.05000913 0.2353196 0.1122514 0.2353196 0.05000913 0.2389015 0.05000907 0.2389015 0.1122514 0.2509025 0.06711798 0.2700226 0.05000907 0.2700226 0.07479029 0.2700226 0.07479029 0.2629836 0.0808621 0.2567877 0.07900542 0.2567877 0.07900542 0.2510774 0.07608449 0.2509025 0.06711798 0.2424834 0.05000907 0.2424834 0.1122514 0.2389015 0.1122514 0.2389015 0.1122514 0.2424834 0.1122514 0.2424834 0.05000907 0.2269006 0.05565196 0.2269006 0.1066085 0.2353196 0.1122514 0.2700226 0.07479029 0.2700226 0.05000907 0.2509025 0.06711798 0.2509025 0.06711798 0.2510774 0.07608449 0.2567877 0.07900542 0.2567877 0.07900542 0.2629836 0.0808621 0.2700226 0.07479029 0.2353196 0.1122514 0.2389015 0.1122514 0.2389015 0.05000907 0.2891429 0.08086204 0.2891429 0.05608087 0.2700226 0.06375318 0.2891429 0.05608087 0.2821038 0.05000907 0.2759078 0.05186581 0.2700226 0.06375318 0.2891429 0.05608087 0.2759078 0.05186581 0.2424834 0.1122514 0.2509025 0.1066085 0.2509025 0.05565196 0.2269006 0.05565196 0.2353196 0.05000913 0.2353196 0.1122514 0.2389015 0.05000907 0.2389015 0.1122514 0.2353196 0.1122514 0.2424834 0.05000907 0.2424834 0.1122514 0.2389015 0.1122514 0.2509025 0.05565196 0.2509025 0.1066085 0.2424834 0.1122514 0.2509025 0.06711798 0.2700226 0.05000907 0.2700226 0.07479029 0.2700226 0.07479029 0.2629836 0.0808621 0.2567877 0.07900542 0.2567877 0.07900542 0.2510774 0.07608449 0.2509025 0.06711798 0.2821038 0.05000907 0.2891429 0.05608087 0.2759078 0.05186581 0.2891429 0.05608087 0.2891429 0.08086204 0.2700226 0.06375318 0.2700226 0.06375318 0.2701976 0.05478668 0.2759078 0.05186581 0.2269006 0.05565196 0.2269006 0.1066085 0.2353196 0.1122514 0.2353196 0.1122514 0.2389015 0.1122514 0.2389015 0.05000907 0.2389015 0.1122514 0.2424834 0.1122514 0.2424834 0.05000907 0.2424834 0.1122514 0.2509025 0.1066085 0.2509025 0.05565196 0.2700226 0.07479029 0.2700226 0.05000907 0.2509025 0.06711798 0.2509025 0.06711798 0.2510774 0.07608449 0.2567877 0.07900542 0.2567877 0.07900542 0.2629836 0.0808621 0.2700226 0.07479029 0.2891429 0.08086204 0.2891429 0.05608087 0.2700226 0.06375318 0.2891429 0.05608087 0.2821038 0.05000907 0.2759078 0.05186581 0.2700226 0.06375318 0.2891429 0.05608087 0.2759078 0.05186581 0.2424834 0.1122514 0.2509025 0.1066085 0.2509025 0.05565196 0.2891429 0.08086204 0.2891429 0.05608087 0.2700226 0.06375318 0.2891429 0.05608087 0.2821038 0.05000907 0.2759078 0.05186581 0.2700226 0.06375318 0.2891429 0.05608087 0.2759078 0.05186581 0.2269006 0.05565196 0.2269006 0.1066085 0.2353196 0.1122514 0.2353196 0.05000913 0.2353196 0.1122514 0.2389015 0.1122514 0.2700226 0.07479029 0.2700226 0.05000907 0.2509025 0.06711798 0.2509025 0.06711798 0.2510774 0.07608449 0.2567877 0.07900542 0.2567877 0.07900542 0.2629836 0.0808621 0.2700226 0.07479029 0.2389015 0.1122514 0.2424834 0.1122514 0.2424834 0.05000907 0.2424834 0.05000907 0.2424834 0.1122514 0.2389015 0.1122514 0.2269006 0.05565196 0.2353196 0.05000913 0.2353196 0.1122514 0.2509025 0.06711798 0.2700226 0.05000907 0.2700226 0.07479029 0.2700226 0.07479029 0.2629836 0.0808621 0.2567877 0.07900542 0.2567877 0.07900542 0.2510774 0.07608449 0.2509025 0.06711798 0.2389015 0.05000907 0.2389015 0.1122514 0.2353196 0.1122514 0.2821038 0.05000907 0.2891429 0.05608087 0.2759078 0.05186581 0.2891429 0.05608087 0.2891429 0.08086204 0.2700226 0.06375318 0.2700226 0.06375318 0.2701976 0.05478668 0.2759078 0.05186581 0.2509025 0.05565196 0.2509025 0.1066085 0.2424834 0.1122514</float_array>
          <technique_common>
            <accessor source="#Cylinder_035-mesh-map-0-array" count="384" stride="2">
              <param name="S" type="float"/>
              <param name="T" type="float"/>
            </accessor>
          </technique_common>
        </source>
        <vertices id="Cylinder_035-mesh-vertices">
          <input semantic="POSITION" source="#Cylinder_035-mesh-positions"/>
        </vertices>
        <triangles material="Material_001-material" count="128">
          <input semantic="VERTEX" source="#Cylinder_035-mesh-vertices" offset="0"/>
          <input semantic="NORMAL" source="#Cylinder_035-mesh-normals" offset="1"/>
          <input semantic="TEXCOORD" source="#Cylinder_035-mesh-map-0" offset="2" set="0"/>
          <p>8 0 0 1 1 1 0 2 2 1 1 3 2 3 4 0 2 5 3 4 6 4 5 7 2 3 8 5 6 9 6 7 10 4 5 11 7 8 12 3 4 13 9 9 14 2 3 15 4 5 16 6 7 17 18 10 18 13 11 19 19 12 20 14 13 21 13 11 22 12 14 23 16 15 24 15 16 25 14 13 26 6 7 27 17 17 28 16 15 29 19 12 30 15 16 31 7 8 32 6 7 33 14 13 34 18 10 35 26 18 36 25 19 37 24 20 38 26 18 39 22 21 40 8 0 41 8 0 42 21 22 43 9 9 44 20 23 45 23 24 46 21 22 47 9 9 48 23 24 49 27 25 50 24 20 51 23 24 52 22 21 53 35 26 54 31 27 55 34 28 56 36 29 57 33 30 58 32 31 59 27 25 60 35 26 61 37 32 62 33 30 63 34 28 64 32 31 65 34 28 66 31 27 67 26 18 68 30 33 69 26 18 70 31 27 71 44 34 72 29 35 73 45 36 74 38 37 75 29 35 76 28 38 77 40 39 78 39 40 79 38 37 80 42 41 81 41 42 82 40 39 83 45 36 84 39 40 85 43 43 86 42 41 87 38 37 88 44 34 89 18 10 90 47 44 91 46 45 92 47 44 93 48 46 94 46 45 95 49 47 96 50 48 97 48 46 98 51 49 99 42 41 100 50 48 101 43 43 102 49 47 103 19 12 104 48 46 105 50 48 106 42 41 107 57 50 108 58 51 109 56 52 110 54 53 111 56 52 112 58 51 113 44 34 114 53 54 115 52 55 116 52 55 117 55 56 118 54 53 119 59 57 120 55 56 121 45 36 122 55 56 123 56 52 124 54 53 125 61 58 126 65 59 127 64 60 128 36 29 129 63 61 130 37 32 131 37 32 132 65 59 133 59 57 134 64 60 135 63 61 136 62 62 137 58 51 138 64 60 139 36 29 140 58 51 141 60 63 142 61 58 143 8 0 144 9 9 145 1 1 146 1 1 147 3 4 148 2 3 149 3 4 150 5 6 151 4 5 152 5 6 153 7 8 154 6 7 155 9 9 156 10 64 157 7 8 158 7 8 159 5 6 160 3 4 161 3 4 162 1 1 163 9 9 164 11 65 165 8 0 166 6 7 167 8 0 168 0 2 169 2 3 170 6 7 171 8 0 172 2 3 173 18 10 174 12 14 175 13 11 176 14 13 177 15 16 178 13 11 179 16 15 180 17 17 181 15 16 182 6 7 183 7 8 184 17 17 185 7 8 186 10 64 187 19 12 188 19 12 189 13 11 190 15 16 191 15 16 192 17 17 193 7 8 194 12 14 195 18 10 196 14 13 197 18 10 198 11 65 199 6 7 200 6 7 201 16 15 202 14 13 203 26 18 204 27 25 205 25 19 206 20 23 207 8 0 208 22 21 209 8 0 210 11 65 211 26 18 212 26 18 213 24 20 214 22 21 215 8 0 216 20 23 217 21 22 218 20 23 219 22 21 220 23 24 221 27 25 222 10 64 223 9 9 224 9 9 225 21 22 226 23 24 227 23 24 228 25 19 229 27 25 230 24 20 231 25 19 232 23 24 233 35 26 234 30 33 235 31 27 236 36 29 237 37 32 238 33 30 239 37 32 240 10 64 241 27 25 242 27 25 243 30 33 244 35 26 245 35 26 246 33 30 247 37 32 248 33 30 249 35 26 250 34 28 251 11 65 252 36 29 253 26 18 254 36 29 255 32 31 256 34 28 257 26 18 258 36 29 259 34 28 260 30 33 261 27 25 262 26 18 263 44 34 264 28 38 265 29 35 266 38 37 267 39 40 268 29 35 269 40 39 270 41 42 271 39 40 272 42 41 273 43 43 274 41 42 275 43 43 276 10 64 277 45 36 278 45 36 279 29 35 280 39 40 281 39 40 282 41 42 283 43 43 284 28 38 285 44 34 286 38 37 287 44 34 288 11 65 289 42 41 290 42 41 291 40 39 292 38 37 293 18 10 294 19 12 295 47 44 296 47 44 297 49 47 298 48 46 299 49 47 300 51 49 301 50 48 302 51 49 303 43 43 304 42 41 305 19 12 306 10 64 307 43 43 308 43 43 309 51 49 310 49 47 311 49 47 312 47 44 313 19 12 314 11 65 315 18 10 316 42 41 317 18 10 318 46 45 319 48 46 320 42 41 321 18 10 322 48 46 323 57 50 324 59 57 325 58 51 326 11 65 327 44 34 328 58 51 329 44 34 330 52 55 331 54 53 332 58 51 333 44 34 334 54 53 335 44 34 336 45 36 337 53 54 338 52 55 339 53 54 340 55 56 341 45 36 342 10 64 343 59 57 344 59 57 345 57 50 346 55 56 347 55 56 348 53 54 349 45 36 350 55 56 351 57 50 352 56 52 353 61 58 354 60 63 355 65 59 356 36 29 357 62 62 358 63 61 359 59 57 360 10 64 361 37 32 362 37 32 363 63 61 364 65 59 365 65 59 366 60 63 367 59 57 368 64 60 369 65 59 370 63 61 371 62 62 372 36 29 373 64 60 374 36 29 375 11 65 376 58 51 377 58 51 378 61 58 379 64 60 380 58 51 381 59 57 382 60 63 383</p>
        </triangles>
      </mesh>
    </geometry>
    <geometry id="Cylinder_036-mesh" name="Cylinder.036">
      <mesh>
        <source id="Cylinder_036-mesh-positions">
          <float_array id="Cylinder_036-mesh-positions-array" count="198">5.377675 1.069688 1.084316 5.377675 1.069688 -0.2952341 5.065658 2.098267 1.084315 5.065658 2.098267 -0.2952342 4.558971 3.046211 1.084315 4.558971 3.046211 -0.2952342 3.174099 3.174099 1.084315 3.174099 3.174099 -1.084315 4.488853 0 1.084316 4.488853 0 -1.084315 0 0 -1.084315 0 0 1.084316 1.069688 5.377675 1.084315 1.069688 5.377675 -0.2952343 2.098268 5.065658 1.084315 2.098268 5.065658 -0.2952343 3.046211 4.558971 1.084315 3.046211 4.558971 -0.2952343 0 4.488853 1.084315 0 4.488853 -1.084316 5.377675 -1.069688 1.084316 5.377675 -1.069688 -0.2952341 5.065658 -2.098267 1.084316 5.065658 -2.098267 -0.295234 4.558971 -3.046211 1.084316 4.558971 -3.046211 -0.295234 3.174099 -3.174099 1.084316 3.174099 -3.174099 -1.084315 -5.377675 1.069688 1.084316 -5.377675 1.069688 -0.2952341 3.046211 -4.558971 -0.2952339 3.046211 -4.558971 1.084316 1.069688 -5.377675 1.084316 1.069688 -5.377675 -0.2952339 2.098268 -5.065658 1.084316 2.098268 -5.065658 -0.2952339 0 -4.488853 1.084316 0 -4.488853 -1.084315 -5.065658 2.098267 1.084315 -5.065658 2.098267 -0.2952342 -4.558971 3.046211 1.084315 -4.558971 3.046211 -0.2952342 -3.174099 3.174099 1.084315 -3.174099 3.174099 -1.084315 -4.488853 0 1.084316 -4.488853 0 -1.084315 -1.069688 5.377675 1.084315 -1.069688 5.377675 -0.2952343 -2.098268 5.065658 1.084315 -2.098268 5.065658 -0.2952343 -3.046211 4.558971 1.084315 -3.046211 4.558971 -0.2952343 -5.377675 -1.069688 1.084316 -5.377675 -1.069688 -0.2952341 -5.065658 -2.098267 1.084316 -5.065658 -2.098267 -0.295234 -4.558971 -3.046211 1.084316 -4.558971 -3.046211 -0.295234 -3.174099 -3.174099 1.084316 -3.174099 -3.174099 -1.084315 -3.046211 -4.558971 -0.2952339 -3.046211 -4.558971 1.084316 -1.069688 -5.377675 1.084316 -1.069688 -5.377675 -0.2952339 -2.098268 -5.065658 1.084316 -2.098268 -5.065658 -0.2952339</float_array>
          <technique_common>
            <accessor source="#Cylinder_036-mesh-positions-array" count="66" stride="3">
              <param name="X" type="float"/>
              <param name="Y" type="float"/>
              <param name="Z" type="float"/>
            </accessor>
          </technique_common>
        </source>
        <source id="Cylinder_036-mesh-normals">
          <float_array id="Cylinder_036-mesh-normals-array" count="198">0.4707878 0 0.8822466 0.9202591 -0.1176838 -0.3731943 0.7733943 -0.1562902 0.6143572 0.6724823 0.2785453 0.6856969 0.8146226 0.337422 -0.4717376 0.4363648 0.6573856 0.6143534 0.5674774 0.7339606 -0.3731909 0.3328776 0.3328776 0.8822614 0.381401 0.381401 -0.8420609 0.5393949 0 -0.8420529 0 0.4707878 0.8822466 -0.1176838 0.9202591 -0.3731943 0 0.5393949 -0.8420529 0.2785453 0.6724823 0.6856969 -0.1562902 0.7733943 0.6143572 0.6573856 0.4363648 0.6143534 0.337422 0.8146226 -0.4717376 0.7339606 0.5674774 -0.3731909 0.3328776 -0.3328776 0.8822614 0.5674774 -0.7339606 -0.3731909 0.4363648 -0.6573856 0.6143534 0.6724823 -0.2785453 0.6856969 0.9202591 0.1176838 -0.3731943 0.7733943 0.1562902 0.6143572 0.8146226 -0.337422 -0.4717376 0.381401 -0.381401 -0.8420609 0.337422 -0.8146226 -0.4717376 0.6573856 -0.4363648 0.6143534 0.2785453 -0.6724823 0.6856969 0 -0.4707878 0.8822466 -0.1176838 -0.9202591 -0.3731943 -0.1562902 -0.7733943 0.6143572 0 -0.5393949 -0.8420529 0.7339606 -0.5674774 -0.3731909 -0.4707878 0 0.8822466 -0.9202591 -0.1176838 -0.3731943 -0.5393949 0 -0.8420529 -0.6724823 0.2785453 0.6856969 -0.7733943 -0.1562902 0.6143572 -0.4363648 0.6573856 0.6143534 -0.8146226 0.337422 -0.4717376 -0.3328776 0.3328776 0.8822614 -0.5674774 0.7339606 -0.3731909 -0.381401 0.381401 -0.8420609 0.1176838 0.9202591 -0.3731943 0.1562902 0.7733943 0.6143572 -0.2785453 0.6724823 0.6856969 -0.337422 0.8146226 -0.4717376 -0.6573856 0.4363648 0.6143534 -0.7339606 0.5674774 -0.3731909 -0.5674774 -0.7339606 -0.3731909 -0.3328776 -0.3328776 0.8822614 -0.4363648 -0.6573856 0.6143534 -0.6724823 -0.2785453 0.6856969 -0.9202591 0.1176838 -0.3731943 -0.7733943 0.1562902 0.6143572 -0.8146226 -0.337422 -0.4717376 -0.381401 -0.381401 -0.8420609 -0.6573856 -0.4363648 0.6143534 -0.337422 -0.8146226 -0.4717376 -0.2785453 -0.6724823 0.6856969 0.1176838 -0.9202591 -0.3731943 0.1562902 -0.7733943 0.6143572 -0.7339606 -0.5674774 -0.3731909 0 0 -1 0 0 1</float_array>
          <technique_common>
            <accessor source="#Cylinder_036-mesh-normals-array" count="66" stride="3">
              <param name="X" type="float"/>
              <param name="Y" type="float"/>
              <param name="Z" type="float"/>
            </accessor>
          </technique_common>
        </source>
        <source id="Cylinder_036-mesh-map-0">
          <float_array id="Cylinder_036-mesh-map-0-array" count="768">0.2269006 0.05565196 0.2353196 0.1122514 0.2353196 0.05000913 0.2353196 0.1122514 0.2389015 0.05000907 0.2353196 0.05000913 0.2389015 0.1122514 0.2424834 0.05000907 0.2389015 0.05000907 0.2424834 0.1122514 0.2509025 0.05565196 0.2424834 0.05000907 0.2509025 0.06711798 0.2567877 0.07900542 0.2700226 0.07479029 0.2759078 0.05186581 0.2701976 0.05478668 0.2700226 0.06375318 0.2269006 0.05565196 0.2353196 0.1122514 0.2269006 0.1066085 0.2389015 0.05000907 0.2353196 0.1122514 0.2353196 0.05000913 0.2424834 0.05000907 0.2389015 0.1122514 0.2389015 0.05000907 0.2509025 0.05565196 0.2424834 0.1122514 0.2424834 0.05000907 0.2700226 0.07479029 0.2567877 0.07900542 0.2509025 0.06711798 0.2700226 0.06375318 0.2759078 0.05186581 0.2891429 0.05608087 0.2509025 0.05565196 0.2424834 0.1122514 0.2424834 0.05000907 0.2700226 0.06375318 0.2759078 0.05186581 0.2891429 0.05608087 0.2269006 0.05565196 0.2353196 0.1122514 0.2269006 0.1066085 0.2353196 0.05000913 0.2389015 0.1122514 0.2353196 0.1122514 0.2700226 0.07479029 0.2567877 0.07900542 0.2509025 0.06711798 0.2424834 0.05000907 0.2389015 0.1122514 0.2389015 0.05000907 0.2389015 0.1122514 0.2424834 0.05000907 0.2389015 0.05000907 0.2269006 0.05565196 0.2353196 0.1122514 0.2353196 0.05000913 0.2509025 0.06711798 0.2567877 0.07900542 0.2700226 0.07479029 0.2353196 0.1122514 0.2389015 0.05000907 0.2353196 0.05000913 0.2759078 0.05186581 0.2701976 0.05478668 0.2700226 0.06375318 0.2424834 0.1122514 0.2509025 0.05565196 0.2424834 0.05000907 0.2269006 0.05565196 0.2353196 0.1122514 0.2269006 0.1066085 0.2389015 0.05000907 0.2353196 0.1122514 0.2353196 0.05000913 0.2424834 0.05000907 0.2389015 0.1122514 0.2389015 0.05000907 0.2509025 0.05565196 0.2424834 0.1122514 0.2424834 0.05000907 0.2700226 0.07479029 0.2567877 0.07900542 0.2509025 0.06711798 0.2700226 0.06375318 0.2759078 0.05186581 0.2891429 0.05608087 0.2269006 0.05565196 0.2353196 0.1122514 0.2353196 0.05000913 0.2353196 0.1122514 0.2389015 0.05000907 0.2353196 0.05000913 0.2389015 0.1122514 0.2424834 0.05000907 0.2389015 0.05000907 0.2424834 0.1122514 0.2509025 0.05565196 0.2424834 0.05000907 0.2509025 0.06711798 0.2567877 0.07900542 0.2700226 0.07479029 0.2759078 0.05186581 0.2701976 0.05478668 0.2700226 0.06375318 0.2424834 0.1122514 0.2509025 0.05565196 0.2424834 0.05000907 0.2759078 0.05186581 0.2701976 0.05478668 0.2700226 0.06375318 0.2269006 0.05565196 0.2353196 0.1122514 0.2353196 0.05000913 0.2353196 0.05000913 0.2389015 0.1122514 0.2389015 0.05000907 0.2509025 0.06711798 0.2567877 0.07900542 0.2700226 0.07479029 0.2389015 0.1122514 0.2424834 0.05000907 0.2389015 0.05000907 0.2424834 0.05000907 0.2389015 0.1122514 0.2389015 0.05000907 0.2269006 0.05565196 0.2353196 0.1122514 0.2269006 0.1066085 0.2700226 0.07479029 0.2567877 0.07900542 0.2509025 0.06711798 0.2389015 0.05000907 0.2353196 0.1122514 0.2353196 0.05000913 0.2700226 0.06375318 0.2759078 0.05186581 0.2891429 0.05608087 0.2509025 0.05565196 0.2424834 0.1122514 0.2424834 0.05000907 0.2269006 0.05565196 0.2269006 0.1066085 0.2353196 0.1122514 0.2353196 0.1122514 0.2389015 0.1122514 0.2389015 0.05000907 0.2389015 0.1122514 0.2424834 0.1122514 0.2424834 0.05000907 0.2424834 0.1122514 0.2509025 0.1066085 0.2509025 0.05565196 0.2700226 0.07479029 0.2700226 0.05000907 0.2509025 0.06711798 0.2509025 0.06711798 0.2510774 0.07608449 0.2567877 0.07900542 0.2567877 0.07900542 0.2629836 0.0808621 0.2700226 0.07479029 0.2891429 0.08086204 0.2891429 0.05608087 0.2700226 0.06375318 0.2891429 0.05608087 0.2821038 0.05000907 0.2759078 0.05186581 0.2700226 0.06375318 0.2891429 0.05608087 0.2759078 0.05186581 0.2269006 0.05565196 0.2353196 0.05000913 0.2353196 0.1122514 0.2389015 0.05000907 0.2389015 0.1122514 0.2353196 0.1122514 0.2424834 0.05000907 0.2424834 0.1122514 0.2389015 0.1122514 0.2509025 0.05565196 0.2509025 0.1066085 0.2424834 0.1122514 0.2509025 0.06711798 0.2700226 0.05000907 0.2700226 0.07479029 0.2700226 0.07479029 0.2629836 0.0808621 0.2567877 0.07900542 0.2567877 0.07900542 0.2510774 0.07608449 0.2509025 0.06711798 0.2821038 0.05000907 0.2891429 0.05608087 0.2759078 0.05186581 0.2891429 0.05608087 0.2891429 0.08086204 0.2700226 0.06375318 0.2700226 0.06375318 0.2701976 0.05478668 0.2759078 0.05186581 0.2509025 0.05565196 0.2509025 0.1066085 0.2424834 0.1122514 0.2821038 0.05000907 0.2891429 0.05608087 0.2759078 0.05186581 0.2891429 0.05608087 0.2891429 0.08086204 0.2700226 0.06375318 0.2700226 0.06375318 0.2701976 0.05478668 0.2759078 0.05186581 0.2269006 0.05565196 0.2353196 0.05000913 0.2353196 0.1122514 0.2353196 0.05000913 0.2389015 0.05000907 0.2389015 0.1122514 0.2509025 0.06711798 0.2700226 0.05000907 0.2700226 0.07479029 0.2700226 0.07479029 0.2629836 0.0808621 0.2567877 0.07900542 0.2567877 0.07900542 0.2510774 0.07608449 0.2509025 0.06711798 0.2424834 0.05000907 0.2424834 0.1122514 0.2389015 0.1122514 0.2389015 0.1122514 0.2424834 0.1122514 0.2424834 0.05000907 0.2269006 0.05565196 0.2269006 0.1066085 0.2353196 0.1122514 0.2700226 0.07479029 0.2700226 0.05000907 0.2509025 0.06711798 0.2509025 0.06711798 0.2510774 0.07608449 0.2567877 0.07900542 0.2567877 0.07900542 0.2629836 0.0808621 0.2700226 0.07479029 0.2353196 0.1122514 0.2389015 0.1122514 0.2389015 0.05000907 0.2891429 0.08086204 0.2891429 0.05608087 0.2700226 0.06375318 0.2891429 0.05608087 0.2821038 0.05000907 0.2759078 0.05186581 0.2700226 0.06375318 0.2891429 0.05608087 0.2759078 0.05186581 0.2424834 0.1122514 0.2509025 0.1066085 0.2509025 0.05565196 0.2269006 0.05565196 0.2353196 0.05000913 0.2353196 0.1122514 0.2389015 0.05000907 0.2389015 0.1122514 0.2353196 0.1122514 0.2424834 0.05000907 0.2424834 0.1122514 0.2389015 0.1122514 0.2509025 0.05565196 0.2509025 0.1066085 0.2424834 0.1122514 0.2509025 0.06711798 0.2700226 0.05000907 0.2700226 0.07479029 0.2700226 0.07479029 0.2629836 0.0808621 0.2567877 0.07900542 0.2567877 0.07900542 0.2510774 0.07608449 0.2509025 0.06711798 0.2821038 0.05000907 0.2891429 0.05608087 0.2759078 0.05186581 0.2891429 0.05608087 0.2891429 0.08086204 0.2700226 0.06375318 0.2700226 0.06375318 0.2701976 0.05478668 0.2759078 0.05186581 0.2269006 0.05565196 0.2269006 0.1066085 0.2353196 0.1122514 0.2353196 0.1122514 0.2389015 0.1122514 0.2389015 0.05000907 0.2389015 0.1122514 0.2424834 0.1122514 0.2424834 0.05000907 0.2424834 0.1122514 0.2509025 0.1066085 0.2509025 0.05565196 0.2700226 0.07479029 0.2700226 0.05000907 0.2509025 0.06711798 0.2509025 0.06711798 0.2510774 0.07608449 0.2567877 0.07900542 0.2567877 0.07900542 0.2629836 0.0808621 0.2700226 0.07479029 0.2891429 0.08086204 0.2891429 0.05608087 0.2700226 0.06375318 0.2891429 0.05608087 0.2821038 0.05000907 0.2759078 0.05186581 0.2700226 0.06375318 0.2891429 0.05608087 0.2759078 0.05186581 0.2424834 0.1122514 0.2509025 0.1066085 0.2509025 0.05565196 0.2891429 0.08086204 0.2891429 0.05608087 0.2700226 0.06375318 0.2891429 0.05608087 0.2821038 0.05000907 0.2759078 0.05186581 0.2700226 0.06375318 0.2891429 0.05608087 0.2759078 0.05186581 0.2269006 0.05565196 0.2269006 0.1066085 0.2353196 0.1122514 0.2353196 0.05000913 0.2353196 0.1122514 0.2389015 0.1122514 0.2700226 0.07479029 0.2700226 0.05000907 0.2509025 0.06711798 0.2509025 0.06711798 0.2510774 0.07608449 0.2567877 0.07900542 0.2567877 0.07900542 0.2629836 0.0808621 0.2700226 0.07479029 0.2389015 0.1122514 0.2424834 0.1122514 0.2424834 0.05000907 0.2424834 0.05000907 0.2424834 0.1122514 0.2389015 0.1122514 0.2269006 0.05565196 0.2353196 0.05000913 0.2353196 0.1122514 0.2509025 0.06711798 0.2700226 0.05000907 0.2700226 0.07479029 0.2700226 0.07479029 0.2629836 0.0808621 0.2567877 0.07900542 0.2567877 0.07900542 0.2510774 0.07608449 0.2509025 0.06711798 0.2389015 0.05000907 0.2389015 0.1122514 0.2353196 0.1122514 0.2821038 0.05000907 0.2891429 0.05608087 0.2759078 0.05186581 0.2891429 0.05608087 0.2891429 0.08086204 0.2700226 0.06375318 0.2700226 0.06375318 0.2701976 0.05478668 0.2759078 0.05186581 0.2509025 0.05565196 0.2509025 0.1066085 0.2424834 0.1122514</float_array>
          <technique_common>
            <accessor source="#Cylinder_036-mesh-map-0-array" count="384" stride="2">
              <param name="S" type="float"/>
              <param name="T" type="float"/>
            </accessor>
          </technique_common>
        </source>
        <vertices id="Cylinder_036-mesh-vertices">
          <input semantic="POSITION" source="#Cylinder_036-mesh-positions"/>
        </vertices>
        <triangles material="Material_001-material" count="128">
          <input semantic="VERTEX" source="#Cylinder_036-mesh-vertices" offset="0"/>
          <input semantic="NORMAL" source="#Cylinder_036-mesh-normals" offset="1"/>
          <input semantic="TEXCOORD" source="#Cylinder_036-mesh-map-0" offset="2" set="0"/>
          <p>8 0 0 1 1 1 0 2 2 1 1 3 2 3 4 0 2 5 3 4 6 4 5 7 2 3 8 5 6 9 6 7 10 4 5 11 7 8 12 3 4 13 9 9 14 2 3 15 4 5 16 6 7 17 18 10 18 13 11 19 19 12 20 14 13 21 13 11 22 12 14 23 16 15 24 15 16 25 14 13 26 6 7 27 17 17 28 16 15 29 19 12 30 15 16 31 7 8 32 6 7 33 14 13 34 18 10 35 26 18 36 25 19 37 24 20 38 26 18 39 22 21 40 8 0 41 8 0 42 21 22 43 9 9 44 20 23 45 23 24 46 21 22 47 9 9 48 23 24 49 27 25 50 24 20 51 23 24 52 22 21 53 35 26 54 31 27 55 34 28 56 36 29 57 33 30 58 32 31 59 27 25 60 35 26 61 37 32 62 33 30 63 34 28 64 32 31 65 34 28 66 31 27 67 26 18 68 30 33 69 26 18 70 31 27 71 44 34 72 29 35 73 45 36 74 38 37 75 29 35 76 28 38 77 40 39 78 39 40 79 38 37 80 42 41 81 41 42 82 40 39 83 45 36 84 39 40 85 43 43 86 42 41 87 38 37 88 44 34 89 18 10 90 47 44 91 46 45 92 47 44 93 48 46 94 46 45 95 49 47 96 50 48 97 48 46 98 51 49 99 42 41 100 50 48 101 43 43 102 49 47 103 19 12 104 48 46 105 50 48 106 42 41 107 57 50 108 58 51 109 56 52 110 54 53 111 56 52 112 58 51 113 44 34 114 53 54 115 52 55 116 52 55 117 55 56 118 54 53 119 59 57 120 55 56 121 45 36 122 55 56 123 56 52 124 54 53 125 61 58 126 65 59 127 64 60 128 36 29 129 63 61 130 37 32 131 37 32 132 65 59 133 59 57 134 64 60 135 63 61 136 62 62 137 58 51 138 64 60 139 36 29 140 58 51 141 60 63 142 61 58 143 8 0 144 9 9 145 1 1 146 1 1 147 3 4 148 2 3 149 3 4 150 5 6 151 4 5 152 5 6 153 7 8 154 6 7 155 9 9 156 10 64 157 7 8 158 7 8 159 5 6 160 3 4 161 3 4 162 1 1 163 9 9 164 11 65 165 8 0 166 6 7 167 8 0 168 0 2 169 2 3 170 6 7 171 8 0 172 2 3 173 18 10 174 12 14 175 13 11 176 14 13 177 15 16 178 13 11 179 16 15 180 17 17 181 15 16 182 6 7 183 7 8 184 17 17 185 7 8 186 10 64 187 19 12 188 19 12 189 13 11 190 15 16 191 15 16 192 17 17 193 7 8 194 12 14 195 18 10 196 14 13 197 18 10 198 11 65 199 6 7 200 6 7 201 16 15 202 14 13 203 26 18 204 27 25 205 25 19 206 20 23 207 8 0 208 22 21 209 8 0 210 11 65 211 26 18 212 26 18 213 24 20 214 22 21 215 8 0 216 20 23 217 21 22 218 20 23 219 22 21 220 23 24 221 27 25 222 10 64 223 9 9 224 9 9 225 21 22 226 23 24 227 23 24 228 25 19 229 27 25 230 24 20 231 25 19 232 23 24 233 35 26 234 30 33 235 31 27 236 36 29 237 37 32 238 33 30 239 37 32 240 10 64 241 27 25 242 27 25 243 30 33 244 35 26 245 35 26 246 33 30 247 37 32 248 33 30 249 35 26 250 34 28 251 11 65 252 36 29 253 26 18 254 36 29 255 32 31 256 34 28 257 26 18 258 36 29 259 34 28 260 30 33 261 27 25 262 26 18 263 44 34 264 28 38 265 29 35 266 38 37 267 39 40 268 29 35 269 40 39 270 41 42 271 39 40 272 42 41 273 43 43 274 41 42 275 43 43 276 10 64 277 45 36 278 45 36 279 29 35 280 39 40 281 39 40 282 41 42 283 43 43 284 28 38 285 44 34 286 38 37 287 44 34 288 11 65 289 42 41 290 42 41 291 40 39 292 38 37 293 18 10 294 19 12 295 47 44 296 47 44 297 49 47 298 48 46 299 49 47 300 51 49 301 50 48 302 51 49 303 43 43 304 42 41 305 19 12 306 10 64 307 43 43 308 43 43 309 51 49 310 49 47 311 49 47 312 47 44 313 19 12 314 11 65 315 18 10 316 42 41 317 18 10 318 46 45 319 48 46 320 42 41 321 18 10 322 48 46 323 57 50 324 59 57 325 58 51 326 11 65 327 44 34 328 58 51 329 44 34 330 52 55 331 54 53 332 58 51 333 44 34 334 54 53 335 44 34 336 45 36 337 53 54 338 52 55 339 53 54 340 55 56 341 45 36 342 10 64 343 59 57 344 59 57 345 57 50 346 55 56 347 55 56 348 53 54 349 45 36 350 55 56 351 57 50 352 56 52 353 61 58 354 60 63 355 65 59 356 36 29 357 62 62 358 63 61 359 59 57 360 10 64 361 37 32 362 37 32 363 63 61 364 65 59 365 65 59 366 60 63 367 59 57 368 64 60 369 65 59 370 63 61 371 62 62 372 36 29 373 64 60 374 36 29 375 11 65 376 58 51 377 58 51 378 61 58 379 64 60 380 58 51 381 59 57 382 60 63 383</p>
        </triangles>
      </mesh>
    </geometry>
    <geometry id="Cylinder_037-mesh" name="Cylinder.037">
      <mesh>
        <source id="Cylinder_037-mesh-positions">
          <float_array id="Cylinder_037-mesh-positions-array" count="198">2.066564 0.4110659 0.4166869 2.066564 0.4110659 -0.1134542 1.94666 0.806334 0.4166868 1.94666 0.806334 -0.1134542 1.751947 1.170615 0.4166868 1.751947 1.170615 -0.1134542 1.219761 1.219761 0.4166868 1.219761 1.219761 -0.4166868 1.725002 0 0.4166869 1.725002 0 -0.4166868 0 0 -0.4166868 0 0 0.4166869 0.4110659 2.066564 0.4166868 0.4110659 2.066564 -0.1134543 0.8063341 1.94666 0.4166868 0.8063341 1.94666 -0.1134543 1.170615 1.751947 0.4166868 1.170615 1.751947 -0.1134543 0 1.725002 0.4166868 0 1.725002 -0.4166869 2.066564 -0.4110659 0.4166869 2.066564 -0.4110659 -0.1134542 1.94666 -0.806334 0.4166869 1.94666 -0.806334 -0.1134542 1.751947 -1.170615 0.4166869 1.751947 -1.170615 -0.1134542 1.219761 -1.219761 0.4166869 1.219761 -1.219761 -0.4166868 -2.066564 0.4110659 0.4166869 -2.066564 0.4110659 -0.1134542 1.170615 -1.751947 -0.1134541 1.170615 -1.751947 0.416687 0.4110659 -2.066564 0.416687 0.4110659 -2.066564 -0.1134541 0.8063341 -1.94666 0.416687 0.8063341 -1.94666 -0.1134541 0 -1.725002 0.416687 0 -1.725002 -0.4166867 -1.94666 0.806334 0.4166868 -1.94666 0.806334 -0.1134542 -1.751947 1.170615 0.4166868 -1.751947 1.170615 -0.1134542 -1.219761 1.219761 0.4166868 -1.219761 1.219761 -0.4166868 -1.725002 0 0.4166869 -1.725002 0 -0.4166868 -0.4110659 2.066564 0.4166868 -0.4110659 2.066564 -0.1134543 -0.8063341 1.94666 0.4166868 -0.8063341 1.94666 -0.1134543 -1.170615 1.751947 0.4166868 -1.170615 1.751947 -0.1134543 -2.066564 -0.4110659 0.4166869 -2.066564 -0.4110659 -0.1134542 -1.94666 -0.806334 0.4166869 -1.94666 -0.806334 -0.1134542 -1.751947 -1.170615 0.4166869 -1.751947 -1.170615 -0.1134542 -1.219761 -1.219761 0.4166869 -1.219761 -1.219761 -0.4166868 -1.170615 -1.751947 -0.1134541 -1.170615 -1.751947 0.416687 -0.4110659 -2.066564 0.416687 -0.4110659 -2.066564 -0.1134541 -0.8063341 -1.94666 0.416687 -0.8063341 -1.94666 -0.1134541</float_array>
          <technique_common>
            <accessor source="#Cylinder_037-mesh-positions-array" count="66" stride="3">
              <param name="X" type="float"/>
              <param name="Y" type="float"/>
              <param name="Z" type="float"/>
            </accessor>
          </technique_common>
        </source>
        <source id="Cylinder_037-mesh-normals">
          <float_array id="Cylinder_037-mesh-normals-array" count="198">0.4707878 0 0.8822466 0.9202591 -0.1176838 -0.3731943 0.7733943 -0.1562902 0.6143572 0.6724823 0.2785453 0.6856969 0.8146226 0.337422 -0.4717376 0.4363648 0.6573856 0.6143534 0.5674774 0.7339606 -0.3731909 0.3328776 0.3328776 0.8822614 0.381401 0.381401 -0.8420609 0.5393949 0 -0.8420529 0 0.4707878 0.8822466 -0.1176838 0.9202591 -0.3731943 0 0.5393949 -0.8420529 0.2785453 0.6724823 0.6856969 -0.1562902 0.7733943 0.6143572 0.6573856 0.4363648 0.6143534 0.337422 0.8146226 -0.4717376 0.7339606 0.5674774 -0.3731909 0.3328776 -0.3328776 0.8822614 0.5674774 -0.7339606 -0.3731909 0.4363648 -0.6573856 0.6143534 0.6724823 -0.2785453 0.6856969 0.9202591 0.1176838 -0.3731943 0.7733943 0.1562902 0.6143572 0.8146226 -0.337422 -0.4717376 0.381401 -0.381401 -0.8420609 0.337422 -0.8146226 -0.4717376 0.6573856 -0.4363648 0.6143534 0.2785453 -0.6724823 0.6856969 0 -0.4707878 0.8822466 -0.1176838 -0.9202591 -0.3731943 -0.1562902 -0.7733943 0.6143572 0 -0.5393949 -0.8420529 0.7339606 -0.5674774 -0.3731909 -0.4707878 0 0.8822466 -0.9202591 -0.1176838 -0.3731943 -0.5393949 0 -0.8420529 -0.6724823 0.2785453 0.6856969 -0.7733943 -0.1562902 0.6143572 -0.4363648 0.6573856 0.6143534 -0.8146226 0.337422 -0.4717376 -0.3328776 0.3328776 0.8822614 -0.5674774 0.7339606 -0.3731909 -0.381401 0.381401 -0.8420609 0.1176838 0.9202591 -0.3731943 0.1562902 0.7733943 0.6143572 -0.2785453 0.6724823 0.6856969 -0.337422 0.8146226 -0.4717376 -0.6573856 0.4363648 0.6143534 -0.7339606 0.5674774 -0.3731909 -0.5674774 -0.7339606 -0.3731909 -0.3328776 -0.3328776 0.8822614 -0.4363648 -0.6573856 0.6143534 -0.6724823 -0.2785453 0.6856969 -0.9202591 0.1176838 -0.3731943 -0.7733943 0.1562902 0.6143572 -0.8146226 -0.337422 -0.4717376 -0.381401 -0.381401 -0.8420609 -0.6573856 -0.4363648 0.6143534 -0.337422 -0.8146226 -0.4717376 -0.2785453 -0.6724823 0.6856969 0.1176838 -0.9202591 -0.3731943 0.1562902 -0.7733943 0.6143572 -0.7339606 -0.5674774 -0.3731909 0 0 -1 0 0 1</float_array>
          <technique_common>
            <accessor source="#Cylinder_037-mesh-normals-array" count="66" stride="3">
              <param name="X" type="float"/>
              <param name="Y" type="float"/>
              <param name="Z" type="float"/>
            </accessor>
          </technique_common>
        </source>
        <source id="Cylinder_037-mesh-map-0">
          <float_array id="Cylinder_037-mesh-map-0-array" count="768">0.2269006 0.05565196 0.2353196 0.1122514 0.2353196 0.05000913 0.2353196 0.1122514 0.2389015 0.05000907 0.2353196 0.05000913 0.2389015 0.1122514 0.2424834 0.05000907 0.2389015 0.05000907 0.2424834 0.1122514 0.2509025 0.05565196 0.2424834 0.05000907 0.2509025 0.06711798 0.2567877 0.07900542 0.2700226 0.07479029 0.2759078 0.05186581 0.2701976 0.05478668 0.2700226 0.06375318 0.2269006 0.05565196 0.2353196 0.1122514 0.2269006 0.1066085 0.2389015 0.05000907 0.2353196 0.1122514 0.2353196 0.05000913 0.2424834 0.05000907 0.2389015 0.1122514 0.2389015 0.05000907 0.2509025 0.05565196 0.2424834 0.1122514 0.2424834 0.05000907 0.2700226 0.07479029 0.2567877 0.07900542 0.2509025 0.06711798 0.2700226 0.06375318 0.2759078 0.05186581 0.2891429 0.05608087 0.2509025 0.05565196 0.2424834 0.1122514 0.2424834 0.05000907 0.2700226 0.06375318 0.2759078 0.05186581 0.2891429 0.05608087 0.2269006 0.05565196 0.2353196 0.1122514 0.2269006 0.1066085 0.2353196 0.05000913 0.2389015 0.1122514 0.2353196 0.1122514 0.2700226 0.07479029 0.2567877 0.07900542 0.2509025 0.06711798 0.2424834 0.05000907 0.2389015 0.1122514 0.2389015 0.05000907 0.2389015 0.1122514 0.2424834 0.05000907 0.2389015 0.05000907 0.2269006 0.05565196 0.2353196 0.1122514 0.2353196 0.05000913 0.2509025 0.06711798 0.2567877 0.07900542 0.2700226 0.07479029 0.2353196 0.1122514 0.2389015 0.05000907 0.2353196 0.05000913 0.2759078 0.05186581 0.2701976 0.05478668 0.2700226 0.06375318 0.2424834 0.1122514 0.2509025 0.05565196 0.2424834 0.05000907 0.2269006 0.05565196 0.2353196 0.1122514 0.2269006 0.1066085 0.2389015 0.05000907 0.2353196 0.1122514 0.2353196 0.05000913 0.2424834 0.05000907 0.2389015 0.1122514 0.2389015 0.05000907 0.2509025 0.05565196 0.2424834 0.1122514 0.2424834 0.05000907 0.2700226 0.07479029 0.2567877 0.07900542 0.2509025 0.06711798 0.2700226 0.06375318 0.2759078 0.05186581 0.2891429 0.05608087 0.2269006 0.05565196 0.2353196 0.1122514 0.2353196 0.05000913 0.2353196 0.1122514 0.2389015 0.05000907 0.2353196 0.05000913 0.2389015 0.1122514 0.2424834 0.05000907 0.2389015 0.05000907 0.2424834 0.1122514 0.2509025 0.05565196 0.2424834 0.05000907 0.2509025 0.06711798 0.2567877 0.07900542 0.2700226 0.07479029 0.2759078 0.05186581 0.2701976 0.05478668 0.2700226 0.06375318 0.2424834 0.1122514 0.2509025 0.05565196 0.2424834 0.05000907 0.2759078 0.05186581 0.2701976 0.05478668 0.2700226 0.06375318 0.2269006 0.05565196 0.2353196 0.1122514 0.2353196 0.05000913 0.2353196 0.05000913 0.2389015 0.1122514 0.2389015 0.05000907 0.2509025 0.06711798 0.2567877 0.07900542 0.2700226 0.07479029 0.2389015 0.1122514 0.2424834 0.05000907 0.2389015 0.05000907 0.2424834 0.05000907 0.2389015 0.1122514 0.2389015 0.05000907 0.2269006 0.05565196 0.2353196 0.1122514 0.2269006 0.1066085 0.2700226 0.07479029 0.2567877 0.07900542 0.2509025 0.06711798 0.2389015 0.05000907 0.2353196 0.1122514 0.2353196 0.05000913 0.2700226 0.06375318 0.2759078 0.05186581 0.2891429 0.05608087 0.2509025 0.05565196 0.2424834 0.1122514 0.2424834 0.05000907 0.2269006 0.05565196 0.2269006 0.1066085 0.2353196 0.1122514 0.2353196 0.1122514 0.2389015 0.1122514 0.2389015 0.05000907 0.2389015 0.1122514 0.2424834 0.1122514 0.2424834 0.05000907 0.2424834 0.1122514 0.2509025 0.1066085 0.2509025 0.05565196 0.2700226 0.07479029 0.2700226 0.05000907 0.2509025 0.06711798 0.2509025 0.06711798 0.2510774 0.07608449 0.2567877 0.07900542 0.2567877 0.07900542 0.2629836 0.0808621 0.2700226 0.07479029 0.2891429 0.08086204 0.2891429 0.05608087 0.2700226 0.06375318 0.2891429 0.05608087 0.2821038 0.05000907 0.2759078 0.05186581 0.2700226 0.06375318 0.2891429 0.05608087 0.2759078 0.05186581 0.2269006 0.05565196 0.2353196 0.05000913 0.2353196 0.1122514 0.2389015 0.05000907 0.2389015 0.1122514 0.2353196 0.1122514 0.2424834 0.05000907 0.2424834 0.1122514 0.2389015 0.1122514 0.2509025 0.05565196 0.2509025 0.1066085 0.2424834 0.1122514 0.2509025 0.06711798 0.2700226 0.05000907 0.2700226 0.07479029 0.2700226 0.07479029 0.2629836 0.0808621 0.2567877 0.07900542 0.2567877 0.07900542 0.2510774 0.07608449 0.2509025 0.06711798 0.2821038 0.05000907 0.2891429 0.05608087 0.2759078 0.05186581 0.2891429 0.05608087 0.2891429 0.08086204 0.2700226 0.06375318 0.2700226 0.06375318 0.2701976 0.05478668 0.2759078 0.05186581 0.2509025 0.05565196 0.2509025 0.1066085 0.2424834 0.1122514 0.2821038 0.05000907 0.2891429 0.05608087 0.2759078 0.05186581 0.2891429 0.05608087 0.2891429 0.08086204 0.2700226 0.06375318 0.2700226 0.06375318 0.2701976 0.05478668 0.2759078 0.05186581 0.2269006 0.05565196 0.2353196 0.05000913 0.2353196 0.1122514 0.2353196 0.05000913 0.2389015 0.05000907 0.2389015 0.1122514 0.2509025 0.06711798 0.2700226 0.05000907 0.2700226 0.07479029 0.2700226 0.07479029 0.2629836 0.0808621 0.2567877 0.07900542 0.2567877 0.07900542 0.2510774 0.07608449 0.2509025 0.06711798 0.2424834 0.05000907 0.2424834 0.1122514 0.2389015 0.1122514 0.2389015 0.1122514 0.2424834 0.1122514 0.2424834 0.05000907 0.2269006 0.05565196 0.2269006 0.1066085 0.2353196 0.1122514 0.2700226 0.07479029 0.2700226 0.05000907 0.2509025 0.06711798 0.2509025 0.06711798 0.2510774 0.07608449 0.2567877 0.07900542 0.2567877 0.07900542 0.2629836 0.0808621 0.2700226 0.07479029 0.2353196 0.1122514 0.2389015 0.1122514 0.2389015 0.05000907 0.2891429 0.08086204 0.2891429 0.05608087 0.2700226 0.06375318 0.2891429 0.05608087 0.2821038 0.05000907 0.2759078 0.05186581 0.2700226 0.06375318 0.2891429 0.05608087 0.2759078 0.05186581 0.2424834 0.1122514 0.2509025 0.1066085 0.2509025 0.05565196 0.2269006 0.05565196 0.2353196 0.05000913 0.2353196 0.1122514 0.2389015 0.05000907 0.2389015 0.1122514 0.2353196 0.1122514 0.2424834 0.05000907 0.2424834 0.1122514 0.2389015 0.1122514 0.2509025 0.05565196 0.2509025 0.1066085 0.2424834 0.1122514 0.2509025 0.06711798 0.2700226 0.05000907 0.2700226 0.07479029 0.2700226 0.07479029 0.2629836 0.0808621 0.2567877 0.07900542 0.2567877 0.07900542 0.2510774 0.07608449 0.2509025 0.06711798 0.2821038 0.05000907 0.2891429 0.05608087 0.2759078 0.05186581 0.2891429 0.05608087 0.2891429 0.08086204 0.2700226 0.06375318 0.2700226 0.06375318 0.2701976 0.05478668 0.2759078 0.05186581 0.2269006 0.05565196 0.2269006 0.1066085 0.2353196 0.1122514 0.2353196 0.1122514 0.2389015 0.1122514 0.2389015 0.05000907 0.2389015 0.1122514 0.2424834 0.1122514 0.2424834 0.05000907 0.2424834 0.1122514 0.2509025 0.1066085 0.2509025 0.05565196 0.2700226 0.07479029 0.2700226 0.05000907 0.2509025 0.06711798 0.2509025 0.06711798 0.2510774 0.07608449 0.2567877 0.07900542 0.2567877 0.07900542 0.2629836 0.0808621 0.2700226 0.07479029 0.2891429 0.08086204 0.2891429 0.05608087 0.2700226 0.06375318 0.2891429 0.05608087 0.2821038 0.05000907 0.2759078 0.05186581 0.2700226 0.06375318 0.2891429 0.05608087 0.2759078 0.05186581 0.2424834 0.1122514 0.2509025 0.1066085 0.2509025 0.05565196 0.2891429 0.08086204 0.2891429 0.05608087 0.2700226 0.06375318 0.2891429 0.05608087 0.2821038 0.05000907 0.2759078 0.05186581 0.2700226 0.06375318 0.2891429 0.05608087 0.2759078 0.05186581 0.2269006 0.05565196 0.2269006 0.1066085 0.2353196 0.1122514 0.2353196 0.05000913 0.2353196 0.1122514 0.2389015 0.1122514 0.2700226 0.07479029 0.2700226 0.05000907 0.2509025 0.06711798 0.2509025 0.06711798 0.2510774 0.07608449 0.2567877 0.07900542 0.2567877 0.07900542 0.2629836 0.0808621 0.2700226 0.07479029 0.2389015 0.1122514 0.2424834 0.1122514 0.2424834 0.05000907 0.2424834 0.05000907 0.2424834 0.1122514 0.2389015 0.1122514 0.2269006 0.05565196 0.2353196 0.05000913 0.2353196 0.1122514 0.2509025 0.06711798 0.2700226 0.05000907 0.2700226 0.07479029 0.2700226 0.07479029 0.2629836 0.0808621 0.2567877 0.07900542 0.2567877 0.07900542 0.2510774 0.07608449 0.2509025 0.06711798 0.2389015 0.05000907 0.2389015 0.1122514 0.2353196 0.1122514 0.2821038 0.05000907 0.2891429 0.05608087 0.2759078 0.05186581 0.2891429 0.05608087 0.2891429 0.08086204 0.2700226 0.06375318 0.2700226 0.06375318 0.2701976 0.05478668 0.2759078 0.05186581 0.2509025 0.05565196 0.2509025 0.1066085 0.2424834 0.1122514</float_array>
          <technique_common>
            <accessor source="#Cylinder_037-mesh-map-0-array" count="384" stride="2">
              <param name="S" type="float"/>
              <param name="T" type="float"/>
            </accessor>
          </technique_common>
        </source>
        <vertices id="Cylinder_037-mesh-vertices">
          <input semantic="POSITION" source="#Cylinder_037-mesh-positions"/>
        </vertices>
        <triangles material="Material_001-material" count="128">
          <input semantic="VERTEX" source="#Cylinder_037-mesh-vertices" offset="0"/>
          <input semantic="NORMAL" source="#Cylinder_037-mesh-normals" offset="1"/>
          <input semantic="TEXCOORD" source="#Cylinder_037-mesh-map-0" offset="2" set="0"/>
          <p>8 0 0 1 1 1 0 2 2 1 1 3 2 3 4 0 2 5 3 4 6 4 5 7 2 3 8 5 6 9 6 7 10 4 5 11 7 8 12 3 4 13 9 9 14 2 3 15 4 5 16 6 7 17 18 10 18 13 11 19 19 12 20 14 13 21 13 11 22 12 14 23 16 15 24 15 16 25 14 13 26 6 7 27 17 17 28 16 15 29 19 12 30 15 16 31 7 8 32 6 7 33 14 13 34 18 10 35 26 18 36 25 19 37 24 20 38 26 18 39 22 21 40 8 0 41 8 0 42 21 22 43 9 9 44 20 23 45 23 24 46 21 22 47 9 9 48 23 24 49 27 25 50 24 20 51 23 24 52 22 21 53 35 26 54 31 27 55 34 28 56 36 29 57 33 30 58 32 31 59 27 25 60 35 26 61 37 32 62 33 30 63 34 28 64 32 31 65 34 28 66 31 27 67 26 18 68 30 33 69 26 18 70 31 27 71 44 34 72 29 35 73 45 36 74 38 37 75 29 35 76 28 38 77 40 39 78 39 40 79 38 37 80 42 41 81 41 42 82 40 39 83 45 36 84 39 40 85 43 43 86 42 41 87 38 37 88 44 34 89 18 10 90 47 44 91 46 45 92 47 44 93 48 46 94 46 45 95 49 47 96 50 48 97 48 46 98 51 49 99 42 41 100 50 48 101 43 43 102 49 47 103 19 12 104 48 46 105 50 48 106 42 41 107 57 50 108 58 51 109 56 52 110 54 53 111 56 52 112 58 51 113 44 34 114 53 54 115 52 55 116 52 55 117 55 56 118 54 53 119 59 57 120 55 56 121 45 36 122 55 56 123 56 52 124 54 53 125 61 58 126 65 59 127 64 60 128 36 29 129 63 61 130 37 32 131 37 32 132 65 59 133 59 57 134 64 60 135 63 61 136 62 62 137 58 51 138 64 60 139 36 29 140 58 51 141 60 63 142 61 58 143 8 0 144 9 9 145 1 1 146 1 1 147 3 4 148 2 3 149 3 4 150 5 6 151 4 5 152 5 6 153 7 8 154 6 7 155 9 9 156 10 64 157 7 8 158 7 8 159 5 6 160 3 4 161 3 4 162 1 1 163 9 9 164 11 65 165 8 0 166 6 7 167 8 0 168 0 2 169 2 3 170 6 7 171 8 0 172 2 3 173 18 10 174 12 14 175 13 11 176 14 13 177 15 16 178 13 11 179 16 15 180 17 17 181 15 16 182 6 7 183 7 8 184 17 17 185 7 8 186 10 64 187 19 12 188 19 12 189 13 11 190 15 16 191 15 16 192 17 17 193 7 8 194 12 14 195 18 10 196 14 13 197 18 10 198 11 65 199 6 7 200 6 7 201 16 15 202 14 13 203 26 18 204 27 25 205 25 19 206 20 23 207 8 0 208 22 21 209 8 0 210 11 65 211 26 18 212 26 18 213 24 20 214 22 21 215 8 0 216 20 23 217 21 22 218 20 23 219 22 21 220 23 24 221 27 25 222 10 64 223 9 9 224 9 9 225 21 22 226 23 24 227 23 24 228 25 19 229 27 25 230 24 20 231 25 19 232 23 24 233 35 26 234 30 33 235 31 27 236 36 29 237 37 32 238 33 30 239 37 32 240 10 64 241 27 25 242 27 25 243 30 33 244 35 26 245 35 26 246 33 30 247 37 32 248 33 30 249 35 26 250 34 28 251 11 65 252 36 29 253 26 18 254 36 29 255 32 31 256 34 28 257 26 18 258 36 29 259 34 28 260 30 33 261 27 25 262 26 18 263 44 34 264 28 38 265 29 35 266 38 37 267 39 40 268 29 35 269 40 39 270 41 42 271 39 40 272 42 41 273 43 43 274 41 42 275 43 43 276 10 64 277 45 36 278 45 36 279 29 35 280 39 40 281 39 40 282 41 42 283 43 43 284 28 38 285 44 34 286 38 37 287 44 34 288 11 65 289 42 41 290 42 41 291 40 39 292 38 37 293 18 10 294 19 12 295 47 44 296 47 44 297 49 47 298 48 46 299 49 47 300 51 49 301 50 48 302 51 49 303 43 43 304 42 41 305 19 12 306 10 64 307 43 43 308 43 43 309 51 49 310 49 47 311 49 47 312 47 44 313 19 12 314 11 65 315 18 10 316 42 41 317 18 10 318 46 45 319 48 46 320 42 41 321 18 10 322 48 46 323 57 50 324 59 57 325 58 51 326 11 65 327 44 34 328 58 51 329 44 34 330 52 55 331 54 53 332 58 51 333 44 34 334 54 53 335 44 34 336 45 36 337 53 54 338 52 55 339 53 54 340 55 56 341 45 36 342 10 64 343 59 57 344 59 57 345 57 50 346 55 56 347 55 56 348 53 54 349 45 36 350 55 56 351 57 50 352 56 52 353 61 58 354 60 63 355 65 59 356 36 29 357 62 62 358 63 61 359 59 57 360 10 64 361 37 32 362 37 32 363 63 61 364 65 59 365 65 59 366 60 63 367 59 57 368 64 60 369 65 59 370 63 61 371 62 62 372 36 29 373 64 60 374 36 29 375 11 65 376 58 51 377 58 51 378 61 58 379 64 60 380 58 51 381 59 57 382 60 63 383</p>
        </triangles>
      </mesh>
    </geometry>
    <geometry id="Cylinder_038-mesh" name="Cylinder.038">
      <mesh>
        <source id="Cylinder_038-mesh-positions">
          <float_array id="Cylinder_038-mesh-positions-array" count="198">2.066564 0.4110659 0.4166869 2.066564 0.4110659 -0.1134542 1.94666 0.806334 0.4166868 1.94666 0.806334 -0.1134542 1.751947 1.170615 0.4166868 1.751947 1.170615 -0.1134542 1.219761 1.219761 0.4166868 1.219761 1.219761 -0.4166868 1.725002 0 0.4166869 1.725002 0 -0.4166868 0 0 -0.4166868 0 0 0.4166869 0.4110659 2.066564 0.4166868 0.4110659 2.066564 -0.1134543 0.8063341 1.94666 0.4166868 0.8063341 1.94666 -0.1134543 1.170615 1.751947 0.4166868 1.170615 1.751947 -0.1134543 0 1.725002 0.4166868 0 1.725002 -0.4166869 2.066564 -0.4110659 0.4166869 2.066564 -0.4110659 -0.1134542 1.94666 -0.806334 0.4166869 1.94666 -0.806334 -0.1134542 1.751947 -1.170615 0.4166869 1.751947 -1.170615 -0.1134542 1.219761 -1.219761 0.4166869 1.219761 -1.219761 -0.4166868 -2.066564 0.4110659 0.4166869 -2.066564 0.4110659 -0.1134542 1.170615 -1.751947 -0.1134541 1.170615 -1.751947 0.416687 0.4110659 -2.066564 0.416687 0.4110659 -2.066564 -0.1134541 0.8063341 -1.94666 0.416687 0.8063341 -1.94666 -0.1134541 0 -1.725002 0.416687 0 -1.725002 -0.4166867 -1.94666 0.806334 0.4166868 -1.94666 0.806334 -0.1134542 -1.751947 1.170615 0.4166868 -1.751947 1.170615 -0.1134542 -1.219761 1.219761 0.4166868 -1.219761 1.219761 -0.4166868 -1.725002 0 0.4166869 -1.725002 0 -0.4166868 -0.4110659 2.066564 0.4166868 -0.4110659 2.066564 -0.1134543 -0.8063341 1.94666 0.4166868 -0.8063341 1.94666 -0.1134543 -1.170615 1.751947 0.4166868 -1.170615 1.751947 -0.1134543 -2.066564 -0.4110659 0.4166869 -2.066564 -0.4110659 -0.1134542 -1.94666 -0.806334 0.4166869 -1.94666 -0.806334 -0.1134542 -1.751947 -1.170615 0.4166869 -1.751947 -1.170615 -0.1134542 -1.219761 -1.219761 0.4166869 -1.219761 -1.219761 -0.4166868 -1.170615 -1.751947 -0.1134541 -1.170615 -1.751947 0.416687 -0.4110659 -2.066564 0.416687 -0.4110659 -2.066564 -0.1134541 -0.8063341 -1.94666 0.416687 -0.8063341 -1.94666 -0.1134541</float_array>
          <technique_common>
            <accessor source="#Cylinder_038-mesh-positions-array" count="66" stride="3">
              <param name="X" type="float"/>
              <param name="Y" type="float"/>
              <param name="Z" type="float"/>
            </accessor>
          </technique_common>
        </source>
        <source id="Cylinder_038-mesh-normals">
          <float_array id="Cylinder_038-mesh-normals-array" count="198">0.4707878 0 0.8822466 0.9202591 -0.1176838 -0.3731943 0.7733943 -0.1562902 0.6143572 0.6724823 0.2785453 0.6856969 0.8146226 0.337422 -0.4717376 0.4363648 0.6573856 0.6143534 0.5674774 0.7339606 -0.3731909 0.3328776 0.3328776 0.8822614 0.381401 0.381401 -0.8420609 0.5393949 0 -0.8420529 0 0.4707878 0.8822466 -0.1176838 0.9202591 -0.3731943 0 0.5393949 -0.8420529 0.2785453 0.6724823 0.6856969 -0.1562902 0.7733943 0.6143572 0.6573856 0.4363648 0.6143534 0.337422 0.8146226 -0.4717376 0.7339606 0.5674774 -0.3731909 0.3328776 -0.3328776 0.8822614 0.5674774 -0.7339606 -0.3731909 0.4363648 -0.6573856 0.6143534 0.6724823 -0.2785453 0.6856969 0.9202591 0.1176838 -0.3731943 0.7733943 0.1562902 0.6143572 0.8146226 -0.337422 -0.4717376 0.381401 -0.381401 -0.8420609 0.337422 -0.8146226 -0.4717376 0.6573856 -0.4363648 0.6143534 0.2785453 -0.6724823 0.6856969 0 -0.4707878 0.8822466 -0.1176838 -0.9202591 -0.3731943 -0.1562902 -0.7733943 0.6143572 0 -0.5393949 -0.8420529 0.7339606 -0.5674774 -0.3731909 -0.4707878 0 0.8822466 -0.9202591 -0.1176838 -0.3731943 -0.5393949 0 -0.8420529 -0.6724823 0.2785453 0.6856969 -0.7733943 -0.1562902 0.6143572 -0.4363648 0.6573856 0.6143534 -0.8146226 0.337422 -0.4717376 -0.3328776 0.3328776 0.8822614 -0.5674774 0.7339606 -0.3731909 -0.381401 0.381401 -0.8420609 0.1176838 0.9202591 -0.3731943 0.1562902 0.7733943 0.6143572 -0.2785453 0.6724823 0.6856969 -0.337422 0.8146226 -0.4717376 -0.6573856 0.4363648 0.6143534 -0.7339606 0.5674774 -0.3731909 -0.5674774 -0.7339606 -0.3731909 -0.3328776 -0.3328776 0.8822614 -0.4363648 -0.6573856 0.6143534 -0.6724823 -0.2785453 0.6856969 -0.9202591 0.1176838 -0.3731943 -0.7733943 0.1562902 0.6143572 -0.8146226 -0.337422 -0.4717376 -0.381401 -0.381401 -0.8420609 -0.6573856 -0.4363648 0.6143534 -0.337422 -0.8146226 -0.4717376 -0.2785453 -0.6724823 0.6856969 0.1176838 -0.9202591 -0.3731943 0.1562902 -0.7733943 0.6143572 -0.7339606 -0.5674774 -0.3731909 0 0 -1 0 0 1</float_array>
          <technique_common>
            <accessor source="#Cylinder_038-mesh-normals-array" count="66" stride="3">
              <param name="X" type="float"/>
              <param name="Y" type="float"/>
              <param name="Z" type="float"/>
            </accessor>
          </technique_common>
        </source>
        <source id="Cylinder_038-mesh-map-0">
          <float_array id="Cylinder_038-mesh-map-0-array" count="768">0.2269006 0.05565196 0.2353196 0.1122514 0.2353196 0.05000913 0.2353196 0.1122514 0.2389015 0.05000907 0.2353196 0.05000913 0.2389015 0.1122514 0.2424834 0.05000907 0.2389015 0.05000907 0.2424834 0.1122514 0.2509025 0.05565196 0.2424834 0.05000907 0.2509025 0.06711798 0.2567877 0.07900542 0.2700226 0.07479029 0.2759078 0.05186581 0.2701976 0.05478668 0.2700226 0.06375318 0.2269006 0.05565196 0.2353196 0.1122514 0.2269006 0.1066085 0.2389015 0.05000907 0.2353196 0.1122514 0.2353196 0.05000913 0.2424834 0.05000907 0.2389015 0.1122514 0.2389015 0.05000907 0.2509025 0.05565196 0.2424834 0.1122514 0.2424834 0.05000907 0.2700226 0.07479029 0.2567877 0.07900542 0.2509025 0.06711798 0.2700226 0.06375318 0.2759078 0.05186581 0.2891429 0.05608087 0.2509025 0.05565196 0.2424834 0.1122514 0.2424834 0.05000907 0.2700226 0.06375318 0.2759078 0.05186581 0.2891429 0.05608087 0.2269006 0.05565196 0.2353196 0.1122514 0.2269006 0.1066085 0.2353196 0.05000913 0.2389015 0.1122514 0.2353196 0.1122514 0.2700226 0.07479029 0.2567877 0.07900542 0.2509025 0.06711798 0.2424834 0.05000907 0.2389015 0.1122514 0.2389015 0.05000907 0.2389015 0.1122514 0.2424834 0.05000907 0.2389015 0.05000907 0.2269006 0.05565196 0.2353196 0.1122514 0.2353196 0.05000913 0.2509025 0.06711798 0.2567877 0.07900542 0.2700226 0.07479029 0.2353196 0.1122514 0.2389015 0.05000907 0.2353196 0.05000913 0.2759078 0.05186581 0.2701976 0.05478668 0.2700226 0.06375318 0.2424834 0.1122514 0.2509025 0.05565196 0.2424834 0.05000907 0.2269006 0.05565196 0.2353196 0.1122514 0.2269006 0.1066085 0.2389015 0.05000907 0.2353196 0.1122514 0.2353196 0.05000913 0.2424834 0.05000907 0.2389015 0.1122514 0.2389015 0.05000907 0.2509025 0.05565196 0.2424834 0.1122514 0.2424834 0.05000907 0.2700226 0.07479029 0.2567877 0.07900542 0.2509025 0.06711798 0.2700226 0.06375318 0.2759078 0.05186581 0.2891429 0.05608087 0.2269006 0.05565196 0.2353196 0.1122514 0.2353196 0.05000913 0.2353196 0.1122514 0.2389015 0.05000907 0.2353196 0.05000913 0.2389015 0.1122514 0.2424834 0.05000907 0.2389015 0.05000907 0.2424834 0.1122514 0.2509025 0.05565196 0.2424834 0.05000907 0.2509025 0.06711798 0.2567877 0.07900542 0.2700226 0.07479029 0.2759078 0.05186581 0.2701976 0.05478668 0.2700226 0.06375318 0.2424834 0.1122514 0.2509025 0.05565196 0.2424834 0.05000907 0.2759078 0.05186581 0.2701976 0.05478668 0.2700226 0.06375318 0.2269006 0.05565196 0.2353196 0.1122514 0.2353196 0.05000913 0.2353196 0.05000913 0.2389015 0.1122514 0.2389015 0.05000907 0.2509025 0.06711798 0.2567877 0.07900542 0.2700226 0.07479029 0.2389015 0.1122514 0.2424834 0.05000907 0.2389015 0.05000907 0.2424834 0.05000907 0.2389015 0.1122514 0.2389015 0.05000907 0.2269006 0.05565196 0.2353196 0.1122514 0.2269006 0.1066085 0.2700226 0.07479029 0.2567877 0.07900542 0.2509025 0.06711798 0.2389015 0.05000907 0.2353196 0.1122514 0.2353196 0.05000913 0.2700226 0.06375318 0.2759078 0.05186581 0.2891429 0.05608087 0.2509025 0.05565196 0.2424834 0.1122514 0.2424834 0.05000907 0.2269006 0.05565196 0.2269006 0.1066085 0.2353196 0.1122514 0.2353196 0.1122514 0.2389015 0.1122514 0.2389015 0.05000907 0.2389015 0.1122514 0.2424834 0.1122514 0.2424834 0.05000907 0.2424834 0.1122514 0.2509025 0.1066085 0.2509025 0.05565196 0.2700226 0.07479029 0.2700226 0.05000907 0.2509025 0.06711798 0.2509025 0.06711798 0.2510774 0.07608449 0.2567877 0.07900542 0.2567877 0.07900542 0.2629836 0.0808621 0.2700226 0.07479029 0.2891429 0.08086204 0.2891429 0.05608087 0.2700226 0.06375318 0.2891429 0.05608087 0.2821038 0.05000907 0.2759078 0.05186581 0.2700226 0.06375318 0.2891429 0.05608087 0.2759078 0.05186581 0.2269006 0.05565196 0.2353196 0.05000913 0.2353196 0.1122514 0.2389015 0.05000907 0.2389015 0.1122514 0.2353196 0.1122514 0.2424834 0.05000907 0.2424834 0.1122514 0.2389015 0.1122514 0.2509025 0.05565196 0.2509025 0.1066085 0.2424834 0.1122514 0.2509025 0.06711798 0.2700226 0.05000907 0.2700226 0.07479029 0.2700226 0.07479029 0.2629836 0.0808621 0.2567877 0.07900542 0.2567877 0.07900542 0.2510774 0.07608449 0.2509025 0.06711798 0.2821038 0.05000907 0.2891429 0.05608087 0.2759078 0.05186581 0.2891429 0.05608087 0.2891429 0.08086204 0.2700226 0.06375318 0.2700226 0.06375318 0.2701976 0.05478668 0.2759078 0.05186581 0.2509025 0.05565196 0.2509025 0.1066085 0.2424834 0.1122514 0.2821038 0.05000907 0.2891429 0.05608087 0.2759078 0.05186581 0.2891429 0.05608087 0.2891429 0.08086204 0.2700226 0.06375318 0.2700226 0.06375318 0.2701976 0.05478668 0.2759078 0.05186581 0.2269006 0.05565196 0.2353196 0.05000913 0.2353196 0.1122514 0.2353196 0.05000913 0.2389015 0.05000907 0.2389015 0.1122514 0.2509025 0.06711798 0.2700226 0.05000907 0.2700226 0.07479029 0.2700226 0.07479029 0.2629836 0.0808621 0.2567877 0.07900542 0.2567877 0.07900542 0.2510774 0.07608449 0.2509025 0.06711798 0.2424834 0.05000907 0.2424834 0.1122514 0.2389015 0.1122514 0.2389015 0.1122514 0.2424834 0.1122514 0.2424834 0.05000907 0.2269006 0.05565196 0.2269006 0.1066085 0.2353196 0.1122514 0.2700226 0.07479029 0.2700226 0.05000907 0.2509025 0.06711798 0.2509025 0.06711798 0.2510774 0.07608449 0.2567877 0.07900542 0.2567877 0.07900542 0.2629836 0.0808621 0.2700226 0.07479029 0.2353196 0.1122514 0.2389015 0.1122514 0.2389015 0.05000907 0.2891429 0.08086204 0.2891429 0.05608087 0.2700226 0.06375318 0.2891429 0.05608087 0.2821038 0.05000907 0.2759078 0.05186581 0.2700226 0.06375318 0.2891429 0.05608087 0.2759078 0.05186581 0.2424834 0.1122514 0.2509025 0.1066085 0.2509025 0.05565196 0.2269006 0.05565196 0.2353196 0.05000913 0.2353196 0.1122514 0.2389015 0.05000907 0.2389015 0.1122514 0.2353196 0.1122514 0.2424834 0.05000907 0.2424834 0.1122514 0.2389015 0.1122514 0.2509025 0.05565196 0.2509025 0.1066085 0.2424834 0.1122514 0.2509025 0.06711798 0.2700226 0.05000907 0.2700226 0.07479029 0.2700226 0.07479029 0.2629836 0.0808621 0.2567877 0.07900542 0.2567877 0.07900542 0.2510774 0.07608449 0.2509025 0.06711798 0.2821038 0.05000907 0.2891429 0.05608087 0.2759078 0.05186581 0.2891429 0.05608087 0.2891429 0.08086204 0.2700226 0.06375318 0.2700226 0.06375318 0.2701976 0.05478668 0.2759078 0.05186581 0.2269006 0.05565196 0.2269006 0.1066085 0.2353196 0.1122514 0.2353196 0.1122514 0.2389015 0.1122514 0.2389015 0.05000907 0.2389015 0.1122514 0.2424834 0.1122514 0.2424834 0.05000907 0.2424834 0.1122514 0.2509025 0.1066085 0.2509025 0.05565196 0.2700226 0.07479029 0.2700226 0.05000907 0.2509025 0.06711798 0.2509025 0.06711798 0.2510774 0.07608449 0.2567877 0.07900542 0.2567877 0.07900542 0.2629836 0.0808621 0.2700226 0.07479029 0.2891429 0.08086204 0.2891429 0.05608087 0.2700226 0.06375318 0.2891429 0.05608087 0.2821038 0.05000907 0.2759078 0.05186581 0.2700226 0.06375318 0.2891429 0.05608087 0.2759078 0.05186581 0.2424834 0.1122514 0.2509025 0.1066085 0.2509025 0.05565196 0.2891429 0.08086204 0.2891429 0.05608087 0.2700226 0.06375318 0.2891429 0.05608087 0.2821038 0.05000907 0.2759078 0.05186581 0.2700226 0.06375318 0.2891429 0.05608087 0.2759078 0.05186581 0.2269006 0.05565196 0.2269006 0.1066085 0.2353196 0.1122514 0.2353196 0.05000913 0.2353196 0.1122514 0.2389015 0.1122514 0.2700226 0.07479029 0.2700226 0.05000907 0.2509025 0.06711798 0.2509025 0.06711798 0.2510774 0.07608449 0.2567877 0.07900542 0.2567877 0.07900542 0.2629836 0.0808621 0.2700226 0.07479029 0.2389015 0.1122514 0.2424834 0.1122514 0.2424834 0.05000907 0.2424834 0.05000907 0.2424834 0.1122514 0.2389015 0.1122514 0.2269006 0.05565196 0.2353196 0.05000913 0.2353196 0.1122514 0.2509025 0.06711798 0.2700226 0.05000907 0.2700226 0.07479029 0.2700226 0.07479029 0.2629836 0.0808621 0.2567877 0.07900542 0.2567877 0.07900542 0.2510774 0.07608449 0.2509025 0.06711798 0.2389015 0.05000907 0.2389015 0.1122514 0.2353196 0.1122514 0.2821038 0.05000907 0.2891429 0.05608087 0.2759078 0.05186581 0.2891429 0.05608087 0.2891429 0.08086204 0.2700226 0.06375318 0.2700226 0.06375318 0.2701976 0.05478668 0.2759078 0.05186581 0.2509025 0.05565196 0.2509025 0.1066085 0.2424834 0.1122514</float_array>
          <technique_common>
            <accessor source="#Cylinder_038-mesh-map-0-array" count="384" stride="2">
              <param name="S" type="float"/>
              <param name="T" type="float"/>
            </accessor>
          </technique_common>
        </source>
        <vertices id="Cylinder_038-mesh-vertices">
          <input semantic="POSITION" source="#Cylinder_038-mesh-positions"/>
        </vertices>
        <triangles material="Material_001-material" count="128">
          <input semantic="VERTEX" source="#Cylinder_038-mesh-vertices" offset="0"/>
          <input semantic="NORMAL" source="#Cylinder_038-mesh-normals" offset="1"/>
          <input semantic="TEXCOORD" source="#Cylinder_038-mesh-map-0" offset="2" set="0"/>
          <p>8 0 0 1 1 1 0 2 2 1 1 3 2 3 4 0 2 5 3 4 6 4 5 7 2 3 8 5 6 9 6 7 10 4 5 11 7 8 12 3 4 13 9 9 14 2 3 15 4 5 16 6 7 17 18 10 18 13 11 19 19 12 20 14 13 21 13 11 22 12 14 23 16 15 24 15 16 25 14 13 26 6 7 27 17 17 28 16 15 29 19 12 30 15 16 31 7 8 32 6 7 33 14 13 34 18 10 35 26 18 36 25 19 37 24 20 38 26 18 39 22 21 40 8 0 41 8 0 42 21 22 43 9 9 44 20 23 45 23 24 46 21 22 47 9 9 48 23 24 49 27 25 50 24 20 51 23 24 52 22 21 53 35 26 54 31 27 55 34 28 56 36 29 57 33 30 58 32 31 59 27 25 60 35 26 61 37 32 62 33 30 63 34 28 64 32 31 65 34 28 66 31 27 67 26 18 68 30 33 69 26 18 70 31 27 71 44 34 72 29 35 73 45 36 74 38 37 75 29 35 76 28 38 77 40 39 78 39 40 79 38 37 80 42 41 81 41 42 82 40 39 83 45 36 84 39 40 85 43 43 86 42 41 87 38 37 88 44 34 89 18 10 90 47 44 91 46 45 92 47 44 93 48 46 94 46 45 95 49 47 96 50 48 97 48 46 98 51 49 99 42 41 100 50 48 101 43 43 102 49 47 103 19 12 104 48 46 105 50 48 106 42 41 107 57 50 108 58 51 109 56 52 110 54 53 111 56 52 112 58 51 113 44 34 114 53 54 115 52 55 116 52 55 117 55 56 118 54 53 119 59 57 120 55 56 121 45 36 122 55 56 123 56 52 124 54 53 125 61 58 126 65 59 127 64 60 128 36 29 129 63 61 130 37 32 131 37 32 132 65 59 133 59 57 134 64 60 135 63 61 136 62 62 137 58 51 138 64 60 139 36 29 140 58 51 141 60 63 142 61 58 143 8 0 144 9 9 145 1 1 146 1 1 147 3 4 148 2 3 149 3 4 150 5 6 151 4 5 152 5 6 153 7 8 154 6 7 155 9 9 156 10 64 157 7 8 158 7 8 159 5 6 160 3 4 161 3 4 162 1 1 163 9 9 164 11 65 165 8 0 166 6 7 167 8 0 168 0 2 169 2 3 170 6 7 171 8 0 172 2 3 173 18 10 174 12 14 175 13 11 176 14 13 177 15 16 178 13 11 179 16 15 180 17 17 181 15 16 182 6 7 183 7 8 184 17 17 185 7 8 186 10 64 187 19 12 188 19 12 189 13 11 190 15 16 191 15 16 192 17 17 193 7 8 194 12 14 195 18 10 196 14 13 197 18 10 198 11 65 199 6 7 200 6 7 201 16 15 202 14 13 203 26 18 204 27 25 205 25 19 206 20 23 207 8 0 208 22 21 209 8 0 210 11 65 211 26 18 212 26 18 213 24 20 214 22 21 215 8 0 216 20 23 217 21 22 218 20 23 219 22 21 220 23 24 221 27 25 222 10 64 223 9 9 224 9 9 225 21 22 226 23 24 227 23 24 228 25 19 229 27 25 230 24 20 231 25 19 232 23 24 233 35 26 234 30 33 235 31 27 236 36 29 237 37 32 238 33 30 239 37 32 240 10 64 241 27 25 242 27 25 243 30 33 244 35 26 245 35 26 246 33 30 247 37 32 248 33 30 249 35 26 250 34 28 251 11 65 252 36 29 253 26 18 254 36 29 255 32 31 256 34 28 257 26 18 258 36 29 259 34 28 260 30 33 261 27 25 262 26 18 263 44 34 264 28 38 265 29 35 266 38 37 267 39 40 268 29 35 269 40 39 270 41 42 271 39 40 272 42 41 273 43 43 274 41 42 275 43 43 276 10 64 277 45 36 278 45 36 279 29 35 280 39 40 281 39 40 282 41 42 283 43 43 284 28 38 285 44 34 286 38 37 287 44 34 288 11 65 289 42 41 290 42 41 291 40 39 292 38 37 293 18 10 294 19 12 295 47 44 296 47 44 297 49 47 298 48 46 299 49 47 300 51 49 301 50 48 302 51 49 303 43 43 304 42 41 305 19 12 306 10 64 307 43 43 308 43 43 309 51 49 310 49 47 311 49 47 312 47 44 313 19 12 314 11 65 315 18 10 316 42 41 317 18 10 318 46 45 319 48 46 320 42 41 321 18 10 322 48 46 323 57 50 324 59 57 325 58 51 326 11 65 327 44 34 328 58 51 329 44 34 330 52 55 331 54 53 332 58 51 333 44 34 334 54 53 335 44 34 336 45 36 337 53 54 338 52 55 339 53 54 340 55 56 341 45 36 342 10 64 343 59 57 344 59 57 345 57 50 346 55 56 347 55 56 348 53 54 349 45 36 350 55 56 351 57 50 352 56 52 353 61 58 354 60 63 355 65 59 356 36 29 357 62 62 358 63 61 359 59 57 360 10 64 361 37 32 362 37 32 363 63 61 364 65 59 365 65 59 366 60 63 367 59 57 368 64 60 369 65 59 370 63 61 371 62 62 372 36 29 373 64 60 374 36 29 375 11 65 376 58 51 377 58 51 378 61 58 379 64 60 380 58 51 381 59 57 382 60 63 383</p>
        </triangles>
      </mesh>
    </geometry>
    <geometry id="Cylinder_039-mesh" name="Cylinder.039">
      <mesh>
        <source id="Cylinder_039-mesh-positions">
          <float_array id="Cylinder_039-mesh-positions-array" count="198">3.46309 0.688853 0.6982725 3.46309 0.688853 -0.1901235 3.262159 1.351232 0.6982724 3.262159 1.351232 -0.1901236 2.935865 1.961685 0.6982724 2.935865 1.961685 -0.1901236 2.044041 2.044041 0.6982724 2.044041 2.044041 -0.6982724 2.890711 0 0.6982725 2.890711 0 -0.6982724 0 0 -0.6982724 0 0 0.6982725 0.688853 3.46309 0.6982724 0.688853 3.46309 -0.1901236 1.351233 3.262159 0.6982724 1.351233 3.262159 -0.1901236 1.961685 2.935865 0.6982724 1.961685 2.935865 -0.1901236 0 2.890711 0.6982724 0 2.890711 -0.6982725 3.46309 -0.688853 0.6982725 3.46309 -0.688853 -0.1901235 3.262159 -1.351232 0.6982725 3.262159 -1.351232 -0.1901234 2.935865 -1.961685 0.6982725 2.935865 -1.961685 -0.1901234 2.044041 -2.044041 0.6982725 2.044041 -2.044041 -0.6982723 -3.46309 0.688853 0.6982725 -3.46309 0.688853 -0.1901235 1.961685 -2.935865 -0.1901233 1.961685 -2.935865 0.6982727 0.688853 -3.46309 0.6982727 0.688853 -3.46309 -0.1901233 1.351233 -3.262159 0.6982727 1.351233 -3.262159 -0.1901233 0 -2.890711 0.6982727 0 -2.890711 -0.6982722 -3.262159 1.351232 0.6982724 -3.262159 1.351232 -0.1901236 -2.935865 1.961685 0.6982724 -2.935865 1.961685 -0.1901236 -2.044041 2.044041 0.6982724 -2.044041 2.044041 -0.6982724 -2.890711 0 0.6982725 -2.890711 0 -0.6982724 -0.688853 3.46309 0.6982724 -0.688853 3.46309 -0.1901236 -1.351233 3.262159 0.6982724 -1.351233 3.262159 -0.1901236 -1.961685 2.935865 0.6982724 -1.961685 2.935865 -0.1901236 -3.46309 -0.688853 0.6982725 -3.46309 -0.688853 -0.1901235 -3.262159 -1.351232 0.6982725 -3.262159 -1.351232 -0.1901234 -2.935865 -1.961685 0.6982725 -2.935865 -1.961685 -0.1901234 -2.044041 -2.044041 0.6982725 -2.044041 -2.044041 -0.6982723 -1.961685 -2.935865 -0.1901233 -1.961685 -2.935865 0.6982727 -0.688853 -3.46309 0.6982727 -0.688853 -3.46309 -0.1901233 -1.351233 -3.262159 0.6982727 -1.351233 -3.262159 -0.1901233</float_array>
          <technique_common>
            <accessor source="#Cylinder_039-mesh-positions-array" count="66" stride="3">
              <param name="X" type="float"/>
              <param name="Y" type="float"/>
              <param name="Z" type="float"/>
            </accessor>
          </technique_common>
        </source>
        <source id="Cylinder_039-mesh-normals">
          <float_array id="Cylinder_039-mesh-normals-array" count="198">0.4707878 0 0.8822466 0.9202591 -0.1176838 -0.3731943 0.7733943 -0.1562902 0.6143572 0.6724823 0.2785453 0.6856969 0.8146226 0.337422 -0.4717376 0.4363648 0.6573856 0.6143534 0.5674774 0.7339606 -0.3731909 0.3328776 0.3328776 0.8822614 0.381401 0.381401 -0.8420609 0.5393949 0 -0.8420529 0 0.4707878 0.8822466 -0.1176838 0.9202591 -0.3731943 0 0.5393949 -0.8420529 0.2785453 0.6724823 0.6856969 -0.1562902 0.7733943 0.6143572 0.6573856 0.4363648 0.6143534 0.337422 0.8146226 -0.4717376 0.7339606 0.5674774 -0.3731909 0.3328776 -0.3328776 0.8822614 0.5674774 -0.7339606 -0.3731909 0.4363648 -0.6573856 0.6143534 0.6724823 -0.2785453 0.6856969 0.9202591 0.1176838 -0.3731943 0.7733943 0.1562902 0.6143572 0.8146226 -0.337422 -0.4717376 0.381401 -0.381401 -0.8420609 0.337422 -0.8146226 -0.4717376 0.6573856 -0.4363648 0.6143534 0.2785453 -0.6724823 0.6856969 0 -0.4707878 0.8822466 -0.1176838 -0.9202591 -0.3731943 -0.1562902 -0.7733943 0.6143572 0 -0.5393949 -0.8420529 0.7339606 -0.5674774 -0.3731909 -0.4707878 0 0.8822466 -0.9202591 -0.1176838 -0.3731943 -0.5393949 0 -0.8420529 -0.6724823 0.2785453 0.6856969 -0.7733943 -0.1562902 0.6143572 -0.4363648 0.6573856 0.6143534 -0.8146226 0.337422 -0.4717376 -0.3328776 0.3328776 0.8822614 -0.5674774 0.7339606 -0.3731909 -0.381401 0.381401 -0.8420609 0.1176838 0.9202591 -0.3731943 0.1562902 0.7733943 0.6143572 -0.2785453 0.6724823 0.6856969 -0.337422 0.8146226 -0.4717376 -0.6573856 0.4363648 0.6143534 -0.7339606 0.5674774 -0.3731909 -0.5674774 -0.7339606 -0.3731909 -0.3328776 -0.3328776 0.8822614 -0.4363648 -0.6573856 0.6143534 -0.6724823 -0.2785453 0.6856969 -0.9202591 0.1176838 -0.3731943 -0.7733943 0.1562902 0.6143572 -0.8146226 -0.337422 -0.4717376 -0.381401 -0.381401 -0.8420609 -0.6573856 -0.4363648 0.6143534 -0.337422 -0.8146226 -0.4717376 -0.2785453 -0.6724823 0.6856969 0.1176838 -0.9202591 -0.3731943 0.1562902 -0.7733943 0.6143572 -0.7339606 -0.5674774 -0.3731909 0 0 -1 0 0 1</float_array>
          <technique_common>
            <accessor source="#Cylinder_039-mesh-normals-array" count="66" stride="3">
              <param name="X" type="float"/>
              <param name="Y" type="float"/>
              <param name="Z" type="float"/>
            </accessor>
          </technique_common>
        </source>
        <source id="Cylinder_039-mesh-map-0">
          <float_array id="Cylinder_039-mesh-map-0-array" count="768">0.2269006 0.05565196 0.2353196 0.1122514 0.2353196 0.05000913 0.2353196 0.1122514 0.2389015 0.05000907 0.2353196 0.05000913 0.2389015 0.1122514 0.2424834 0.05000907 0.2389015 0.05000907 0.2424834 0.1122514 0.2509025 0.05565196 0.2424834 0.05000907 0.2509025 0.06711798 0.2567877 0.07900542 0.2700226 0.07479029 0.2759078 0.05186581 0.2701976 0.05478668 0.2700226 0.06375318 0.2269006 0.05565196 0.2353196 0.1122514 0.2269006 0.1066085 0.2389015 0.05000907 0.2353196 0.1122514 0.2353196 0.05000913 0.2424834 0.05000907 0.2389015 0.1122514 0.2389015 0.05000907 0.2509025 0.05565196 0.2424834 0.1122514 0.2424834 0.05000907 0.2700226 0.07479029 0.2567877 0.07900542 0.2509025 0.06711798 0.2700226 0.06375318 0.2759078 0.05186581 0.2891429 0.05608087 0.2509025 0.05565196 0.2424834 0.1122514 0.2424834 0.05000907 0.2700226 0.06375318 0.2759078 0.05186581 0.2891429 0.05608087 0.2269006 0.05565196 0.2353196 0.1122514 0.2269006 0.1066085 0.2353196 0.05000913 0.2389015 0.1122514 0.2353196 0.1122514 0.2700226 0.07479029 0.2567877 0.07900542 0.2509025 0.06711798 0.2424834 0.05000907 0.2389015 0.1122514 0.2389015 0.05000907 0.2389015 0.1122514 0.2424834 0.05000907 0.2389015 0.05000907 0.2269006 0.05565196 0.2353196 0.1122514 0.2353196 0.05000913 0.2509025 0.06711798 0.2567877 0.07900542 0.2700226 0.07479029 0.2353196 0.1122514 0.2389015 0.05000907 0.2353196 0.05000913 0.2759078 0.05186581 0.2701976 0.05478668 0.2700226 0.06375318 0.2424834 0.1122514 0.2509025 0.05565196 0.2424834 0.05000907 0.2269006 0.05565196 0.2353196 0.1122514 0.2269006 0.1066085 0.2389015 0.05000907 0.2353196 0.1122514 0.2353196 0.05000913 0.2424834 0.05000907 0.2389015 0.1122514 0.2389015 0.05000907 0.2509025 0.05565196 0.2424834 0.1122514 0.2424834 0.05000907 0.2700226 0.07479029 0.2567877 0.07900542 0.2509025 0.06711798 0.2700226 0.06375318 0.2759078 0.05186581 0.2891429 0.05608087 0.2269006 0.05565196 0.2353196 0.1122514 0.2353196 0.05000913 0.2353196 0.1122514 0.2389015 0.05000907 0.2353196 0.05000913 0.2389015 0.1122514 0.2424834 0.05000907 0.2389015 0.05000907 0.2424834 0.1122514 0.2509025 0.05565196 0.2424834 0.05000907 0.2509025 0.06711798 0.2567877 0.07900542 0.2700226 0.07479029 0.2759078 0.05186581 0.2701976 0.05478668 0.2700226 0.06375318 0.2424834 0.1122514 0.2509025 0.05565196 0.2424834 0.05000907 0.2759078 0.05186581 0.2701976 0.05478668 0.2700226 0.06375318 0.2269006 0.05565196 0.2353196 0.1122514 0.2353196 0.05000913 0.2353196 0.05000913 0.2389015 0.1122514 0.2389015 0.05000907 0.2509025 0.06711798 0.2567877 0.07900542 0.2700226 0.07479029 0.2389015 0.1122514 0.2424834 0.05000907 0.2389015 0.05000907 0.2424834 0.05000907 0.2389015 0.1122514 0.2389015 0.05000907 0.2269006 0.05565196 0.2353196 0.1122514 0.2269006 0.1066085 0.2700226 0.07479029 0.2567877 0.07900542 0.2509025 0.06711798 0.2389015 0.05000907 0.2353196 0.1122514 0.2353196 0.05000913 0.2700226 0.06375318 0.2759078 0.05186581 0.2891429 0.05608087 0.2509025 0.05565196 0.2424834 0.1122514 0.2424834 0.05000907 0.2269006 0.05565196 0.2269006 0.1066085 0.2353196 0.1122514 0.2353196 0.1122514 0.2389015 0.1122514 0.2389015 0.05000907 0.2389015 0.1122514 0.2424834 0.1122514 0.2424834 0.05000907 0.2424834 0.1122514 0.2509025 0.1066085 0.2509025 0.05565196 0.2700226 0.07479029 0.2700226 0.05000907 0.2509025 0.06711798 0.2509025 0.06711798 0.2510774 0.07608449 0.2567877 0.07900542 0.2567877 0.07900542 0.2629836 0.0808621 0.2700226 0.07479029 0.2891429 0.08086204 0.2891429 0.05608087 0.2700226 0.06375318 0.2891429 0.05608087 0.2821038 0.05000907 0.2759078 0.05186581 0.2700226 0.06375318 0.2891429 0.05608087 0.2759078 0.05186581 0.2269006 0.05565196 0.2353196 0.05000913 0.2353196 0.1122514 0.2389015 0.05000907 0.2389015 0.1122514 0.2353196 0.1122514 0.2424834 0.05000907 0.2424834 0.1122514 0.2389015 0.1122514 0.2509025 0.05565196 0.2509025 0.1066085 0.2424834 0.1122514 0.2509025 0.06711798 0.2700226 0.05000907 0.2700226 0.07479029 0.2700226 0.07479029 0.2629836 0.0808621 0.2567877 0.07900542 0.2567877 0.07900542 0.2510774 0.07608449 0.2509025 0.06711798 0.2821038 0.05000907 0.2891429 0.05608087 0.2759078 0.05186581 0.2891429 0.05608087 0.2891429 0.08086204 0.2700226 0.06375318 0.2700226 0.06375318 0.2701976 0.05478668 0.2759078 0.05186581 0.2509025 0.05565196 0.2509025 0.1066085 0.2424834 0.1122514 0.2821038 0.05000907 0.2891429 0.05608087 0.2759078 0.05186581 0.2891429 0.05608087 0.2891429 0.08086204 0.2700226 0.06375318 0.2700226 0.06375318 0.2701976 0.05478668 0.2759078 0.05186581 0.2269006 0.05565196 0.2353196 0.05000913 0.2353196 0.1122514 0.2353196 0.05000913 0.2389015 0.05000907 0.2389015 0.1122514 0.2509025 0.06711798 0.2700226 0.05000907 0.2700226 0.07479029 0.2700226 0.07479029 0.2629836 0.0808621 0.2567877 0.07900542 0.2567877 0.07900542 0.2510774 0.07608449 0.2509025 0.06711798 0.2424834 0.05000907 0.2424834 0.1122514 0.2389015 0.1122514 0.2389015 0.1122514 0.2424834 0.1122514 0.2424834 0.05000907 0.2269006 0.05565196 0.2269006 0.1066085 0.2353196 0.1122514 0.2700226 0.07479029 0.2700226 0.05000907 0.2509025 0.06711798 0.2509025 0.06711798 0.2510774 0.07608449 0.2567877 0.07900542 0.2567877 0.07900542 0.2629836 0.0808621 0.2700226 0.07479029 0.2353196 0.1122514 0.2389015 0.1122514 0.2389015 0.05000907 0.2891429 0.08086204 0.2891429 0.05608087 0.2700226 0.06375318 0.2891429 0.05608087 0.2821038 0.05000907 0.2759078 0.05186581 0.2700226 0.06375318 0.2891429 0.05608087 0.2759078 0.05186581 0.2424834 0.1122514 0.2509025 0.1066085 0.2509025 0.05565196 0.2269006 0.05565196 0.2353196 0.05000913 0.2353196 0.1122514 0.2389015 0.05000907 0.2389015 0.1122514 0.2353196 0.1122514 0.2424834 0.05000907 0.2424834 0.1122514 0.2389015 0.1122514 0.2509025 0.05565196 0.2509025 0.1066085 0.2424834 0.1122514 0.2509025 0.06711798 0.2700226 0.05000907 0.2700226 0.07479029 0.2700226 0.07479029 0.2629836 0.0808621 0.2567877 0.07900542 0.2567877 0.07900542 0.2510774 0.07608449 0.2509025 0.06711798 0.2821038 0.05000907 0.2891429 0.05608087 0.2759078 0.05186581 0.2891429 0.05608087 0.2891429 0.08086204 0.2700226 0.06375318 0.2700226 0.06375318 0.2701976 0.05478668 0.2759078 0.05186581 0.2269006 0.05565196 0.2269006 0.1066085 0.2353196 0.1122514 0.2353196 0.1122514 0.2389015 0.1122514 0.2389015 0.05000907 0.2389015 0.1122514 0.2424834 0.1122514 0.2424834 0.05000907 0.2424834 0.1122514 0.2509025 0.1066085 0.2509025 0.05565196 0.2700226 0.07479029 0.2700226 0.05000907 0.2509025 0.06711798 0.2509025 0.06711798 0.2510774 0.07608449 0.2567877 0.07900542 0.2567877 0.07900542 0.2629836 0.0808621 0.2700226 0.07479029 0.2891429 0.08086204 0.2891429 0.05608087 0.2700226 0.06375318 0.2891429 0.05608087 0.2821038 0.05000907 0.2759078 0.05186581 0.2700226 0.06375318 0.2891429 0.05608087 0.2759078 0.05186581 0.2424834 0.1122514 0.2509025 0.1066085 0.2509025 0.05565196 0.2891429 0.08086204 0.2891429 0.05608087 0.2700226 0.06375318 0.2891429 0.05608087 0.2821038 0.05000907 0.2759078 0.05186581 0.2700226 0.06375318 0.2891429 0.05608087 0.2759078 0.05186581 0.2269006 0.05565196 0.2269006 0.1066085 0.2353196 0.1122514 0.2353196 0.05000913 0.2353196 0.1122514 0.2389015 0.1122514 0.2700226 0.07479029 0.2700226 0.05000907 0.2509025 0.06711798 0.2509025 0.06711798 0.2510774 0.07608449 0.2567877 0.07900542 0.2567877 0.07900542 0.2629836 0.0808621 0.2700226 0.07479029 0.2389015 0.1122514 0.2424834 0.1122514 0.2424834 0.05000907 0.2424834 0.05000907 0.2424834 0.1122514 0.2389015 0.1122514 0.2269006 0.05565196 0.2353196 0.05000913 0.2353196 0.1122514 0.2509025 0.06711798 0.2700226 0.05000907 0.2700226 0.07479029 0.2700226 0.07479029 0.2629836 0.0808621 0.2567877 0.07900542 0.2567877 0.07900542 0.2510774 0.07608449 0.2509025 0.06711798 0.2389015 0.05000907 0.2389015 0.1122514 0.2353196 0.1122514 0.2821038 0.05000907 0.2891429 0.05608087 0.2759078 0.05186581 0.2891429 0.05608087 0.2891429 0.08086204 0.2700226 0.06375318 0.2700226 0.06375318 0.2701976 0.05478668 0.2759078 0.05186581 0.2509025 0.05565196 0.2509025 0.1066085 0.2424834 0.1122514</float_array>
          <technique_common>
            <accessor source="#Cylinder_039-mesh-map-0-array" count="384" stride="2">
              <param name="S" type="float"/>
              <param name="T" type="float"/>
            </accessor>
          </technique_common>
        </source>
        <vertices id="Cylinder_039-mesh-vertices">
          <input semantic="POSITION" source="#Cylinder_039-mesh-positions"/>
        </vertices>
        <triangles material="Material_001-material" count="128">
          <input semantic="VERTEX" source="#Cylinder_039-mesh-vertices" offset="0"/>
          <input semantic="NORMAL" source="#Cylinder_039-mesh-normals" offset="1"/>
          <input semantic="TEXCOORD" source="#Cylinder_039-mesh-map-0" offset="2" set="0"/>
          <p>8 0 0 1 1 1 0 2 2 1 1 3 2 3 4 0 2 5 3 4 6 4 5 7 2 3 8 5 6 9 6 7 10 4 5 11 7 8 12 3 4 13 9 9 14 2 3 15 4 5 16 6 7 17 18 10 18 13 11 19 19 12 20 14 13 21 13 11 22 12 14 23 16 15 24 15 16 25 14 13 26 6 7 27 17 17 28 16 15 29 19 12 30 15 16 31 7 8 32 6 7 33 14 13 34 18 10 35 26 18 36 25 19 37 24 20 38 26 18 39 22 21 40 8 0 41 8 0 42 21 22 43 9 9 44 20 23 45 23 24 46 21 22 47 9 9 48 23 24 49 27 25 50 24 20 51 23 24 52 22 21 53 35 26 54 31 27 55 34 28 56 36 29 57 33 30 58 32 31 59 27 25 60 35 26 61 37 32 62 33 30 63 34 28 64 32 31 65 34 28 66 31 27 67 26 18 68 30 33 69 26 18 70 31 27 71 44 34 72 29 35 73 45 36 74 38 37 75 29 35 76 28 38 77 40 39 78 39 40 79 38 37 80 42 41 81 41 42 82 40 39 83 45 36 84 39 40 85 43 43 86 42 41 87 38 37 88 44 34 89 18 10 90 47 44 91 46 45 92 47 44 93 48 46 94 46 45 95 49 47 96 50 48 97 48 46 98 51 49 99 42 41 100 50 48 101 43 43 102 49 47 103 19 12 104 48 46 105 50 48 106 42 41 107 57 50 108 58 51 109 56 52 110 54 53 111 56 52 112 58 51 113 44 34 114 53 54 115 52 55 116 52 55 117 55 56 118 54 53 119 59 57 120 55 56 121 45 36 122 55 56 123 56 52 124 54 53 125 61 58 126 65 59 127 64 60 128 36 29 129 63 61 130 37 32 131 37 32 132 65 59 133 59 57 134 64 60 135 63 61 136 62 62 137 58 51 138 64 60 139 36 29 140 58 51 141 60 63 142 61 58 143 8 0 144 9 9 145 1 1 146 1 1 147 3 4 148 2 3 149 3 4 150 5 6 151 4 5 152 5 6 153 7 8 154 6 7 155 9 9 156 10 64 157 7 8 158 7 8 159 5 6 160 3 4 161 3 4 162 1 1 163 9 9 164 11 65 165 8 0 166 6 7 167 8 0 168 0 2 169 2 3 170 6 7 171 8 0 172 2 3 173 18 10 174 12 14 175 13 11 176 14 13 177 15 16 178 13 11 179 16 15 180 17 17 181 15 16 182 6 7 183 7 8 184 17 17 185 7 8 186 10 64 187 19 12 188 19 12 189 13 11 190 15 16 191 15 16 192 17 17 193 7 8 194 12 14 195 18 10 196 14 13 197 18 10 198 11 65 199 6 7 200 6 7 201 16 15 202 14 13 203 26 18 204 27 25 205 25 19 206 20 23 207 8 0 208 22 21 209 8 0 210 11 65 211 26 18 212 26 18 213 24 20 214 22 21 215 8 0 216 20 23 217 21 22 218 20 23 219 22 21 220 23 24 221 27 25 222 10 64 223 9 9 224 9 9 225 21 22 226 23 24 227 23 24 228 25 19 229 27 25 230 24 20 231 25 19 232 23 24 233 35 26 234 30 33 235 31 27 236 36 29 237 37 32 238 33 30 239 37 32 240 10 64 241 27 25 242 27 25 243 30 33 244 35 26 245 35 26 246 33 30 247 37 32 248 33 30 249 35 26 250 34 28 251 11 65 252 36 29 253 26 18 254 36 29 255 32 31 256 34 28 257 26 18 258 36 29 259 34 28 260 30 33 261 27 25 262 26 18 263 44 34 264 28 38 265 29 35 266 38 37 267 39 40 268 29 35 269 40 39 270 41 42 271 39 40 272 42 41 273 43 43 274 41 42 275 43 43 276 10 64 277 45 36 278 45 36 279 29 35 280 39 40 281 39 40 282 41 42 283 43 43 284 28 38 285 44 34 286 38 37 287 44 34 288 11 65 289 42 41 290 42 41 291 40 39 292 38 37 293 18 10 294 19 12 295 47 44 296 47 44 297 49 47 298 48 46 299 49 47 300 51 49 301 50 48 302 51 49 303 43 43 304 42 41 305 19 12 306 10 64 307 43 43 308 43 43 309 51 49 310 49 47 311 49 47 312 47 44 313 19 12 314 11 65 315 18 10 316 42 41 317 18 10 318 46 45 319 48 46 320 42 41 321 18 10 322 48 46 323 57 50 324 59 57 325 58 51 326 11 65 327 44 34 328 58 51 329 44 34 330 52 55 331 54 53 332 58 51 333 44 34 334 54 53 335 44 34 336 45 36 337 53 54 338 52 55 339 53 54 340 55 56 341 45 36 342 10 64 343 59 57 344 59 57 345 57 50 346 55 56 347 55 56 348 53 54 349 45 36 350 55 56 351 57 50 352 56 52 353 61 58 354 60 63 355 65 59 356 36 29 357 62 62 358 63 61 359 59 57 360 10 64 361 37 32 362 37 32 363 63 61 364 65 59 365 65 59 366 60 63 367 59 57 368 64 60 369 65 59 370 63 61 371 62 62 372 36 29 373 64 60 374 36 29 375 11 65 376 58 51 377 58 51 378 61 58 379 64 60 380 58 51 381 59 57 382 60 63 383</p>
        </triangles>
      </mesh>
    </geometry>
    <geometry id="Cylinder_040-mesh" name="Cylinder.040">
      <mesh>
        <source id="Cylinder_040-mesh-positions">
          <float_array id="Cylinder_040-mesh-positions-array" count="198">5.377675 1.069688 1.084316 5.377675 1.069688 -0.2952341 5.065658 2.098267 1.084315 5.065658 2.098267 -0.2952342 4.558971 3.046211 1.084315 4.558971 3.046211 -0.2952342 3.174099 3.174099 1.084315 3.174099 3.174099 -1.084315 4.488853 0 1.084316 4.488853 0 -1.084315 0 0 -1.084315 0 0 1.084316 1.069688 5.377675 1.084315 1.069688 5.377675 -0.2952343 2.098268 5.065658 1.084315 2.098268 5.065658 -0.2952343 3.046211 4.558971 1.084315 3.046211 4.558971 -0.2952343 0 4.488853 1.084315 0 4.488853 -1.084316 5.377675 -1.069688 1.084316 5.377675 -1.069688 -0.2952341 5.065658 -2.098267 1.084316 5.065658 -2.098267 -0.295234 4.558971 -3.046211 1.084316 4.558971 -3.046211 -0.295234 3.174099 -3.174099 1.084316 3.174099 -3.174099 -1.084315 -5.377675 1.069688 1.084316 -5.377675 1.069688 -0.2952341 3.046211 -4.558971 -0.2952339 3.046211 -4.558971 1.084316 1.069688 -5.377675 1.084316 1.069688 -5.377675 -0.2952339 2.098268 -5.065658 1.084316 2.098268 -5.065658 -0.2952339 0 -4.488853 1.084316 0 -4.488853 -1.084315 -5.065658 2.098267 1.084315 -5.065658 2.098267 -0.2952342 -4.558971 3.046211 1.084315 -4.558971 3.046211 -0.2952342 -3.174099 3.174099 1.084315 -3.174099 3.174099 -1.084315 -4.488853 0 1.084316 -4.488853 0 -1.084315 -1.069688 5.377675 1.084315 -1.069688 5.377675 -0.2952343 -2.098268 5.065658 1.084315 -2.098268 5.065658 -0.2952343 -3.046211 4.558971 1.084315 -3.046211 4.558971 -0.2952343 -5.377675 -1.069688 1.084316 -5.377675 -1.069688 -0.2952341 -5.065658 -2.098267 1.084316 -5.065658 -2.098267 -0.295234 -4.558971 -3.046211 1.084316 -4.558971 -3.046211 -0.295234 -3.174099 -3.174099 1.084316 -3.174099 -3.174099 -1.084315 -3.046211 -4.558971 -0.2952339 -3.046211 -4.558971 1.084316 -1.069688 -5.377675 1.084316 -1.069688 -5.377675 -0.2952339 -2.098268 -5.065658 1.084316 -2.098268 -5.065658 -0.2952339</float_array>
          <technique_common>
            <accessor source="#Cylinder_040-mesh-positions-array" count="66" stride="3">
              <param name="X" type="float"/>
              <param name="Y" type="float"/>
              <param name="Z" type="float"/>
            </accessor>
          </technique_common>
        </source>
        <source id="Cylinder_040-mesh-normals">
          <float_array id="Cylinder_040-mesh-normals-array" count="198">0.4707878 0 0.8822466 0.9202591 -0.1176838 -0.3731943 0.7733943 -0.1562902 0.6143572 0.6724823 0.2785453 0.6856969 0.8146226 0.337422 -0.4717376 0.4363648 0.6573856 0.6143534 0.5674774 0.7339606 -0.3731909 0.3328776 0.3328776 0.8822614 0.381401 0.381401 -0.8420609 0.5393949 0 -0.8420529 0 0.4707878 0.8822466 -0.1176838 0.9202591 -0.3731943 0 0.5393949 -0.8420529 0.2785453 0.6724823 0.6856969 -0.1562902 0.7733943 0.6143572 0.6573856 0.4363648 0.6143534 0.337422 0.8146226 -0.4717376 0.7339606 0.5674774 -0.3731909 0.3328776 -0.3328776 0.8822614 0.5674774 -0.7339606 -0.3731909 0.4363648 -0.6573856 0.6143534 0.6724823 -0.2785453 0.6856969 0.9202591 0.1176838 -0.3731943 0.7733943 0.1562902 0.6143572 0.8146226 -0.337422 -0.4717376 0.381401 -0.381401 -0.8420609 0.337422 -0.8146226 -0.4717376 0.6573856 -0.4363648 0.6143534 0.2785453 -0.6724823 0.6856969 0 -0.4707878 0.8822466 -0.1176838 -0.9202591 -0.3731943 -0.1562902 -0.7733943 0.6143572 0 -0.5393949 -0.8420529 0.7339606 -0.5674774 -0.3731909 -0.4707878 0 0.8822466 -0.9202591 -0.1176838 -0.3731943 -0.5393949 0 -0.8420529 -0.6724823 0.2785453 0.6856969 -0.7733943 -0.1562902 0.6143572 -0.4363648 0.6573856 0.6143534 -0.8146226 0.337422 -0.4717376 -0.3328776 0.3328776 0.8822614 -0.5674774 0.7339606 -0.3731909 -0.381401 0.381401 -0.8420609 0.1176838 0.9202591 -0.3731943 0.1562902 0.7733943 0.6143572 -0.2785453 0.6724823 0.6856969 -0.337422 0.8146226 -0.4717376 -0.6573856 0.4363648 0.6143534 -0.7339606 0.5674774 -0.3731909 -0.5674774 -0.7339606 -0.3731909 -0.3328776 -0.3328776 0.8822614 -0.4363648 -0.6573856 0.6143534 -0.6724823 -0.2785453 0.6856969 -0.9202591 0.1176838 -0.3731943 -0.7733943 0.1562902 0.6143572 -0.8146226 -0.337422 -0.4717376 -0.381401 -0.381401 -0.8420609 -0.6573856 -0.4363648 0.6143534 -0.337422 -0.8146226 -0.4717376 -0.2785453 -0.6724823 0.6856969 0.1176838 -0.9202591 -0.3731943 0.1562902 -0.7733943 0.6143572 -0.7339606 -0.5674774 -0.3731909 0 0 -1 0 0 1</float_array>
          <technique_common>
            <accessor source="#Cylinder_040-mesh-normals-array" count="66" stride="3">
              <param name="X" type="float"/>
              <param name="Y" type="float"/>
              <param name="Z" type="float"/>
            </accessor>
          </technique_common>
        </source>
        <source id="Cylinder_040-mesh-map-0">
          <float_array id="Cylinder_040-mesh-map-0-array" count="768">0.2269006 0.05565196 0.2353196 0.1122514 0.2353196 0.05000913 0.2353196 0.1122514 0.2389015 0.05000907 0.2353196 0.05000913 0.2389015 0.1122514 0.2424834 0.05000907 0.2389015 0.05000907 0.2424834 0.1122514 0.2509025 0.05565196 0.2424834 0.05000907 0.2509025 0.06711798 0.2567877 0.07900542 0.2700226 0.07479029 0.2759078 0.05186581 0.2701976 0.05478668 0.2700226 0.06375318 0.2269006 0.05565196 0.2353196 0.1122514 0.2269006 0.1066085 0.2389015 0.05000907 0.2353196 0.1122514 0.2353196 0.05000913 0.2424834 0.05000907 0.2389015 0.1122514 0.2389015 0.05000907 0.2509025 0.05565196 0.2424834 0.1122514 0.2424834 0.05000907 0.2700226 0.07479029 0.2567877 0.07900542 0.2509025 0.06711798 0.2700226 0.06375318 0.2759078 0.05186581 0.2891429 0.05608087 0.2509025 0.05565196 0.2424834 0.1122514 0.2424834 0.05000907 0.2700226 0.06375318 0.2759078 0.05186581 0.2891429 0.05608087 0.2269006 0.05565196 0.2353196 0.1122514 0.2269006 0.1066085 0.2353196 0.05000913 0.2389015 0.1122514 0.2353196 0.1122514 0.2700226 0.07479029 0.2567877 0.07900542 0.2509025 0.06711798 0.2424834 0.05000907 0.2389015 0.1122514 0.2389015 0.05000907 0.2389015 0.1122514 0.2424834 0.05000907 0.2389015 0.05000907 0.2269006 0.05565196 0.2353196 0.1122514 0.2353196 0.05000913 0.2509025 0.06711798 0.2567877 0.07900542 0.2700226 0.07479029 0.2353196 0.1122514 0.2389015 0.05000907 0.2353196 0.05000913 0.2759078 0.05186581 0.2701976 0.05478668 0.2700226 0.06375318 0.2424834 0.1122514 0.2509025 0.05565196 0.2424834 0.05000907 0.2269006 0.05565196 0.2353196 0.1122514 0.2269006 0.1066085 0.2389015 0.05000907 0.2353196 0.1122514 0.2353196 0.05000913 0.2424834 0.05000907 0.2389015 0.1122514 0.2389015 0.05000907 0.2509025 0.05565196 0.2424834 0.1122514 0.2424834 0.05000907 0.2700226 0.07479029 0.2567877 0.07900542 0.2509025 0.06711798 0.2700226 0.06375318 0.2759078 0.05186581 0.2891429 0.05608087 0.2269006 0.05565196 0.2353196 0.1122514 0.2353196 0.05000913 0.2353196 0.1122514 0.2389015 0.05000907 0.2353196 0.05000913 0.2389015 0.1122514 0.2424834 0.05000907 0.2389015 0.05000907 0.2424834 0.1122514 0.2509025 0.05565196 0.2424834 0.05000907 0.2509025 0.06711798 0.2567877 0.07900542 0.2700226 0.07479029 0.2759078 0.05186581 0.2701976 0.05478668 0.2700226 0.06375318 0.2424834 0.1122514 0.2509025 0.05565196 0.2424834 0.05000907 0.2759078 0.05186581 0.2701976 0.05478668 0.2700226 0.06375318 0.2269006 0.05565196 0.2353196 0.1122514 0.2353196 0.05000913 0.2353196 0.05000913 0.2389015 0.1122514 0.2389015 0.05000907 0.2509025 0.06711798 0.2567877 0.07900542 0.2700226 0.07479029 0.2389015 0.1122514 0.2424834 0.05000907 0.2389015 0.05000907 0.2424834 0.05000907 0.2389015 0.1122514 0.2389015 0.05000907 0.2269006 0.05565196 0.2353196 0.1122514 0.2269006 0.1066085 0.2700226 0.07479029 0.2567877 0.07900542 0.2509025 0.06711798 0.2389015 0.05000907 0.2353196 0.1122514 0.2353196 0.05000913 0.2700226 0.06375318 0.2759078 0.05186581 0.2891429 0.05608087 0.2509025 0.05565196 0.2424834 0.1122514 0.2424834 0.05000907 0.2269006 0.05565196 0.2269006 0.1066085 0.2353196 0.1122514 0.2353196 0.1122514 0.2389015 0.1122514 0.2389015 0.05000907 0.2389015 0.1122514 0.2424834 0.1122514 0.2424834 0.05000907 0.2424834 0.1122514 0.2509025 0.1066085 0.2509025 0.05565196 0.2700226 0.07479029 0.2700226 0.05000907 0.2509025 0.06711798 0.2509025 0.06711798 0.2510774 0.07608449 0.2567877 0.07900542 0.2567877 0.07900542 0.2629836 0.0808621 0.2700226 0.07479029 0.2891429 0.08086204 0.2891429 0.05608087 0.2700226 0.06375318 0.2891429 0.05608087 0.2821038 0.05000907 0.2759078 0.05186581 0.2700226 0.06375318 0.2891429 0.05608087 0.2759078 0.05186581 0.2269006 0.05565196 0.2353196 0.05000913 0.2353196 0.1122514 0.2389015 0.05000907 0.2389015 0.1122514 0.2353196 0.1122514 0.2424834 0.05000907 0.2424834 0.1122514 0.2389015 0.1122514 0.2509025 0.05565196 0.2509025 0.1066085 0.2424834 0.1122514 0.2509025 0.06711798 0.2700226 0.05000907 0.2700226 0.07479029 0.2700226 0.07479029 0.2629836 0.0808621 0.2567877 0.07900542 0.2567877 0.07900542 0.2510774 0.07608449 0.2509025 0.06711798 0.2821038 0.05000907 0.2891429 0.05608087 0.2759078 0.05186581 0.2891429 0.05608087 0.2891429 0.08086204 0.2700226 0.06375318 0.2700226 0.06375318 0.2701976 0.05478668 0.2759078 0.05186581 0.2509025 0.05565196 0.2509025 0.1066085 0.2424834 0.1122514 0.2821038 0.05000907 0.2891429 0.05608087 0.2759078 0.05186581 0.2891429 0.05608087 0.2891429 0.08086204 0.2700226 0.06375318 0.2700226 0.06375318 0.2701976 0.05478668 0.2759078 0.05186581 0.2269006 0.05565196 0.2353196 0.05000913 0.2353196 0.1122514 0.2353196 0.05000913 0.2389015 0.05000907 0.2389015 0.1122514 0.2509025 0.06711798 0.2700226 0.05000907 0.2700226 0.07479029 0.2700226 0.07479029 0.2629836 0.0808621 0.2567877 0.07900542 0.2567877 0.07900542 0.2510774 0.07608449 0.2509025 0.06711798 0.2424834 0.05000907 0.2424834 0.1122514 0.2389015 0.1122514 0.2389015 0.1122514 0.2424834 0.1122514 0.2424834 0.05000907 0.2269006 0.05565196 0.2269006 0.1066085 0.2353196 0.1122514 0.2700226 0.07479029 0.2700226 0.05000907 0.2509025 0.06711798 0.2509025 0.06711798 0.2510774 0.07608449 0.2567877 0.07900542 0.2567877 0.07900542 0.2629836 0.0808621 0.2700226 0.07479029 0.2353196 0.1122514 0.2389015 0.1122514 0.2389015 0.05000907 0.2891429 0.08086204 0.2891429 0.05608087 0.2700226 0.06375318 0.2891429 0.05608087 0.2821038 0.05000907 0.2759078 0.05186581 0.2700226 0.06375318 0.2891429 0.05608087 0.2759078 0.05186581 0.2424834 0.1122514 0.2509025 0.1066085 0.2509025 0.05565196 0.2269006 0.05565196 0.2353196 0.05000913 0.2353196 0.1122514 0.2389015 0.05000907 0.2389015 0.1122514 0.2353196 0.1122514 0.2424834 0.05000907 0.2424834 0.1122514 0.2389015 0.1122514 0.2509025 0.05565196 0.2509025 0.1066085 0.2424834 0.1122514 0.2509025 0.06711798 0.2700226 0.05000907 0.2700226 0.07479029 0.2700226 0.07479029 0.2629836 0.0808621 0.2567877 0.07900542 0.2567877 0.07900542 0.2510774 0.07608449 0.2509025 0.06711798 0.2821038 0.05000907 0.2891429 0.05608087 0.2759078 0.05186581 0.2891429 0.05608087 0.2891429 0.08086204 0.2700226 0.06375318 0.2700226 0.06375318 0.2701976 0.05478668 0.2759078 0.05186581 0.2269006 0.05565196 0.2269006 0.1066085 0.2353196 0.1122514 0.2353196 0.1122514 0.2389015 0.1122514 0.2389015 0.05000907 0.2389015 0.1122514 0.2424834 0.1122514 0.2424834 0.05000907 0.2424834 0.1122514 0.2509025 0.1066085 0.2509025 0.05565196 0.2700226 0.07479029 0.2700226 0.05000907 0.2509025 0.06711798 0.2509025 0.06711798 0.2510774 0.07608449 0.2567877 0.07900542 0.2567877 0.07900542 0.2629836 0.0808621 0.2700226 0.07479029 0.2891429 0.08086204 0.2891429 0.05608087 0.2700226 0.06375318 0.2891429 0.05608087 0.2821038 0.05000907 0.2759078 0.05186581 0.2700226 0.06375318 0.2891429 0.05608087 0.2759078 0.05186581 0.2424834 0.1122514 0.2509025 0.1066085 0.2509025 0.05565196 0.2891429 0.08086204 0.2891429 0.05608087 0.2700226 0.06375318 0.2891429 0.05608087 0.2821038 0.05000907 0.2759078 0.05186581 0.2700226 0.06375318 0.2891429 0.05608087 0.2759078 0.05186581 0.2269006 0.05565196 0.2269006 0.1066085 0.2353196 0.1122514 0.2353196 0.05000913 0.2353196 0.1122514 0.2389015 0.1122514 0.2700226 0.07479029 0.2700226 0.05000907 0.2509025 0.06711798 0.2509025 0.06711798 0.2510774 0.07608449 0.2567877 0.07900542 0.2567877 0.07900542 0.2629836 0.0808621 0.2700226 0.07479029 0.2389015 0.1122514 0.2424834 0.1122514 0.2424834 0.05000907 0.2424834 0.05000907 0.2424834 0.1122514 0.2389015 0.1122514 0.2269006 0.05565196 0.2353196 0.05000913 0.2353196 0.1122514 0.2509025 0.06711798 0.2700226 0.05000907 0.2700226 0.07479029 0.2700226 0.07479029 0.2629836 0.0808621 0.2567877 0.07900542 0.2567877 0.07900542 0.2510774 0.07608449 0.2509025 0.06711798 0.2389015 0.05000907 0.2389015 0.1122514 0.2353196 0.1122514 0.2821038 0.05000907 0.2891429 0.05608087 0.2759078 0.05186581 0.2891429 0.05608087 0.2891429 0.08086204 0.2700226 0.06375318 0.2700226 0.06375318 0.2701976 0.05478668 0.2759078 0.05186581 0.2509025 0.05565196 0.2509025 0.1066085 0.2424834 0.1122514</float_array>
          <technique_common>
            <accessor source="#Cylinder_040-mesh-map-0-array" count="384" stride="2">
              <param name="S" type="float"/>
              <param name="T" type="float"/>
            </accessor>
          </technique_common>
        </source>
        <vertices id="Cylinder_040-mesh-vertices">
          <input semantic="POSITION" source="#Cylinder_040-mesh-positions"/>
        </vertices>
        <triangles material="Material_001-material" count="128">
          <input semantic="VERTEX" source="#Cylinder_040-mesh-vertices" offset="0"/>
          <input semantic="NORMAL" source="#Cylinder_040-mesh-normals" offset="1"/>
          <input semantic="TEXCOORD" source="#Cylinder_040-mesh-map-0" offset="2" set="0"/>
          <p>8 0 0 1 1 1 0 2 2 1 1 3 2 3 4 0 2 5 3 4 6 4 5 7 2 3 8 5 6 9 6 7 10 4 5 11 7 8 12 3 4 13 9 9 14 2 3 15 4 5 16 6 7 17 18 10 18 13 11 19 19 12 20 14 13 21 13 11 22 12 14 23 16 15 24 15 16 25 14 13 26 6 7 27 17 17 28 16 15 29 19 12 30 15 16 31 7 8 32 6 7 33 14 13 34 18 10 35 26 18 36 25 19 37 24 20 38 26 18 39 22 21 40 8 0 41 8 0 42 21 22 43 9 9 44 20 23 45 23 24 46 21 22 47 9 9 48 23 24 49 27 25 50 24 20 51 23 24 52 22 21 53 35 26 54 31 27 55 34 28 56 36 29 57 33 30 58 32 31 59 27 25 60 35 26 61 37 32 62 33 30 63 34 28 64 32 31 65 34 28 66 31 27 67 26 18 68 30 33 69 26 18 70 31 27 71 44 34 72 29 35 73 45 36 74 38 37 75 29 35 76 28 38 77 40 39 78 39 40 79 38 37 80 42 41 81 41 42 82 40 39 83 45 36 84 39 40 85 43 43 86 42 41 87 38 37 88 44 34 89 18 10 90 47 44 91 46 45 92 47 44 93 48 46 94 46 45 95 49 47 96 50 48 97 48 46 98 51 49 99 42 41 100 50 48 101 43 43 102 49 47 103 19 12 104 48 46 105 50 48 106 42 41 107 57 50 108 58 51 109 56 52 110 54 53 111 56 52 112 58 51 113 44 34 114 53 54 115 52 55 116 52 55 117 55 56 118 54 53 119 59 57 120 55 56 121 45 36 122 55 56 123 56 52 124 54 53 125 61 58 126 65 59 127 64 60 128 36 29 129 63 61 130 37 32 131 37 32 132 65 59 133 59 57 134 64 60 135 63 61 136 62 62 137 58 51 138 64 60 139 36 29 140 58 51 141 60 63 142 61 58 143 8 0 144 9 9 145 1 1 146 1 1 147 3 4 148 2 3 149 3 4 150 5 6 151 4 5 152 5 6 153 7 8 154 6 7 155 9 9 156 10 64 157 7 8 158 7 8 159 5 6 160 3 4 161 3 4 162 1 1 163 9 9 164 11 65 165 8 0 166 6 7 167 8 0 168 0 2 169 2 3 170 6 7 171 8 0 172 2 3 173 18 10 174 12 14 175 13 11 176 14 13 177 15 16 178 13 11 179 16 15 180 17 17 181 15 16 182 6 7 183 7 8 184 17 17 185 7 8 186 10 64 187 19 12 188 19 12 189 13 11 190 15 16 191 15 16 192 17 17 193 7 8 194 12 14 195 18 10 196 14 13 197 18 10 198 11 65 199 6 7 200 6 7 201 16 15 202 14 13 203 26 18 204 27 25 205 25 19 206 20 23 207 8 0 208 22 21 209 8 0 210 11 65 211 26 18 212 26 18 213 24 20 214 22 21 215 8 0 216 20 23 217 21 22 218 20 23 219 22 21 220 23 24 221 27 25 222 10 64 223 9 9 224 9 9 225 21 22 226 23 24 227 23 24 228 25 19 229 27 25 230 24 20 231 25 19 232 23 24 233 35 26 234 30 33 235 31 27 236 36 29 237 37 32 238 33 30 239 37 32 240 10 64 241 27 25 242 27 25 243 30 33 244 35 26 245 35 26 246 33 30 247 37 32 248 33 30 249 35 26 250 34 28 251 11 65 252 36 29 253 26 18 254 36 29 255 32 31 256 34 28 257 26 18 258 36 29 259 34 28 260 30 33 261 27 25 262 26 18 263 44 34 264 28 38 265 29 35 266 38 37 267 39 40 268 29 35 269 40 39 270 41 42 271 39 40 272 42 41 273 43 43 274 41 42 275 43 43 276 10 64 277 45 36 278 45 36 279 29 35 280 39 40 281 39 40 282 41 42 283 43 43 284 28 38 285 44 34 286 38 37 287 44 34 288 11 65 289 42 41 290 42 41 291 40 39 292 38 37 293 18 10 294 19 12 295 47 44 296 47 44 297 49 47 298 48 46 299 49 47 300 51 49 301 50 48 302 51 49 303 43 43 304 42 41 305 19 12 306 10 64 307 43 43 308 43 43 309 51 49 310 49 47 311 49 47 312 47 44 313 19 12 314 11 65 315 18 10 316 42 41 317 18 10 318 46 45 319 48 46 320 42 41 321 18 10 322 48 46 323 57 50 324 59 57 325 58 51 326 11 65 327 44 34 328 58 51 329 44 34 330 52 55 331 54 53 332 58 51 333 44 34 334 54 53 335 44 34 336 45 36 337 53 54 338 52 55 339 53 54 340 55 56 341 45 36 342 10 64 343 59 57 344 59 57 345 57 50 346 55 56 347 55 56 348 53 54 349 45 36 350 55 56 351 57 50 352 56 52 353 61 58 354 60 63 355 65 59 356 36 29 357 62 62 358 63 61 359 59 57 360 10 64 361 37 32 362 37 32 363 63 61 364 65 59 365 65 59 366 60 63 367 59 57 368 64 60 369 65 59 370 63 61 371 62 62 372 36 29 373 64 60 374 36 29 375 11 65 376 58 51 377 58 51 378 61 58 379 64 60 380 58 51 381 59 57 382 60 63 383</p>
        </triangles>
      </mesh>
    </geometry>
    <geometry id="Cylinder_053-mesh" name="Cylinder.053">
      <mesh>
        <source id="Cylinder_053-mesh-positions">
          <float_array id="Cylinder_053-mesh-positions-array" count="72">-1.718275 -4.035402 2.708468 1.099277 -4.035402 2.708468 -1.718275 4.03987 2.708468 1.099277 4.03987 2.708468 -1.718275 -4.035402 -5.366804 1.099277 -4.035402 -5.366804 -1.718275 4.03987 -5.366804 1.099277 4.03987 -5.366804 -1.718275 2.410793 2.708468 -1.718275 -2.406324 2.708468 1.099277 -2.406324 2.708468 1.099277 2.410793 2.708468 -1.718275 2.410793 4.995353 -1.718275 -2.406324 4.995353 1.099277 -2.406324 4.995353 1.099277 2.410793 4.995353 1.099277 2.529187 -5.366804 1.099277 -2.652501 -5.366804 -1.718275 -2.652501 -5.366804 -1.718275 2.529187 -5.366804 -1.718275 2.529187 -2.705422 -1.718275 -2.652501 -2.705422 1.099277 2.529187 -2.705422 1.099277 -2.652501 -2.705422</float_array>
          <technique_common>
            <accessor source="#Cylinder_053-mesh-positions-array" count="24" stride="3">
              <param name="X" type="float"/>
              <param name="Y" type="float"/>
              <param name="Z" type="float"/>
            </accessor>
          </technique_common>
        </source>
        <source id="Cylinder_053-mesh-normals">
          <float_array id="Cylinder_053-mesh-normals-array" count="51">1 0 0 0 1 0 0 0 -1 0 -1 0 1 0 0 0 -1 0 0 0 1 1 0 0 -1 0 1.56382e-7 0 1 -1.48008e-7 0 -1 0 1 0 0 0 1 0 1 0 0 1 0 0 -1 0 1.56382e-7 0 1 0</float_array>
          <technique_common>
            <accessor source="#Cylinder_053-mesh-normals-array" count="17" stride="3">
              <param name="X" type="float"/>
              <param name="Y" type="float"/>
              <param name="Z" type="float"/>
            </accessor>
          </technique_common>
        </source>
        <source id="Cylinder_053-mesh-map-0">
          <float_array id="Cylinder_053-mesh-map-0-array" count="204">0.3228586 0.5414348 0.3020274 0.5044202 0.3228586 0.5025739 0.6681672 0.9104181 0.6893165 0.9415138 0.6681672 0.9415138 0.3876917 0.9909842 0.37636 0.969778 0.3876917 0.96978 0.7043817 0.9415138 0.7255086 0.9104181 0.7255086 0.9415138 0.4950854 0.5151849 0.4847222 0.5462807 0.4847222 0.5151849 0.9292229 0.9612863 0.9179021 0.9301905 0.9292229 0.9301905 0.9910264 0.8525784 0.9822271 0.831435 0.9910264 0.831435 0.9894574 0.7392801 0.977254 0.7180793 0.9894574 0.718076 0.1084539 0.9908524 0.09625041 0.9696516 0.1084538 0.9696483 0.4706776 0.9376448 0.4918651 0.9015372 0.4918651 0.9376506 0.3020274 0.5405469 0.293228 0.5044201 0.3020274 0.5044202 0.06912505 0.9220058 0.07792443 0.9578504 0.06912505 0.9578504 0.9910264 0.7951923 0.9822271 0.816358 0.9822271 0.7951923 0.7251005 0.2471682 0.7039129 0.2082737 0.7251005 0.2082698 0.8553855 0.971263 0.8656257 0.9924287 0.8553855 0.9924287 0.8965711 0.9924615 0.8861979 0.9712555 0.8965711 0.9712574 0.9924674 0.7589718 0.9822271 0.7801152 0.9822271 0.7589718 0.3228586 0.5414348 0.3020274 0.5405469 0.3020274 0.5044202 0.6681672 0.9104181 0.6893165 0.9104181 0.6893165 0.9415138 0.3876917 0.9909842 0.3763599 0.9909821 0.37636 0.969778 0.7043817 0.9415138 0.7043817 0.9104181 0.7255086 0.9104181 0.4950854 0.5151849 0.4969303 0.5462807 0.4847222 0.5462807 0.9292229 0.9612863 0.9170149 0.9612863 0.9179021 0.9301905 0.9910264 0.8525784 0.9822271 0.8525784 0.9822271 0.831435 0.9894574 0.7392801 0.9772539 0.7392835 0.977254 0.7180793 0.1084539 0.9908524 0.09625035 0.9908558 0.09625041 0.9696516 0.4706776 0.9376448 0.4706776 0.9015315 0.4918651 0.9015372 0.3020274 0.5405469 0.293228 0.5405469 0.293228 0.5044201 0.06912505 0.9220058 0.07792443 0.9220058 0.07792443 0.9578504 0.9910264 0.7951923 0.9910264 0.816358 0.9822271 0.816358 0.7251005 0.2471682 0.7039129 0.2471721 0.7039129 0.2082737 0.8553855 0.971263 0.8656257 0.9712629 0.8656257 0.9924287 0.8965711 0.9924615 0.886198 0.9924596 0.8861979 0.9712555 0.9924674 0.7589718 0.9924674 0.7801152 0.9822271 0.7801152</float_array>
          <technique_common>
            <accessor source="#Cylinder_053-mesh-map-0-array" count="102" stride="2">
              <param name="S" type="float"/>
              <param name="T" type="float"/>
            </accessor>
          </technique_common>
        </source>
        <vertices id="Cylinder_053-mesh-vertices">
          <input semantic="POSITION" source="#Cylinder_053-mesh-positions"/>
        </vertices>
        <triangles material="Material_001-material" count="34">
          <input semantic="VERTEX" source="#Cylinder_053-mesh-vertices" offset="0"/>
          <input semantic="NORMAL" source="#Cylinder_053-mesh-normals" offset="1"/>
          <input semantic="TEXCOORD" source="#Cylinder_053-mesh-map-0" offset="2" set="0"/>
          <p>22 0 0 10 0 1 23 0 2 2 1 3 7 1 4 6 1 5 7 2 6 19 2 7 6 2 8 5 3 9 0 3 10 4 3 11 17 4 12 1 4 13 5 4 14 3 4 15 16 4 16 7 4 17 10 5 18 13 5 19 9 5 20 2 6 21 11 6 22 3 6 23 1 6 24 9 6 25 0 6 26 14 6 27 12 6 28 13 6 29 11 7 30 14 7 31 10 7 32 9 8 33 12 8 34 8 8 35 11 9 36 12 9 37 15 9 38 23 2 39 20 2 40 22 2 41 23 1 42 18 1 43 21 1 44 17 2 45 4 2 46 18 2 47 19 10 48 22 10 49 20 10 50 22 11 51 11 11 52 10 11 53 2 12 54 3 12 55 7 12 56 7 2 57 16 2 58 19 2 59 5 10 60 1 10 61 0 10 62 17 13 63 10 13 64 1 13 65 3 14 66 11 14 67 16 14 68 10 10 69 14 10 70 13 10 71 2 6 72 8 6 73 11 6 74 1 6 75 10 6 76 9 6 77 14 6 78 15 6 79 12 6 80 11 7 81 15 7 82 14 7 83 9 15 84 13 15 85 12 15 86 11 16 87 8 16 88 12 16 89 23 2 90 21 2 91 20 2 92 23 1 93 17 1 94 18 1 95 17 2 96 5 2 97 4 2 98 19 10 99 16 10 100 22 10 101</p>
        </triangles>
      </mesh>
    </geometry>
    <geometry id="Cylinder_054-mesh" name="Cylinder.054">
      <mesh>
        <source id="Cylinder_054-mesh-positions">
          <float_array id="Cylinder_054-mesh-positions-array" count="72">-1.718275 -4.035402 2.708468 1.099277 -4.035402 2.708468 -1.718275 4.03987 2.708468 1.099277 4.03987 2.708468 -1.718275 -4.035402 -5.366804 1.099277 -4.035402 -5.366804 -1.718275 4.03987 -5.366804 1.099277 4.03987 -5.366804 -1.718275 2.410793 2.708468 -1.718275 -2.406324 2.708468 1.099277 -2.406324 2.708468 1.099277 2.410793 2.708468 -1.718275 2.410793 4.995353 -1.718275 -2.406324 4.995353 1.099277 -2.406324 4.995353 1.099277 2.410793 4.995353 1.099277 2.529187 -5.366804 1.099277 -2.652501 -5.366804 -1.718275 -2.652501 -5.366804 -1.718275 2.529187 -5.366804 -1.718275 2.529187 -2.705422 -1.718275 -2.652501 -2.705422 1.099277 2.529187 -2.705422 1.099277 -2.652501 -2.705422</float_array>
          <technique_common>
            <accessor source="#Cylinder_054-mesh-positions-array" count="24" stride="3">
              <param name="X" type="float"/>
              <param name="Y" type="float"/>
              <param name="Z" type="float"/>
            </accessor>
          </technique_common>
        </source>
        <source id="Cylinder_054-mesh-normals">
          <float_array id="Cylinder_054-mesh-normals-array" count="51">1 0 0 0 1 0 0 0 -1 0 -1 0 1 0 0 0 -1 0 0 0 1 1 0 0 -1 0 1.56382e-7 0 1 -1.48008e-7 0 -1 0 1 0 0 0 1 0 1 0 0 1 0 0 -1 0 1.56382e-7 0 1 0</float_array>
          <technique_common>
            <accessor source="#Cylinder_054-mesh-normals-array" count="17" stride="3">
              <param name="X" type="float"/>
              <param name="Y" type="float"/>
              <param name="Z" type="float"/>
            </accessor>
          </technique_common>
        </source>
        <source id="Cylinder_054-mesh-map-0">
          <float_array id="Cylinder_054-mesh-map-0-array" count="204">0.3228586 0.5414348 0.3020274 0.5044202 0.3228586 0.5025739 0.6681672 0.9104181 0.6893165 0.9415138 0.6681672 0.9415138 0.3876917 0.9909842 0.37636 0.969778 0.3876917 0.96978 0.7043817 0.9415138 0.7255086 0.9104181 0.7255086 0.9415138 0.4950854 0.5151849 0.4847222 0.5462807 0.4847222 0.5151849 0.9292229 0.9612863 0.9179021 0.9301905 0.9292229 0.9301905 0.9910264 0.8525784 0.9822271 0.831435 0.9910264 0.831435 0.9894574 0.7392801 0.977254 0.7180793 0.9894574 0.718076 0.1084539 0.9908524 0.09625041 0.9696516 0.1084538 0.9696483 0.4706776 0.9376448 0.4918651 0.9015372 0.4918651 0.9376506 0.3020274 0.5405469 0.293228 0.5044201 0.3020274 0.5044202 0.06912505 0.9220058 0.07792443 0.9578504 0.06912505 0.9578504 0.9910264 0.7951923 0.9822271 0.816358 0.9822271 0.7951923 0.7251005 0.2471682 0.7039129 0.2082737 0.7251005 0.2082698 0.8553855 0.971263 0.8656257 0.9924287 0.8553855 0.9924287 0.8965711 0.9924615 0.8861979 0.9712555 0.8965711 0.9712574 0.9924674 0.7589718 0.9822271 0.7801152 0.9822271 0.7589718 0.3228586 0.5414348 0.3020274 0.5405469 0.3020274 0.5044202 0.6681672 0.9104181 0.6893165 0.9104181 0.6893165 0.9415138 0.3876917 0.9909842 0.3763599 0.9909821 0.37636 0.969778 0.7043817 0.9415138 0.7043817 0.9104181 0.7255086 0.9104181 0.4950854 0.5151849 0.4969303 0.5462807 0.4847222 0.5462807 0.9292229 0.9612863 0.9170149 0.9612863 0.9179021 0.9301905 0.9910264 0.8525784 0.9822271 0.8525784 0.9822271 0.831435 0.9894574 0.7392801 0.9772539 0.7392835 0.977254 0.7180793 0.1084539 0.9908524 0.09625035 0.9908558 0.09625041 0.9696516 0.4706776 0.9376448 0.4706776 0.9015315 0.4918651 0.9015372 0.3020274 0.5405469 0.293228 0.5405469 0.293228 0.5044201 0.06912505 0.9220058 0.07792443 0.9220058 0.07792443 0.9578504 0.9910264 0.7951923 0.9910264 0.816358 0.9822271 0.816358 0.7251005 0.2471682 0.7039129 0.2471721 0.7039129 0.2082737 0.8553855 0.971263 0.8656257 0.9712629 0.8656257 0.9924287 0.8965711 0.9924615 0.886198 0.9924596 0.8861979 0.9712555 0.9924674 0.7589718 0.9924674 0.7801152 0.9822271 0.7801152</float_array>
          <technique_common>
            <accessor source="#Cylinder_054-mesh-map-0-array" count="102" stride="2">
              <param name="S" type="float"/>
              <param name="T" type="float"/>
            </accessor>
          </technique_common>
        </source>
        <vertices id="Cylinder_054-mesh-vertices">
          <input semantic="POSITION" source="#Cylinder_054-mesh-positions"/>
        </vertices>
        <triangles material="Material_001-material" count="34">
          <input semantic="VERTEX" source="#Cylinder_054-mesh-vertices" offset="0"/>
          <input semantic="NORMAL" source="#Cylinder_054-mesh-normals" offset="1"/>
          <input semantic="TEXCOORD" source="#Cylinder_054-mesh-map-0" offset="2" set="0"/>
          <p>22 0 0 10 0 1 23 0 2 2 1 3 7 1 4 6 1 5 7 2 6 19 2 7 6 2 8 5 3 9 0 3 10 4 3 11 17 4 12 1 4 13 5 4 14 3 4 15 16 4 16 7 4 17 10 5 18 13 5 19 9 5 20 2 6 21 11 6 22 3 6 23 1 6 24 9 6 25 0 6 26 14 6 27 12 6 28 13 6 29 11 7 30 14 7 31 10 7 32 9 8 33 12 8 34 8 8 35 11 9 36 12 9 37 15 9 38 23 2 39 20 2 40 22 2 41 23 1 42 18 1 43 21 1 44 17 2 45 4 2 46 18 2 47 19 10 48 22 10 49 20 10 50 22 11 51 11 11 52 10 11 53 2 12 54 3 12 55 7 12 56 7 2 57 16 2 58 19 2 59 5 10 60 1 10 61 0 10 62 17 13 63 10 13 64 1 13 65 3 14 66 11 14 67 16 14 68 10 10 69 14 10 70 13 10 71 2 6 72 8 6 73 11 6 74 1 6 75 10 6 76 9 6 77 14 6 78 15 6 79 12 6 80 11 7 81 15 7 82 14 7 83 9 15 84 13 15 85 12 15 86 11 16 87 8 16 88 12 16 89 23 2 90 21 2 91 20 2 92 23 1 93 17 1 94 18 1 95 17 2 96 5 2 97 4 2 98 19 10 99 16 10 100 22 10 101</p>
        </triangles>
      </mesh>
    </geometry>
    <geometry id="Cylinder_055-mesh" name="Cylinder.055">
      <mesh>
        <source id="Cylinder_055-mesh-positions">
          <float_array id="Cylinder_055-mesh-positions-array" count="72">-1.718275 -4.035402 2.708468 1.099277 -4.035402 2.708468 -1.718275 4.03987 2.708468 1.099277 4.03987 2.708468 -1.718275 -4.035402 -5.366804 1.099277 -4.035402 -5.366804 -1.718275 4.03987 -5.366804 1.099277 4.03987 -5.366804 -1.718275 2.410793 2.708468 -1.718275 -2.406324 2.708468 1.099277 -2.406324 2.708468 1.099277 2.410793 2.708468 -1.718275 2.410793 4.995353 -1.718275 -2.406324 4.995353 1.099277 -2.406324 4.995353 1.099277 2.410793 4.995353 1.099277 2.529187 -5.366804 1.099277 -2.652501 -5.366804 -1.718275 -2.652501 -5.366804 -1.718275 2.529187 -5.366804 -1.718275 2.529187 -2.705422 -1.718275 -2.652501 -2.705422 1.099277 2.529187 -2.705422 1.099277 -2.652501 -2.705422</float_array>
          <technique_common>
            <accessor source="#Cylinder_055-mesh-positions-array" count="24" stride="3">
              <param name="X" type="float"/>
              <param name="Y" type="float"/>
              <param name="Z" type="float"/>
            </accessor>
          </technique_common>
        </source>
        <source id="Cylinder_055-mesh-normals">
          <float_array id="Cylinder_055-mesh-normals-array" count="51">1 0 0 0 1 0 0 0 -1 0 -1 0 1 0 0 0 -1 0 0 0 1 1 0 0 -1 0 1.56382e-7 0 1 -1.48008e-7 0 -1 0 1 0 0 0 1 0 1 0 0 1 0 0 -1 0 1.56382e-7 0 1 0</float_array>
          <technique_common>
            <accessor source="#Cylinder_055-mesh-normals-array" count="17" stride="3">
              <param name="X" type="float"/>
              <param name="Y" type="float"/>
              <param name="Z" type="float"/>
            </accessor>
          </technique_common>
        </source>
        <source id="Cylinder_055-mesh-map-0">
          <float_array id="Cylinder_055-mesh-map-0-array" count="204">0.3228586 0.5414348 0.3020274 0.5044202 0.3228586 0.5025739 0.6681672 0.9104181 0.6893165 0.9415138 0.6681672 0.9415138 0.3876917 0.9909842 0.37636 0.969778 0.3876917 0.96978 0.7043817 0.9415138 0.7255086 0.9104181 0.7255086 0.9415138 0.4950854 0.5151849 0.4847222 0.5462807 0.4847222 0.5151849 0.9292229 0.9612863 0.9179021 0.9301905 0.9292229 0.9301905 0.9910264 0.8525784 0.9822271 0.831435 0.9910264 0.831435 0.9894574 0.7392801 0.977254 0.7180793 0.9894574 0.718076 0.1084539 0.9908524 0.09625041 0.9696516 0.1084538 0.9696483 0.4706776 0.9376448 0.4918651 0.9015372 0.4918651 0.9376506 0.3020274 0.5405469 0.293228 0.5044201 0.3020274 0.5044202 0.06912505 0.9220058 0.07792443 0.9578504 0.06912505 0.9578504 0.9910264 0.7951923 0.9822271 0.816358 0.9822271 0.7951923 0.7251005 0.2471682 0.7039129 0.2082737 0.7251005 0.2082698 0.8553855 0.971263 0.8656257 0.9924287 0.8553855 0.9924287 0.8965711 0.9924615 0.8861979 0.9712555 0.8965711 0.9712574 0.9924674 0.7589718 0.9822271 0.7801152 0.9822271 0.7589718 0.3228586 0.5414348 0.3020274 0.5405469 0.3020274 0.5044202 0.6681672 0.9104181 0.6893165 0.9104181 0.6893165 0.9415138 0.3876917 0.9909842 0.3763599 0.9909821 0.37636 0.969778 0.7043817 0.9415138 0.7043817 0.9104181 0.7255086 0.9104181 0.4950854 0.5151849 0.4969303 0.5462807 0.4847222 0.5462807 0.9292229 0.9612863 0.9170149 0.9612863 0.9179021 0.9301905 0.9910264 0.8525784 0.9822271 0.8525784 0.9822271 0.831435 0.9894574 0.7392801 0.9772539 0.7392835 0.977254 0.7180793 0.1084539 0.9908524 0.09625035 0.9908558 0.09625041 0.9696516 0.4706776 0.9376448 0.4706776 0.9015315 0.4918651 0.9015372 0.3020274 0.5405469 0.293228 0.5405469 0.293228 0.5044201 0.06912505 0.9220058 0.07792443 0.9220058 0.07792443 0.9578504 0.9910264 0.7951923 0.9910264 0.816358 0.9822271 0.816358 0.7251005 0.2471682 0.7039129 0.2471721 0.7039129 0.2082737 0.8553855 0.971263 0.8656257 0.9712629 0.8656257 0.9924287 0.8965711 0.9924615 0.886198 0.9924596 0.8861979 0.9712555 0.9924674 0.7589718 0.9924674 0.7801152 0.9822271 0.7801152</float_array>
          <technique_common>
            <accessor source="#Cylinder_055-mesh-map-0-array" count="102" stride="2">
              <param name="S" type="float"/>
              <param name="T" type="float"/>
            </accessor>
          </technique_common>
        </source>
        <vertices id="Cylinder_055-mesh-vertices">
          <input semantic="POSITION" source="#Cylinder_055-mesh-positions"/>
        </vertices>
        <triangles material="Material_001-material" count="34">
          <input semantic="VERTEX" source="#Cylinder_055-mesh-vertices" offset="0"/>
          <input semantic="NORMAL" source="#Cylinder_055-mesh-normals" offset="1"/>
          <input semantic="TEXCOORD" source="#Cylinder_055-mesh-map-0" offset="2" set="0"/>
          <p>22 0 0 10 0 1 23 0 2 2 1 3 7 1 4 6 1 5 7 2 6 19 2 7 6 2 8 5 3 9 0 3 10 4 3 11 17 4 12 1 4 13 5 4 14 3 4 15 16 4 16 7 4 17 10 5 18 13 5 19 9 5 20 2 6 21 11 6 22 3 6 23 1 6 24 9 6 25 0 6 26 14 6 27 12 6 28 13 6 29 11 7 30 14 7 31 10 7 32 9 8 33 12 8 34 8 8 35 11 9 36 12 9 37 15 9 38 23 2 39 20 2 40 22 2 41 23 1 42 18 1 43 21 1 44 17 2 45 4 2 46 18 2 47 19 10 48 22 10 49 20 10 50 22 11 51 11 11 52 10 11 53 2 12 54 3 12 55 7 12 56 7 2 57 16 2 58 19 2 59 5 10 60 1 10 61 0 10 62 17 13 63 10 13 64 1 13 65 3 14 66 11 14 67 16 14 68 10 10 69 14 10 70 13 10 71 2 6 72 8 6 73 11 6 74 1 6 75 10 6 76 9 6 77 14 6 78 15 6 79 12 6 80 11 7 81 15 7 82 14 7 83 9 15 84 13 15 85 12 15 86 11 16 87 8 16 88 12 16 89 23 2 90 21 2 91 20 2 92 23 1 93 17 1 94 18 1 95 17 2 96 5 2 97 4 2 98 19 10 99 16 10 100 22 10 101</p>
        </triangles>
      </mesh>
    </geometry>
    <geometry id="Cylinder_056-mesh" name="Cylinder.056">
      <mesh>
        <source id="Cylinder_056-mesh-positions">
          <float_array id="Cylinder_056-mesh-positions-array" count="72">-1.718275 -4.035402 2.708468 1.099277 -4.035402 2.708468 -1.718275 4.03987 2.708468 1.099277 4.03987 2.708468 -1.718275 -4.035402 -5.366804 1.099277 -4.035402 -5.366804 -1.718275 4.03987 -5.366804 1.099277 4.03987 -5.366804 -1.718275 2.410793 2.708468 -1.718275 -2.406324 2.708468 1.099277 -2.406324 2.708468 1.099277 2.410793 2.708468 -1.718274 2.410793 4.995353 -1.718274 -2.406324 4.995353 1.099277 -2.406324 4.995353 1.099277 2.410793 4.995353 1.099277 2.529187 -5.366804 1.099277 -2.652501 -5.366804 -1.718275 -2.652501 -5.366804 -1.718275 2.529187 -5.366804 -1.718275 2.529187 -2.705422 -1.718275 -2.652501 -2.705422 1.099277 2.529187 -2.705422 1.099277 -2.652501 -2.705422</float_array>
          <technique_common>
            <accessor source="#Cylinder_056-mesh-positions-array" count="24" stride="3">
              <param name="X" type="float"/>
              <param name="Y" type="float"/>
              <param name="Z" type="float"/>
            </accessor>
          </technique_common>
        </source>
        <source id="Cylinder_056-mesh-normals">
          <float_array id="Cylinder_056-mesh-normals-array" count="54">1 0 0 0 1 0 0 0 -1 0 -1 0 1 0 0 1 0 0 0 -1 0 0 0 1 1 0 0 -1 0 2.08509e-7 0 1 1.48008e-7 0 -1 0 1 0 0 0 1 0 1 0 0 1 0 0 0 -1 1.48008e-7 0 1 0</float_array>
          <technique_common>
            <accessor source="#Cylinder_056-mesh-normals-array" count="18" stride="3">
              <param name="X" type="float"/>
              <param name="Y" type="float"/>
              <param name="Z" type="float"/>
            </accessor>
          </technique_common>
        </source>
        <source id="Cylinder_056-mesh-map-0">
          <float_array id="Cylinder_056-mesh-map-0-array" count="204">0.3228586 0.5414348 0.3020274 0.5044202 0.3228586 0.5025739 0.6681672 0.9104181 0.6893165 0.9415138 0.6681672 0.9415138 0.3876917 0.9909842 0.37636 0.969778 0.3876917 0.96978 0.7043817 0.9415138 0.7255086 0.9104181 0.7255086 0.9415138 0.4950854 0.5151849 0.4847222 0.5462807 0.4847222 0.5151849 0.9292229 0.9612863 0.9179021 0.9301905 0.9292229 0.9301905 0.9910264 0.8525784 0.9822271 0.831435 0.9910264 0.831435 0.9894574 0.7392801 0.977254 0.7180793 0.9894574 0.718076 0.1084539 0.9908524 0.09625041 0.9696516 0.1084538 0.9696483 0.4706776 0.9376448 0.4918651 0.9015372 0.4918651 0.9376506 0.3020274 0.5405469 0.293228 0.5044201 0.3020274 0.5044202 0.06912505 0.9220058 0.07792443 0.9578504 0.06912505 0.9578504 0.9910264 0.7951923 0.9822271 0.816358 0.9822271 0.7951923 0.7251005 0.2471682 0.7039129 0.2082737 0.7251005 0.2082698 0.8553855 0.971263 0.8656257 0.9924287 0.8553855 0.9924287 0.8965711 0.9924615 0.8861979 0.9712555 0.8965711 0.9712574 0.9924674 0.7589718 0.9822271 0.7801152 0.9822271 0.7589718 0.3228586 0.5414348 0.3020274 0.5405469 0.3020274 0.5044202 0.6681672 0.9104181 0.6893165 0.9104181 0.6893165 0.9415138 0.3876917 0.9909842 0.3763599 0.9909821 0.37636 0.969778 0.7043817 0.9415138 0.7043817 0.9104181 0.7255086 0.9104181 0.4950854 0.5151849 0.4969303 0.5462807 0.4847222 0.5462807 0.9292229 0.9612863 0.9170149 0.9612863 0.9179021 0.9301905 0.9910264 0.8525784 0.9822271 0.8525784 0.9822271 0.831435 0.9894574 0.7392801 0.9772539 0.7392835 0.977254 0.7180793 0.1084539 0.9908524 0.09625035 0.9908558 0.09625041 0.9696516 0.4706776 0.9376448 0.4706776 0.9015315 0.4918651 0.9015372 0.3020274 0.5405469 0.293228 0.5405469 0.293228 0.5044201 0.06912505 0.9220058 0.07792443 0.9220058 0.07792443 0.9578504 0.9910264 0.7951923 0.9910264 0.816358 0.9822271 0.816358 0.7251005 0.2471682 0.7039129 0.2471721 0.7039129 0.2082737 0.8553855 0.971263 0.8656257 0.9712629 0.8656257 0.9924287 0.8965711 0.9924615 0.886198 0.9924596 0.8861979 0.9712555 0.9924674 0.7589718 0.9924674 0.7801152 0.9822271 0.7801152</float_array>
          <technique_common>
            <accessor source="#Cylinder_056-mesh-map-0-array" count="102" stride="2">
              <param name="S" type="float"/>
              <param name="T" type="float"/>
            </accessor>
          </technique_common>
        </source>
        <vertices id="Cylinder_056-mesh-vertices">
          <input semantic="POSITION" source="#Cylinder_056-mesh-positions"/>
        </vertices>
        <triangles material="Material_001-material" count="34">
          <input semantic="VERTEX" source="#Cylinder_056-mesh-vertices" offset="0"/>
          <input semantic="NORMAL" source="#Cylinder_056-mesh-normals" offset="1"/>
          <input semantic="TEXCOORD" source="#Cylinder_056-mesh-map-0" offset="2" set="0"/>
          <p>22 0 0 10 0 1 23 0 2 2 1 3 7 1 4 6 1 5 7 2 6 19 2 7 6 2 8 5 3 9 0 3 10 4 3 11 17 4 12 1 4 13 5 4 14 3 5 15 16 5 16 7 5 17 10 6 18 13 6 19 9 6 20 2 7 21 11 7 22 3 7 23 1 7 24 9 7 25 0 7 26 14 7 27 12 7 28 13 7 29 11 8 30 14 8 31 10 8 32 9 9 33 12 9 34 8 9 35 11 10 36 12 10 37 15 10 38 23 2 39 20 2 40 22 2 41 23 1 42 18 1 43 21 1 44 17 2 45 4 2 46 18 2 47 19 11 48 22 11 49 20 11 50 22 12 51 11 12 52 10 12 53 2 13 54 3 13 55 7 13 56 7 2 57 16 2 58 19 2 59 5 11 60 1 11 61 0 11 62 17 14 63 10 14 64 1 14 65 3 15 66 11 15 67 16 15 68 10 16 69 14 16 70 13 16 71 2 7 72 8 7 73 11 7 74 1 7 75 10 7 76 9 7 77 14 7 78 15 7 79 12 7 80 11 8 81 15 8 82 14 8 83 9 9 84 13 9 85 12 9 86 11 17 87 8 17 88 12 17 89 23 2 90 21 2 91 20 2 92 23 1 93 17 1 94 18 1 95 17 2 96 5 2 97 4 2 98 19 11 99 16 11 100 22 11 101</p>
        </triangles>
      </mesh>
    </geometry>
    <geometry id="Cylinder_057-mesh" name="Cylinder.057">
      <mesh>
        <source id="Cylinder_057-mesh-positions">
          <float_array id="Cylinder_057-mesh-positions-array" count="72">-1.718275 -4.035402 2.708468 1.099277 -4.035402 2.708468 -1.718275 4.03987 2.708468 1.099277 4.03987 2.708468 -1.718275 -4.035402 -5.366804 1.099277 -4.035402 -5.366804 -1.718275 4.03987 -5.366804 1.099277 4.03987 -5.366804 -1.718275 2.410793 2.708468 -1.718275 -2.406324 2.708468 1.099277 -2.406324 2.708468 1.099277 2.410793 2.708468 -1.718274 2.410793 4.995353 -1.718274 -2.406324 4.995353 1.099277 -2.406324 4.995353 1.099277 2.410793 4.995353 1.099277 2.529187 -5.366804 1.099277 -2.652501 -5.366804 -1.718275 -2.652501 -5.366804 -1.718275 2.529187 -5.366804 -1.718275 2.529187 -2.705422 -1.718275 -2.652501 -2.705422 1.099277 2.529187 -2.705422 1.099277 -2.652501 -2.705422</float_array>
          <technique_common>
            <accessor source="#Cylinder_057-mesh-positions-array" count="24" stride="3">
              <param name="X" type="float"/>
              <param name="Y" type="float"/>
              <param name="Z" type="float"/>
            </accessor>
          </technique_common>
        </source>
        <source id="Cylinder_057-mesh-normals">
          <float_array id="Cylinder_057-mesh-normals-array" count="54">1 0 0 0 1 0 0 0 -1 0 -1 0 1 0 0 1 0 0 0 -1 0 0 0 1 1 0 0 -1 0 2.08509e-7 0 1 1.48008e-7 0 -1 0 1 0 0 0 1 0 1 0 0 1 0 0 0 -1 1.48008e-7 0 1 0</float_array>
          <technique_common>
            <accessor source="#Cylinder_057-mesh-normals-array" count="18" stride="3">
              <param name="X" type="float"/>
              <param name="Y" type="float"/>
              <param name="Z" type="float"/>
            </accessor>
          </technique_common>
        </source>
        <source id="Cylinder_057-mesh-map-0">
          <float_array id="Cylinder_057-mesh-map-0-array" count="204">0.3228586 0.5414348 0.3020274 0.5044202 0.3228586 0.5025739 0.6681672 0.9104181 0.6893165 0.9415138 0.6681672 0.9415138 0.3876917 0.9909842 0.37636 0.969778 0.3876917 0.96978 0.7043817 0.9415138 0.7255086 0.9104181 0.7255086 0.9415138 0.4950854 0.5151849 0.4847222 0.5462807 0.4847222 0.5151849 0.9292229 0.9612863 0.9179021 0.9301905 0.9292229 0.9301905 0.9910264 0.8525784 0.9822271 0.831435 0.9910264 0.831435 0.9894574 0.7392801 0.977254 0.7180793 0.9894574 0.718076 0.1084539 0.9908524 0.09625041 0.9696516 0.1084538 0.9696483 0.4706776 0.9376448 0.4918651 0.9015372 0.4918651 0.9376506 0.3020274 0.5405469 0.293228 0.5044201 0.3020274 0.5044202 0.06912505 0.9220058 0.07792443 0.9578504 0.06912505 0.9578504 0.9910264 0.7951923 0.9822271 0.816358 0.9822271 0.7951923 0.7251005 0.2471682 0.7039129 0.2082737 0.7251005 0.2082698 0.8553855 0.971263 0.8656257 0.9924287 0.8553855 0.9924287 0.8965711 0.9924615 0.8861979 0.9712555 0.8965711 0.9712574 0.9924674 0.7589718 0.9822271 0.7801152 0.9822271 0.7589718 0.3228586 0.5414348 0.3020274 0.5405469 0.3020274 0.5044202 0.6681672 0.9104181 0.6893165 0.9104181 0.6893165 0.9415138 0.3876917 0.9909842 0.3763599 0.9909821 0.37636 0.969778 0.7043817 0.9415138 0.7043817 0.9104181 0.7255086 0.9104181 0.4950854 0.5151849 0.4969303 0.5462807 0.4847222 0.5462807 0.9292229 0.9612863 0.9170149 0.9612863 0.9179021 0.9301905 0.9910264 0.8525784 0.9822271 0.8525784 0.9822271 0.831435 0.9894574 0.7392801 0.9772539 0.7392835 0.977254 0.7180793 0.1084539 0.9908524 0.09625035 0.9908558 0.09625041 0.9696516 0.4706776 0.9376448 0.4706776 0.9015315 0.4918651 0.9015372 0.3020274 0.5405469 0.293228 0.5405469 0.293228 0.5044201 0.06912505 0.9220058 0.07792443 0.9220058 0.07792443 0.9578504 0.9910264 0.7951923 0.9910264 0.816358 0.9822271 0.816358 0.7251005 0.2471682 0.7039129 0.2471721 0.7039129 0.2082737 0.8553855 0.971263 0.8656257 0.9712629 0.8656257 0.9924287 0.8965711 0.9924615 0.886198 0.9924596 0.8861979 0.9712555 0.9924674 0.7589718 0.9924674 0.7801152 0.9822271 0.7801152</float_array>
          <technique_common>
            <accessor source="#Cylinder_057-mesh-map-0-array" count="102" stride="2">
              <param name="S" type="float"/>
              <param name="T" type="float"/>
            </accessor>
          </technique_common>
        </source>
        <vertices id="Cylinder_057-mesh-vertices">
          <input semantic="POSITION" source="#Cylinder_057-mesh-positions"/>
        </vertices>
        <triangles material="Material_001-material" count="34">
          <input semantic="VERTEX" source="#Cylinder_057-mesh-vertices" offset="0"/>
          <input semantic="NORMAL" source="#Cylinder_057-mesh-normals" offset="1"/>
          <input semantic="TEXCOORD" source="#Cylinder_057-mesh-map-0" offset="2" set="0"/>
          <p>22 0 0 10 0 1 23 0 2 2 1 3 7 1 4 6 1 5 7 2 6 19 2 7 6 2 8 5 3 9 0 3 10 4 3 11 17 4 12 1 4 13 5 4 14 3 5 15 16 5 16 7 5 17 10 6 18 13 6 19 9 6 20 2 7 21 11 7 22 3 7 23 1 7 24 9 7 25 0 7 26 14 7 27 12 7 28 13 7 29 11 8 30 14 8 31 10 8 32 9 9 33 12 9 34 8 9 35 11 10 36 12 10 37 15 10 38 23 2 39 20 2 40 22 2 41 23 1 42 18 1 43 21 1 44 17 2 45 4 2 46 18 2 47 19 11 48 22 11 49 20 11 50 22 12 51 11 12 52 10 12 53 2 13 54 3 13 55 7 13 56 7 2 57 16 2 58 19 2 59 5 11 60 1 11 61 0 11 62 17 14 63 10 14 64 1 14 65 3 15 66 11 15 67 16 15 68 10 16 69 14 16 70 13 16 71 2 7 72 8 7 73 11 7 74 1 7 75 10 7 76 9 7 77 14 7 78 15 7 79 12 7 80 11 8 81 15 8 82 14 8 83 9 9 84 13 9 85 12 9 86 11 17 87 8 17 88 12 17 89 23 2 90 21 2 91 20 2 92 23 1 93 17 1 94 18 1 95 17 2 96 5 2 97 4 2 98 19 11 99 16 11 100 22 11 101</p>
        </triangles>
      </mesh>
    </geometry>
    <geometry id="Cylinder_058-mesh" name="Cylinder.058">
      <mesh>
        <source id="Cylinder_058-mesh-positions">
          <float_array id="Cylinder_058-mesh-positions-array" count="72">-1.718275 -4.035402 2.708468 1.099277 -4.035402 2.708468 -1.718275 4.03987 2.708468 1.099277 4.03987 2.708468 -1.718275 -4.035402 -5.366804 1.099277 -4.035402 -5.366804 -1.718275 4.03987 -5.366804 1.099277 4.03987 -5.366804 -1.718275 2.410793 2.708468 -1.718275 -2.406324 2.708468 1.099277 -2.406324 2.708468 1.099277 2.410793 2.708468 -1.718274 2.410793 4.995353 -1.718274 -2.406324 4.995353 1.099277 -2.406324 4.995353 1.099277 2.410793 4.995353 1.099277 2.529187 -5.366804 1.099277 -2.652501 -5.366804 -1.718275 -2.652501 -5.366804 -1.718275 2.529187 -5.366804 -1.718275 2.529187 -2.705422 -1.718275 -2.652501 -2.705422 1.099277 2.529187 -2.705422 1.099277 -2.652501 -2.705422</float_array>
          <technique_common>
            <accessor source="#Cylinder_058-mesh-positions-array" count="24" stride="3">
              <param name="X" type="float"/>
              <param name="Y" type="float"/>
              <param name="Z" type="float"/>
            </accessor>
          </technique_common>
        </source>
        <source id="Cylinder_058-mesh-normals">
          <float_array id="Cylinder_058-mesh-normals-array" count="54">1 0 0 0 1 0 0 0 -1 0 -1 0 1 0 0 1 0 0 0 -1 0 0 0 1 1 0 0 -1 0 2.08509e-7 0 1 1.48008e-7 0 -1 0 1 0 0 0 1 0 1 0 0 1 0 0 0 -1 1.48008e-7 0 1 0</float_array>
          <technique_common>
            <accessor source="#Cylinder_058-mesh-normals-array" count="18" stride="3">
              <param name="X" type="float"/>
              <param name="Y" type="float"/>
              <param name="Z" type="float"/>
            </accessor>
          </technique_common>
        </source>
        <source id="Cylinder_058-mesh-map-0">
          <float_array id="Cylinder_058-mesh-map-0-array" count="204">0.3228586 0.5414348 0.3020274 0.5044202 0.3228586 0.5025739 0.6681672 0.9104181 0.6893165 0.9415138 0.6681672 0.9415138 0.3876917 0.9909842 0.37636 0.969778 0.3876917 0.96978 0.7043817 0.9415138 0.7255086 0.9104181 0.7255086 0.9415138 0.4950854 0.5151849 0.4847222 0.5462807 0.4847222 0.5151849 0.9292229 0.9612863 0.9179021 0.9301905 0.9292229 0.9301905 0.9910264 0.8525784 0.9822271 0.831435 0.9910264 0.831435 0.9894574 0.7392801 0.977254 0.7180793 0.9894574 0.718076 0.1084539 0.9908524 0.09625041 0.9696516 0.1084538 0.9696483 0.4706776 0.9376448 0.4918651 0.9015372 0.4918651 0.9376506 0.3020274 0.5405469 0.293228 0.5044201 0.3020274 0.5044202 0.06912505 0.9220058 0.07792443 0.9578504 0.06912505 0.9578504 0.9910264 0.7951923 0.9822271 0.816358 0.9822271 0.7951923 0.7251005 0.2471682 0.7039129 0.2082737 0.7251005 0.2082698 0.8553855 0.971263 0.8656257 0.9924287 0.8553855 0.9924287 0.8965711 0.9924615 0.8861979 0.9712555 0.8965711 0.9712574 0.9924674 0.7589718 0.9822271 0.7801152 0.9822271 0.7589718 0.3228586 0.5414348 0.3020274 0.5405469 0.3020274 0.5044202 0.6681672 0.9104181 0.6893165 0.9104181 0.6893165 0.9415138 0.3876917 0.9909842 0.3763599 0.9909821 0.37636 0.969778 0.7043817 0.9415138 0.7043817 0.9104181 0.7255086 0.9104181 0.4950854 0.5151849 0.4969303 0.5462807 0.4847222 0.5462807 0.9292229 0.9612863 0.9170149 0.9612863 0.9179021 0.9301905 0.9910264 0.8525784 0.9822271 0.8525784 0.9822271 0.831435 0.9894574 0.7392801 0.9772539 0.7392835 0.977254 0.7180793 0.1084539 0.9908524 0.09625035 0.9908558 0.09625041 0.9696516 0.4706776 0.9376448 0.4706776 0.9015315 0.4918651 0.9015372 0.3020274 0.5405469 0.293228 0.5405469 0.293228 0.5044201 0.06912505 0.9220058 0.07792443 0.9220058 0.07792443 0.9578504 0.9910264 0.7951923 0.9910264 0.816358 0.9822271 0.816358 0.7251005 0.2471682 0.7039129 0.2471721 0.7039129 0.2082737 0.8553855 0.971263 0.8656257 0.9712629 0.8656257 0.9924287 0.8965711 0.9924615 0.886198 0.9924596 0.8861979 0.9712555 0.9924674 0.7589718 0.9924674 0.7801152 0.9822271 0.7801152</float_array>
          <technique_common>
            <accessor source="#Cylinder_058-mesh-map-0-array" count="102" stride="2">
              <param name="S" type="float"/>
              <param name="T" type="float"/>
            </accessor>
          </technique_common>
        </source>
        <vertices id="Cylinder_058-mesh-vertices">
          <input semantic="POSITION" source="#Cylinder_058-mesh-positions"/>
        </vertices>
        <triangles material="Material_001-material" count="34">
          <input semantic="VERTEX" source="#Cylinder_058-mesh-vertices" offset="0"/>
          <input semantic="NORMAL" source="#Cylinder_058-mesh-normals" offset="1"/>
          <input semantic="TEXCOORD" source="#Cylinder_058-mesh-map-0" offset="2" set="0"/>
          <p>22 0 0 10 0 1 23 0 2 2 1 3 7 1 4 6 1 5 7 2 6 19 2 7 6 2 8 5 3 9 0 3 10 4 3 11 17 4 12 1 4 13 5 4 14 3 5 15 16 5 16 7 5 17 10 6 18 13 6 19 9 6 20 2 7 21 11 7 22 3 7 23 1 7 24 9 7 25 0 7 26 14 7 27 12 7 28 13 7 29 11 8 30 14 8 31 10 8 32 9 9 33 12 9 34 8 9 35 11 10 36 12 10 37 15 10 38 23 2 39 20 2 40 22 2 41 23 1 42 18 1 43 21 1 44 17 2 45 4 2 46 18 2 47 19 11 48 22 11 49 20 11 50 22 12 51 11 12 52 10 12 53 2 13 54 3 13 55 7 13 56 7 2 57 16 2 58 19 2 59 5 11 60 1 11 61 0 11 62 17 14 63 10 14 64 1 14 65 3 15 66 11 15 67 16 15 68 10 16 69 14 16 70 13 16 71 2 7 72 8 7 73 11 7 74 1 7 75 10 7 76 9 7 77 14 7 78 15 7 79 12 7 80 11 8 81 15 8 82 14 8 83 9 9 84 13 9 85 12 9 86 11 17 87 8 17 88 12 17 89 23 2 90 21 2 91 20 2 92 23 1 93 17 1 94 18 1 95 17 2 96 5 2 97 4 2 98 19 11 99 16 11 100 22 11 101</p>
        </triangles>
      </mesh>
    </geometry>
    <geometry id="Cylinder_059-mesh" name="Cylinder.059">
      <mesh>
        <source id="Cylinder_059-mesh-positions">
          <float_array id="Cylinder_059-mesh-positions-array" count="72">-1.718275 -4.035402 2.708468 1.099277 -4.035402 2.708468 -1.718275 4.03987 2.708468 1.099277 4.03987 2.708468 -1.718275 -4.035402 -5.366804 1.099277 -4.035402 -5.366804 -1.718275 4.03987 -5.366804 1.099277 4.03987 -5.366804 -1.718275 2.410793 2.708468 -1.718275 -2.406324 2.708468 1.099277 -2.406324 2.708468 1.099277 2.410793 2.708468 -1.718274 2.410793 4.995353 -1.718274 -2.406324 4.995353 1.099277 -2.406324 4.995353 1.099277 2.410793 4.995353 1.099277 2.529187 -5.366804 1.099277 -2.652501 -5.366804 -1.718275 -2.652501 -5.366804 -1.718275 2.529187 -5.366804 -1.718275 2.529187 -2.705422 -1.718275 -2.652501 -2.705422 1.099277 2.529187 -2.705422 1.099277 -2.652501 -2.705422</float_array>
          <technique_common>
            <accessor source="#Cylinder_059-mesh-positions-array" count="24" stride="3">
              <param name="X" type="float"/>
              <param name="Y" type="float"/>
              <param name="Z" type="float"/>
            </accessor>
          </technique_common>
        </source>
        <source id="Cylinder_059-mesh-normals">
          <float_array id="Cylinder_059-mesh-normals-array" count="54">1 0 0 0 1 0 0 0 -1 0 -1 0 1 0 0 1 0 0 0 -1 0 0 0 1 1 0 0 -1 0 2.08509e-7 0 1 1.48008e-7 0 -1 0 1 0 0 0 1 0 1 0 0 1 0 0 0 -1 1.48008e-7 0 1 0</float_array>
          <technique_common>
            <accessor source="#Cylinder_059-mesh-normals-array" count="18" stride="3">
              <param name="X" type="float"/>
              <param name="Y" type="float"/>
              <param name="Z" type="float"/>
            </accessor>
          </technique_common>
        </source>
        <source id="Cylinder_059-mesh-map-0">
          <float_array id="Cylinder_059-mesh-map-0-array" count="204">0.3228586 0.5414348 0.3020274 0.5044202 0.3228586 0.5025739 0.6681672 0.9104181 0.6893165 0.9415138 0.6681672 0.9415138 0.3876917 0.9909842 0.37636 0.969778 0.3876917 0.96978 0.7043817 0.9415138 0.7255086 0.9104181 0.7255086 0.9415138 0.4950854 0.5151849 0.4847222 0.5462807 0.4847222 0.5151849 0.9292229 0.9612863 0.9179021 0.9301905 0.9292229 0.9301905 0.9910264 0.8525784 0.9822271 0.831435 0.9910264 0.831435 0.9894574 0.7392801 0.977254 0.7180793 0.9894574 0.718076 0.1084539 0.9908524 0.09625041 0.9696516 0.1084538 0.9696483 0.4706776 0.9376448 0.4918651 0.9015372 0.4918651 0.9376506 0.3020274 0.5405469 0.293228 0.5044201 0.3020274 0.5044202 0.06912505 0.9220058 0.07792443 0.9578504 0.06912505 0.9578504 0.9910264 0.7951923 0.9822271 0.816358 0.9822271 0.7951923 0.7251005 0.2471682 0.7039129 0.2082737 0.7251005 0.2082698 0.8553855 0.971263 0.8656257 0.9924287 0.8553855 0.9924287 0.8965711 0.9924615 0.8861979 0.9712555 0.8965711 0.9712574 0.9924674 0.7589718 0.9822271 0.7801152 0.9822271 0.7589718 0.3228586 0.5414348 0.3020274 0.5405469 0.3020274 0.5044202 0.6681672 0.9104181 0.6893165 0.9104181 0.6893165 0.9415138 0.3876917 0.9909842 0.3763599 0.9909821 0.37636 0.969778 0.7043817 0.9415138 0.7043817 0.9104181 0.7255086 0.9104181 0.4950854 0.5151849 0.4969303 0.5462807 0.4847222 0.5462807 0.9292229 0.9612863 0.9170149 0.9612863 0.9179021 0.9301905 0.9910264 0.8525784 0.9822271 0.8525784 0.9822271 0.831435 0.9894574 0.7392801 0.9772539 0.7392835 0.977254 0.7180793 0.1084539 0.9908524 0.09625035 0.9908558 0.09625041 0.9696516 0.4706776 0.9376448 0.4706776 0.9015315 0.4918651 0.9015372 0.3020274 0.5405469 0.293228 0.5405469 0.293228 0.5044201 0.06912505 0.9220058 0.07792443 0.9220058 0.07792443 0.9578504 0.9910264 0.7951923 0.9910264 0.816358 0.9822271 0.816358 0.7251005 0.2471682 0.7039129 0.2471721 0.7039129 0.2082737 0.8553855 0.971263 0.8656257 0.9712629 0.8656257 0.9924287 0.8965711 0.9924615 0.886198 0.9924596 0.8861979 0.9712555 0.9924674 0.7589718 0.9924674 0.7801152 0.9822271 0.7801152</float_array>
          <technique_common>
            <accessor source="#Cylinder_059-mesh-map-0-array" count="102" stride="2">
              <param name="S" type="float"/>
              <param name="T" type="float"/>
            </accessor>
          </technique_common>
        </source>
        <vertices id="Cylinder_059-mesh-vertices">
          <input semantic="POSITION" source="#Cylinder_059-mesh-positions"/>
        </vertices>
        <triangles material="Material_001-material" count="34">
          <input semantic="VERTEX" source="#Cylinder_059-mesh-vertices" offset="0"/>
          <input semantic="NORMAL" source="#Cylinder_059-mesh-normals" offset="1"/>
          <input semantic="TEXCOORD" source="#Cylinder_059-mesh-map-0" offset="2" set="0"/>
          <p>22 0 0 10 0 1 23 0 2 2 1 3 7 1 4 6 1 5 7 2 6 19 2 7 6 2 8 5 3 9 0 3 10 4 3 11 17 4 12 1 4 13 5 4 14 3 5 15 16 5 16 7 5 17 10 6 18 13 6 19 9 6 20 2 7 21 11 7 22 3 7 23 1 7 24 9 7 25 0 7 26 14 7 27 12 7 28 13 7 29 11 8 30 14 8 31 10 8 32 9 9 33 12 9 34 8 9 35 11 10 36 12 10 37 15 10 38 23 2 39 20 2 40 22 2 41 23 1 42 18 1 43 21 1 44 17 2 45 4 2 46 18 2 47 19 11 48 22 11 49 20 11 50 22 12 51 11 12 52 10 12 53 2 13 54 3 13 55 7 13 56 7 2 57 16 2 58 19 2 59 5 11 60 1 11 61 0 11 62 17 14 63 10 14 64 1 14 65 3 15 66 11 15 67 16 15 68 10 16 69 14 16 70 13 16 71 2 7 72 8 7 73 11 7 74 1 7 75 10 7 76 9 7 77 14 7 78 15 7 79 12 7 80 11 8 81 15 8 82 14 8 83 9 9 84 13 9 85 12 9 86 11 17 87 8 17 88 12 17 89 23 2 90 21 2 91 20 2 92 23 1 93 17 1 94 18 1 95 17 2 96 5 2 97 4 2 98 19 11 99 16 11 100 22 11 101</p>
        </triangles>
      </mesh>
    </geometry>
    <geometry id="Cylinder_060-mesh" name="Cylinder.060">
      <mesh>
        <source id="Cylinder_060-mesh-positions">
          <float_array id="Cylinder_060-mesh-positions-array" count="72">-1.718275 -4.035402 2.708468 1.099277 -4.035402 2.708468 -1.718275 4.03987 2.708468 1.099277 4.03987 2.708468 -1.718275 -4.035402 -5.366804 1.099277 -4.035402 -5.366804 -1.718275 4.03987 -5.366804 1.099277 4.03987 -5.366804 -1.718275 2.410793 2.708468 -1.718275 -2.406324 2.708468 1.099277 -2.406324 2.708468 1.099277 2.410793 2.708468 -1.718274 2.410793 4.995353 -1.718274 -2.406324 4.995353 1.099277 -2.406324 4.995353 1.099277 2.410793 4.995353 1.099277 2.529187 -5.366804 1.099277 -2.652501 -5.366804 -1.718275 -2.652501 -5.366804 -1.718275 2.529187 -5.366804 -1.718275 2.529187 -2.705422 -1.718275 -2.652501 -2.705422 1.099277 2.529187 -2.705422 1.099277 -2.652501 -2.705422</float_array>
          <technique_common>
            <accessor source="#Cylinder_060-mesh-positions-array" count="24" stride="3">
              <param name="X" type="float"/>
              <param name="Y" type="float"/>
              <param name="Z" type="float"/>
            </accessor>
          </technique_common>
        </source>
        <source id="Cylinder_060-mesh-normals">
          <float_array id="Cylinder_060-mesh-normals-array" count="54">1 0 0 0 1 0 0 0 -1 0 -1 0 1 0 0 1 0 0 0 -1 0 0 0 1 1 0 0 -1 0 2.08509e-7 0 1 1.48008e-7 0 -1 0 1 0 0 0 1 0 1 0 0 1 0 0 0 -1 1.48008e-7 0 1 0</float_array>
          <technique_common>
            <accessor source="#Cylinder_060-mesh-normals-array" count="18" stride="3">
              <param name="X" type="float"/>
              <param name="Y" type="float"/>
              <param name="Z" type="float"/>
            </accessor>
          </technique_common>
        </source>
        <source id="Cylinder_060-mesh-map-0">
          <float_array id="Cylinder_060-mesh-map-0-array" count="204">0.3228586 0.5414348 0.3020274 0.5044202 0.3228586 0.5025739 0.6681672 0.9104181 0.6893165 0.9415138 0.6681672 0.9415138 0.3876917 0.9909842 0.37636 0.969778 0.3876917 0.96978 0.7043817 0.9415138 0.7255086 0.9104181 0.7255086 0.9415138 0.4950854 0.5151849 0.4847222 0.5462807 0.4847222 0.5151849 0.9292229 0.9612863 0.9179021 0.9301905 0.9292229 0.9301905 0.9910264 0.8525784 0.9822271 0.831435 0.9910264 0.831435 0.9894574 0.7392801 0.977254 0.7180793 0.9894574 0.718076 0.1084539 0.9908524 0.09625041 0.9696516 0.1084538 0.9696483 0.4706776 0.9376448 0.4918651 0.9015372 0.4918651 0.9376506 0.3020274 0.5405469 0.293228 0.5044201 0.3020274 0.5044202 0.06912505 0.9220058 0.07792443 0.9578504 0.06912505 0.9578504 0.9910264 0.7951923 0.9822271 0.816358 0.9822271 0.7951923 0.7251005 0.2471682 0.7039129 0.2082737 0.7251005 0.2082698 0.8553855 0.971263 0.8656257 0.9924287 0.8553855 0.9924287 0.8965711 0.9924615 0.8861979 0.9712555 0.8965711 0.9712574 0.9924674 0.7589718 0.9822271 0.7801152 0.9822271 0.7589718 0.3228586 0.5414348 0.3020274 0.5405469 0.3020274 0.5044202 0.6681672 0.9104181 0.6893165 0.9104181 0.6893165 0.9415138 0.3876917 0.9909842 0.3763599 0.9909821 0.37636 0.969778 0.7043817 0.9415138 0.7043817 0.9104181 0.7255086 0.9104181 0.4950854 0.5151849 0.4969303 0.5462807 0.4847222 0.5462807 0.9292229 0.9612863 0.9170149 0.9612863 0.9179021 0.9301905 0.9910264 0.8525784 0.9822271 0.8525784 0.9822271 0.831435 0.9894574 0.7392801 0.9772539 0.7392835 0.977254 0.7180793 0.1084539 0.9908524 0.09625035 0.9908558 0.09625041 0.9696516 0.4706776 0.9376448 0.4706776 0.9015315 0.4918651 0.9015372 0.3020274 0.5405469 0.293228 0.5405469 0.293228 0.5044201 0.06912505 0.9220058 0.07792443 0.9220058 0.07792443 0.9578504 0.9910264 0.7951923 0.9910264 0.816358 0.9822271 0.816358 0.7251005 0.2471682 0.7039129 0.2471721 0.7039129 0.2082737 0.8553855 0.971263 0.8656257 0.9712629 0.8656257 0.9924287 0.8965711 0.9924615 0.886198 0.9924596 0.8861979 0.9712555 0.9924674 0.7589718 0.9924674 0.7801152 0.9822271 0.7801152</float_array>
          <technique_common>
            <accessor source="#Cylinder_060-mesh-map-0-array" count="102" stride="2">
              <param name="S" type="float"/>
              <param name="T" type="float"/>
            </accessor>
          </technique_common>
        </source>
        <vertices id="Cylinder_060-mesh-vertices">
          <input semantic="POSITION" source="#Cylinder_060-mesh-positions"/>
        </vertices>
        <triangles material="Material_001-material" count="34">
          <input semantic="VERTEX" source="#Cylinder_060-mesh-vertices" offset="0"/>
          <input semantic="NORMAL" source="#Cylinder_060-mesh-normals" offset="1"/>
          <input semantic="TEXCOORD" source="#Cylinder_060-mesh-map-0" offset="2" set="0"/>
          <p>22 0 0 10 0 1 23 0 2 2 1 3 7 1 4 6 1 5 7 2 6 19 2 7 6 2 8 5 3 9 0 3 10 4 3 11 17 4 12 1 4 13 5 4 14 3 5 15 16 5 16 7 5 17 10 6 18 13 6 19 9 6 20 2 7 21 11 7 22 3 7 23 1 7 24 9 7 25 0 7 26 14 7 27 12 7 28 13 7 29 11 8 30 14 8 31 10 8 32 9 9 33 12 9 34 8 9 35 11 10 36 12 10 37 15 10 38 23 2 39 20 2 40 22 2 41 23 1 42 18 1 43 21 1 44 17 2 45 4 2 46 18 2 47 19 11 48 22 11 49 20 11 50 22 12 51 11 12 52 10 12 53 2 13 54 3 13 55 7 13 56 7 2 57 16 2 58 19 2 59 5 11 60 1 11 61 0 11 62 17 14 63 10 14 64 1 14 65 3 15 66 11 15 67 16 15 68 10 16 69 14 16 70 13 16 71 2 7 72 8 7 73 11 7 74 1 7 75 10 7 76 9 7 77 14 7 78 15 7 79 12 7 80 11 8 81 15 8 82 14 8 83 9 9 84 13 9 85 12 9 86 11 17 87 8 17 88 12 17 89 23 2 90 21 2 91 20 2 92 23 1 93 17 1 94 18 1 95 17 2 96 5 2 97 4 2 98 19 11 99 16 11 100 22 11 101</p>
        </triangles>
      </mesh>
    </geometry>
    <geometry id="Cylinder_061-mesh" name="Cylinder.061">
      <mesh>
        <source id="Cylinder_061-mesh-positions">
          <float_array id="Cylinder_061-mesh-positions-array" count="72">-1.718275 -4.035402 2.708468 1.099277 -4.035402 2.708468 -1.718275 4.03987 2.708468 1.099277 4.03987 2.708468 -1.718275 -4.035402 -5.366804 1.099277 -4.035402 -5.366804 -1.718275 4.03987 -5.366804 1.099277 4.03987 -5.366804 -1.718275 2.410793 2.708468 -1.718275 -2.406324 2.708468 1.099277 -2.406324 2.708468 1.099277 2.410793 2.708468 -1.718274 2.410793 4.995353 -1.718274 -2.406324 4.995353 1.099277 -2.406324 4.995353 1.099277 2.410793 4.995353 1.099277 2.529187 -5.366804 1.099277 -2.652501 -5.366804 -1.718275 -2.652501 -5.366804 -1.718275 2.529187 -5.366804 -1.718275 2.529187 -2.705422 -1.718275 -2.652501 -2.705422 1.099277 2.529187 -2.705422 1.099277 -2.652501 -2.705422</float_array>
          <technique_common>
            <accessor source="#Cylinder_061-mesh-positions-array" count="24" stride="3">
              <param name="X" type="float"/>
              <param name="Y" type="float"/>
              <param name="Z" type="float"/>
            </accessor>
          </technique_common>
        </source>
        <source id="Cylinder_061-mesh-normals">
          <float_array id="Cylinder_061-mesh-normals-array" count="54">1 0 0 0 1 0 0 0 -1 0 -1 0 1 0 0 1 0 0 0 -1 0 0 0 1 1 0 0 -1 0 2.08509e-7 0 1 1.48008e-7 0 -1 0 1 0 0 0 1 0 1 0 0 1 0 0 0 -1 1.48008e-7 0 1 0</float_array>
          <technique_common>
            <accessor source="#Cylinder_061-mesh-normals-array" count="18" stride="3">
              <param name="X" type="float"/>
              <param name="Y" type="float"/>
              <param name="Z" type="float"/>
            </accessor>
          </technique_common>
        </source>
        <source id="Cylinder_061-mesh-map-0">
          <float_array id="Cylinder_061-mesh-map-0-array" count="204">0.3228586 0.5414348 0.3020274 0.5044202 0.3228586 0.5025739 0.6681672 0.9104181 0.6893165 0.9415138 0.6681672 0.9415138 0.3876917 0.9909842 0.37636 0.969778 0.3876917 0.96978 0.7043817 0.9415138 0.7255086 0.9104181 0.7255086 0.9415138 0.4950854 0.5151849 0.4847222 0.5462807 0.4847222 0.5151849 0.9292229 0.9612863 0.9179021 0.9301905 0.9292229 0.9301905 0.9910264 0.8525784 0.9822271 0.831435 0.9910264 0.831435 0.9894574 0.7392801 0.977254 0.7180793 0.9894574 0.718076 0.1084539 0.9908524 0.09625041 0.9696516 0.1084538 0.9696483 0.4706776 0.9376448 0.4918651 0.9015372 0.4918651 0.9376506 0.3020274 0.5405469 0.293228 0.5044201 0.3020274 0.5044202 0.06912505 0.9220058 0.07792443 0.9578504 0.06912505 0.9578504 0.9910264 0.7951923 0.9822271 0.816358 0.9822271 0.7951923 0.7251005 0.2471682 0.7039129 0.2082737 0.7251005 0.2082698 0.8553855 0.971263 0.8656257 0.9924287 0.8553855 0.9924287 0.8965711 0.9924615 0.8861979 0.9712555 0.8965711 0.9712574 0.9924674 0.7589718 0.9822271 0.7801152 0.9822271 0.7589718 0.3228586 0.5414348 0.3020274 0.5405469 0.3020274 0.5044202 0.6681672 0.9104181 0.6893165 0.9104181 0.6893165 0.9415138 0.3876917 0.9909842 0.3763599 0.9909821 0.37636 0.969778 0.7043817 0.9415138 0.7043817 0.9104181 0.7255086 0.9104181 0.4950854 0.5151849 0.4969303 0.5462807 0.4847222 0.5462807 0.9292229 0.9612863 0.9170149 0.9612863 0.9179021 0.9301905 0.9910264 0.8525784 0.9822271 0.8525784 0.9822271 0.831435 0.9894574 0.7392801 0.9772539 0.7392835 0.977254 0.7180793 0.1084539 0.9908524 0.09625035 0.9908558 0.09625041 0.9696516 0.4706776 0.9376448 0.4706776 0.9015315 0.4918651 0.9015372 0.3020274 0.5405469 0.293228 0.5405469 0.293228 0.5044201 0.06912505 0.9220058 0.07792443 0.9220058 0.07792443 0.9578504 0.9910264 0.7951923 0.9910264 0.816358 0.9822271 0.816358 0.7251005 0.2471682 0.7039129 0.2471721 0.7039129 0.2082737 0.8553855 0.971263 0.8656257 0.9712629 0.8656257 0.9924287 0.8965711 0.9924615 0.886198 0.9924596 0.8861979 0.9712555 0.9924674 0.7589718 0.9924674 0.7801152 0.9822271 0.7801152</float_array>
          <technique_common>
            <accessor source="#Cylinder_061-mesh-map-0-array" count="102" stride="2">
              <param name="S" type="float"/>
              <param name="T" type="float"/>
            </accessor>
          </technique_common>
        </source>
        <vertices id="Cylinder_061-mesh-vertices">
          <input semantic="POSITION" source="#Cylinder_061-mesh-positions"/>
        </vertices>
        <triangles material="Material_001-material" count="34">
          <input semantic="VERTEX" source="#Cylinder_061-mesh-vertices" offset="0"/>
          <input semantic="NORMAL" source="#Cylinder_061-mesh-normals" offset="1"/>
          <input semantic="TEXCOORD" source="#Cylinder_061-mesh-map-0" offset="2" set="0"/>
          <p>22 0 0 10 0 1 23 0 2 2 1 3 7 1 4 6 1 5 7 2 6 19 2 7 6 2 8 5 3 9 0 3 10 4 3 11 17 4 12 1 4 13 5 4 14 3 5 15 16 5 16 7 5 17 10 6 18 13 6 19 9 6 20 2 7 21 11 7 22 3 7 23 1 7 24 9 7 25 0 7 26 14 7 27 12 7 28 13 7 29 11 8 30 14 8 31 10 8 32 9 9 33 12 9 34 8 9 35 11 10 36 12 10 37 15 10 38 23 2 39 20 2 40 22 2 41 23 1 42 18 1 43 21 1 44 17 2 45 4 2 46 18 2 47 19 11 48 22 11 49 20 11 50 22 12 51 11 12 52 10 12 53 2 13 54 3 13 55 7 13 56 7 2 57 16 2 58 19 2 59 5 11 60 1 11 61 0 11 62 17 14 63 10 14 64 1 14 65 3 15 66 11 15 67 16 15 68 10 16 69 14 16 70 13 16 71 2 7 72 8 7 73 11 7 74 1 7 75 10 7 76 9 7 77 14 7 78 15 7 79 12 7 80 11 8 81 15 8 82 14 8 83 9 9 84 13 9 85 12 9 86 11 17 87 8 17 88 12 17 89 23 2 90 21 2 91 20 2 92 23 1 93 17 1 94 18 1 95 17 2 96 5 2 97 4 2 98 19 11 99 16 11 100 22 11 101</p>
        </triangles>
      </mesh>
    </geometry>
    <geometry id="Cylinder_062-mesh" name="Cylinder.062">
      <mesh>
        <source id="Cylinder_062-mesh-positions">
          <float_array id="Cylinder_062-mesh-positions-array" count="72">-1.718275 -4.035402 2.708468 1.099277 -4.035402 2.708468 -1.718275 4.03987 2.708468 1.099277 4.03987 2.708468 -1.718275 -4.035402 -5.366804 1.099277 -4.035402 -5.366804 -1.718275 4.03987 -5.366804 1.099277 4.03987 -5.366804 -1.718275 2.410793 2.708468 -1.718275 -2.406324 2.708468 1.099277 -2.406324 2.708468 1.099277 2.410793 2.708468 -1.718274 2.410793 4.995353 -1.718274 -2.406324 4.995353 1.099277 -2.406324 4.995353 1.099277 2.410793 4.995353 1.099277 2.529187 -5.366804 1.099277 -2.652501 -5.366804 -1.718275 -2.652501 -5.366804 -1.718275 2.529187 -5.366804 -1.718275 2.529187 -2.705422 -1.718275 -2.652501 -2.705422 1.099277 2.529187 -2.705422 1.099277 -2.652501 -2.705422</float_array>
          <technique_common>
            <accessor source="#Cylinder_062-mesh-positions-array" count="24" stride="3">
              <param name="X" type="float"/>
              <param name="Y" type="float"/>
              <param name="Z" type="float"/>
            </accessor>
          </technique_common>
        </source>
        <source id="Cylinder_062-mesh-normals">
          <float_array id="Cylinder_062-mesh-normals-array" count="54">1 0 0 0 1 0 0 0 -1 0 -1 0 1 0 0 1 0 0 0 -1 0 0 0 1 1 0 0 -1 0 2.08509e-7 0 1 1.48008e-7 0 -1 0 1 0 0 0 1 0 1 0 0 1 0 0 0 -1 1.48008e-7 0 1 0</float_array>
          <technique_common>
            <accessor source="#Cylinder_062-mesh-normals-array" count="18" stride="3">
              <param name="X" type="float"/>
              <param name="Y" type="float"/>
              <param name="Z" type="float"/>
            </accessor>
          </technique_common>
        </source>
        <source id="Cylinder_062-mesh-map-0">
          <float_array id="Cylinder_062-mesh-map-0-array" count="204">0.3228586 0.5414348 0.3020274 0.5044202 0.3228586 0.5025739 0.6681672 0.9104181 0.6893165 0.9415138 0.6681672 0.9415138 0.3876917 0.9909842 0.37636 0.969778 0.3876917 0.96978 0.7043817 0.9415138 0.7255086 0.9104181 0.7255086 0.9415138 0.4950854 0.5151849 0.4847222 0.5462807 0.4847222 0.5151849 0.9292229 0.9612863 0.9179021 0.9301905 0.9292229 0.9301905 0.9910264 0.8525784 0.9822271 0.831435 0.9910264 0.831435 0.9894574 0.7392801 0.977254 0.7180793 0.9894574 0.718076 0.1084539 0.9908524 0.09625041 0.9696516 0.1084538 0.9696483 0.4706776 0.9376448 0.4918651 0.9015372 0.4918651 0.9376506 0.3020274 0.5405469 0.293228 0.5044201 0.3020274 0.5044202 0.06912505 0.9220058 0.07792443 0.9578504 0.06912505 0.9578504 0.9910264 0.7951923 0.9822271 0.816358 0.9822271 0.7951923 0.7251005 0.2471682 0.7039129 0.2082737 0.7251005 0.2082698 0.8553855 0.971263 0.8656257 0.9924287 0.8553855 0.9924287 0.8965711 0.9924615 0.8861979 0.9712555 0.8965711 0.9712574 0.9924674 0.7589718 0.9822271 0.7801152 0.9822271 0.7589718 0.3228586 0.5414348 0.3020274 0.5405469 0.3020274 0.5044202 0.6681672 0.9104181 0.6893165 0.9104181 0.6893165 0.9415138 0.3876917 0.9909842 0.3763599 0.9909821 0.37636 0.969778 0.7043817 0.9415138 0.7043817 0.9104181 0.7255086 0.9104181 0.4950854 0.5151849 0.4969303 0.5462807 0.4847222 0.5462807 0.9292229 0.9612863 0.9170149 0.9612863 0.9179021 0.9301905 0.9910264 0.8525784 0.9822271 0.8525784 0.9822271 0.831435 0.9894574 0.7392801 0.9772539 0.7392835 0.977254 0.7180793 0.1084539 0.9908524 0.09625035 0.9908558 0.09625041 0.9696516 0.4706776 0.9376448 0.4706776 0.9015315 0.4918651 0.9015372 0.3020274 0.5405469 0.293228 0.5405469 0.293228 0.5044201 0.06912505 0.9220058 0.07792443 0.9220058 0.07792443 0.9578504 0.9910264 0.7951923 0.9910264 0.816358 0.9822271 0.816358 0.7251005 0.2471682 0.7039129 0.2471721 0.7039129 0.2082737 0.8553855 0.971263 0.8656257 0.9712629 0.8656257 0.9924287 0.8965711 0.9924615 0.886198 0.9924596 0.8861979 0.9712555 0.9924674 0.7589718 0.9924674 0.7801152 0.9822271 0.7801152</float_array>
          <technique_common>
            <accessor source="#Cylinder_062-mesh-map-0-array" count="102" stride="2">
              <param name="S" type="float"/>
              <param name="T" type="float"/>
            </accessor>
          </technique_common>
        </source>
        <vertices id="Cylinder_062-mesh-vertices">
          <input semantic="POSITION" source="#Cylinder_062-mesh-positions"/>
        </vertices>
        <triangles material="Material_001-material" count="34">
          <input semantic="VERTEX" source="#Cylinder_062-mesh-vertices" offset="0"/>
          <input semantic="NORMAL" source="#Cylinder_062-mesh-normals" offset="1"/>
          <input semantic="TEXCOORD" source="#Cylinder_062-mesh-map-0" offset="2" set="0"/>
          <p>22 0 0 10 0 1 23 0 2 2 1 3 7 1 4 6 1 5 7 2 6 19 2 7 6 2 8 5 3 9 0 3 10 4 3 11 17 4 12 1 4 13 5 4 14 3 5 15 16 5 16 7 5 17 10 6 18 13 6 19 9 6 20 2 7 21 11 7 22 3 7 23 1 7 24 9 7 25 0 7 26 14 7 27 12 7 28 13 7 29 11 8 30 14 8 31 10 8 32 9 9 33 12 9 34 8 9 35 11 10 36 12 10 37 15 10 38 23 2 39 20 2 40 22 2 41 23 1 42 18 1 43 21 1 44 17 2 45 4 2 46 18 2 47 19 11 48 22 11 49 20 11 50 22 12 51 11 12 52 10 12 53 2 13 54 3 13 55 7 13 56 7 2 57 16 2 58 19 2 59 5 11 60 1 11 61 0 11 62 17 14 63 10 14 64 1 14 65 3 15 66 11 15 67 16 15 68 10 16 69 14 16 70 13 16 71 2 7 72 8 7 73 11 7 74 1 7 75 10 7 76 9 7 77 14 7 78 15 7 79 12 7 80 11 8 81 15 8 82 14 8 83 9 9 84 13 9 85 12 9 86 11 17 87 8 17 88 12 17 89 23 2 90 21 2 91 20 2 92 23 1 93 17 1 94 18 1 95 17 2 96 5 2 97 4 2 98 19 11 99 16 11 100 22 11 101</p>
        </triangles>
      </mesh>
    </geometry>
    <geometry id="Cylinder_063-mesh" name="Cylinder.063">
      <mesh>
        <source id="Cylinder_063-mesh-positions">
          <float_array id="Cylinder_063-mesh-positions-array" count="72">-1.718275 -4.035402 2.708468 1.099277 -4.035402 2.708468 -1.718275 4.03987 2.708468 1.099277 4.03987 2.708468 -1.718275 -4.035402 -5.366804 1.099277 -4.035402 -5.366804 -1.718275 4.03987 -5.366804 1.099277 4.03987 -5.366804 -1.718275 2.410793 2.708468 -1.718275 -2.406324 2.708468 1.099277 -2.406324 2.708468 1.099277 2.410793 2.708468 -1.718275 2.410793 4.995353 -1.718275 -2.406324 4.995353 1.099277 -2.406324 4.995353 1.099277 2.410793 4.995353 1.099277 2.529187 -5.366804 1.099277 -2.652501 -5.366804 -1.718275 -2.652501 -5.366804 -1.718275 2.529187 -5.366804 -1.718275 2.529187 -2.705422 -1.718275 -2.652501 -2.705422 1.099277 2.529187 -2.705422 1.099277 -2.652501 -2.705422</float_array>
          <technique_common>
            <accessor source="#Cylinder_063-mesh-positions-array" count="24" stride="3">
              <param name="X" type="float"/>
              <param name="Y" type="float"/>
              <param name="Z" type="float"/>
            </accessor>
          </technique_common>
        </source>
        <source id="Cylinder_063-mesh-normals">
          <float_array id="Cylinder_063-mesh-normals-array" count="51">1 0 0 0 1 0 0 0 -1 0 -1 0 1 0 0 0 -1 0 0 0 1 1 0 0 -1 0 1.56382e-7 0 1 -1.48008e-7 0 -1 0 1 0 0 0 1 0 1 0 0 1 0 0 -1 0 1.56382e-7 0 1 0</float_array>
          <technique_common>
            <accessor source="#Cylinder_063-mesh-normals-array" count="17" stride="3">
              <param name="X" type="float"/>
              <param name="Y" type="float"/>
              <param name="Z" type="float"/>
            </accessor>
          </technique_common>
        </source>
        <source id="Cylinder_063-mesh-map-0">
          <float_array id="Cylinder_063-mesh-map-0-array" count="204">0.3228586 0.5414348 0.3020274 0.5044202 0.3228586 0.5025739 0.6681672 0.9104181 0.6893165 0.9415138 0.6681672 0.9415138 0.3876917 0.9909842 0.37636 0.969778 0.3876917 0.96978 0.7043817 0.9415138 0.7255086 0.9104181 0.7255086 0.9415138 0.4950854 0.5151849 0.4847222 0.5462807 0.4847222 0.5151849 0.9292229 0.9612863 0.9179021 0.9301905 0.9292229 0.9301905 0.9910264 0.8525784 0.9822271 0.831435 0.9910264 0.831435 0.9894574 0.7392801 0.977254 0.7180793 0.9894574 0.718076 0.1084539 0.9908524 0.09625041 0.9696516 0.1084538 0.9696483 0.4706776 0.9376448 0.4918651 0.9015372 0.4918651 0.9376506 0.3020274 0.5405469 0.293228 0.5044201 0.3020274 0.5044202 0.06912505 0.9220058 0.07792443 0.9578504 0.06912505 0.9578504 0.9910264 0.7951923 0.9822271 0.816358 0.9822271 0.7951923 0.7251005 0.2471682 0.7039129 0.2082737 0.7251005 0.2082698 0.8553855 0.971263 0.8656257 0.9924287 0.8553855 0.9924287 0.8965711 0.9924615 0.8861979 0.9712555 0.8965711 0.9712574 0.9924674 0.7589718 0.9822271 0.7801152 0.9822271 0.7589718 0.3228586 0.5414348 0.3020274 0.5405469 0.3020274 0.5044202 0.6681672 0.9104181 0.6893165 0.9104181 0.6893165 0.9415138 0.3876917 0.9909842 0.3763599 0.9909821 0.37636 0.969778 0.7043817 0.9415138 0.7043817 0.9104181 0.7255086 0.9104181 0.4950854 0.5151849 0.4969303 0.5462807 0.4847222 0.5462807 0.9292229 0.9612863 0.9170149 0.9612863 0.9179021 0.9301905 0.9910264 0.8525784 0.9822271 0.8525784 0.9822271 0.831435 0.9894574 0.7392801 0.9772539 0.7392835 0.977254 0.7180793 0.1084539 0.9908524 0.09625035 0.9908558 0.09625041 0.9696516 0.4706776 0.9376448 0.4706776 0.9015315 0.4918651 0.9015372 0.3020274 0.5405469 0.293228 0.5405469 0.293228 0.5044201 0.06912505 0.9220058 0.07792443 0.9220058 0.07792443 0.9578504 0.9910264 0.7951923 0.9910264 0.816358 0.9822271 0.816358 0.7251005 0.2471682 0.7039129 0.2471721 0.7039129 0.2082737 0.8553855 0.971263 0.8656257 0.9712629 0.8656257 0.9924287 0.8965711 0.9924615 0.886198 0.9924596 0.8861979 0.9712555 0.9924674 0.7589718 0.9924674 0.7801152 0.9822271 0.7801152</float_array>
          <technique_common>
            <accessor source="#Cylinder_063-mesh-map-0-array" count="102" stride="2">
              <param name="S" type="float"/>
              <param name="T" type="float"/>
            </accessor>
          </technique_common>
        </source>
        <vertices id="Cylinder_063-mesh-vertices">
          <input semantic="POSITION" source="#Cylinder_063-mesh-positions"/>
        </vertices>
        <triangles material="Material_001-material" count="34">
          <input semantic="VERTEX" source="#Cylinder_063-mesh-vertices" offset="0"/>
          <input semantic="NORMAL" source="#Cylinder_063-mesh-normals" offset="1"/>
          <input semantic="TEXCOORD" source="#Cylinder_063-mesh-map-0" offset="2" set="0"/>
          <p>22 0 0 10 0 1 23 0 2 2 1 3 7 1 4 6 1 5 7 2 6 19 2 7 6 2 8 5 3 9 0 3 10 4 3 11 17 4 12 1 4 13 5 4 14 3 4 15 16 4 16 7 4 17 10 5 18 13 5 19 9 5 20 2 6 21 11 6 22 3 6 23 1 6 24 9 6 25 0 6 26 14 6 27 12 6 28 13 6 29 11 7 30 14 7 31 10 7 32 9 8 33 12 8 34 8 8 35 11 9 36 12 9 37 15 9 38 23 2 39 20 2 40 22 2 41 23 1 42 18 1 43 21 1 44 17 2 45 4 2 46 18 2 47 19 10 48 22 10 49 20 10 50 22 11 51 11 11 52 10 11 53 2 12 54 3 12 55 7 12 56 7 2 57 16 2 58 19 2 59 5 10 60 1 10 61 0 10 62 17 13 63 10 13 64 1 13 65 3 14 66 11 14 67 16 14 68 10 10 69 14 10 70 13 10 71 2 6 72 8 6 73 11 6 74 1 6 75 10 6 76 9 6 77 14 6 78 15 6 79 12 6 80 11 7 81 15 7 82 14 7 83 9 15 84 13 15 85 12 15 86 11 16 87 8 16 88 12 16 89 23 2 90 21 2 91 20 2 92 23 1 93 17 1 94 18 1 95 17 2 96 5 2 97 4 2 98 19 10 99 16 10 100 22 10 101</p>
        </triangles>
      </mesh>
    </geometry>
    <geometry id="Cylinder_064-mesh" name="Cylinder.064">
      <mesh>
        <source id="Cylinder_064-mesh-positions">
          <float_array id="Cylinder_064-mesh-positions-array" count="72">-1.718275 -4.035402 2.708468 1.099277 -4.035402 2.708468 -1.718275 4.03987 2.708468 1.099277 4.03987 2.708468 -1.718275 -4.035402 -5.366804 1.099277 -4.035402 -5.366804 -1.718275 4.03987 -5.366804 1.099277 4.03987 -5.366804 -1.718275 2.410793 2.708468 -1.718275 -2.406324 2.708468 1.099277 -2.406324 2.708468 1.099277 2.410793 2.708468 -1.718275 2.410793 4.995353 -1.718275 -2.406324 4.995353 1.099277 -2.406324 4.995353 1.099277 2.410793 4.995353 1.099277 2.529187 -5.366804 1.099277 -2.652501 -5.366804 -1.718275 -2.652501 -5.366804 -1.718275 2.529187 -5.366804 -1.718275 2.529187 -2.705422 -1.718275 -2.652501 -2.705422 1.099277 2.529187 -2.705422 1.099277 -2.652501 -2.705422</float_array>
          <technique_common>
            <accessor source="#Cylinder_064-mesh-positions-array" count="24" stride="3">
              <param name="X" type="float"/>
              <param name="Y" type="float"/>
              <param name="Z" type="float"/>
            </accessor>
          </technique_common>
        </source>
        <source id="Cylinder_064-mesh-normals">
          <float_array id="Cylinder_064-mesh-normals-array" count="51">1 0 0 0 1 0 0 0 -1 0 -1 0 1 0 0 0 -1 0 0 0 1 1 0 0 -1 0 1.56382e-7 0 1 -1.48008e-7 0 -1 0 1 0 0 0 1 0 1 0 0 1 0 0 -1 0 1.56382e-7 0 1 0</float_array>
          <technique_common>
            <accessor source="#Cylinder_064-mesh-normals-array" count="17" stride="3">
              <param name="X" type="float"/>
              <param name="Y" type="float"/>
              <param name="Z" type="float"/>
            </accessor>
          </technique_common>
        </source>
        <source id="Cylinder_064-mesh-map-0">
          <float_array id="Cylinder_064-mesh-map-0-array" count="204">0.3228586 0.5414348 0.3020274 0.5044202 0.3228586 0.5025739 0.6681672 0.9104181 0.6893165 0.9415138 0.6681672 0.9415138 0.3876917 0.9909842 0.37636 0.969778 0.3876917 0.96978 0.7043817 0.9415138 0.7255086 0.9104181 0.7255086 0.9415138 0.4950854 0.5151849 0.4847222 0.5462807 0.4847222 0.5151849 0.9292229 0.9612863 0.9179021 0.9301905 0.9292229 0.9301905 0.9910264 0.8525784 0.9822271 0.831435 0.9910264 0.831435 0.9894574 0.7392801 0.977254 0.7180793 0.9894574 0.718076 0.1084539 0.9908524 0.09625041 0.9696516 0.1084538 0.9696483 0.4706776 0.9376448 0.4918651 0.9015372 0.4918651 0.9376506 0.3020274 0.5405469 0.293228 0.5044201 0.3020274 0.5044202 0.06912505 0.9220058 0.07792443 0.9578504 0.06912505 0.9578504 0.9910264 0.7951923 0.9822271 0.816358 0.9822271 0.7951923 0.7251005 0.2471682 0.7039129 0.2082737 0.7251005 0.2082698 0.8553855 0.971263 0.8656257 0.9924287 0.8553855 0.9924287 0.8965711 0.9924615 0.8861979 0.9712555 0.8965711 0.9712574 0.9924674 0.7589718 0.9822271 0.7801152 0.9822271 0.7589718 0.3228586 0.5414348 0.3020274 0.5405469 0.3020274 0.5044202 0.6681672 0.9104181 0.6893165 0.9104181 0.6893165 0.9415138 0.3876917 0.9909842 0.3763599 0.9909821 0.37636 0.969778 0.7043817 0.9415138 0.7043817 0.9104181 0.7255086 0.9104181 0.4950854 0.5151849 0.4969303 0.5462807 0.4847222 0.5462807 0.9292229 0.9612863 0.9170149 0.9612863 0.9179021 0.9301905 0.9910264 0.8525784 0.9822271 0.8525784 0.9822271 0.831435 0.9894574 0.7392801 0.9772539 0.7392835 0.977254 0.7180793 0.1084539 0.9908524 0.09625035 0.9908558 0.09625041 0.9696516 0.4706776 0.9376448 0.4706776 0.9015315 0.4918651 0.9015372 0.3020274 0.5405469 0.293228 0.5405469 0.293228 0.5044201 0.06912505 0.9220058 0.07792443 0.9220058 0.07792443 0.9578504 0.9910264 0.7951923 0.9910264 0.816358 0.9822271 0.816358 0.7251005 0.2471682 0.7039129 0.2471721 0.7039129 0.2082737 0.8553855 0.971263 0.8656257 0.9712629 0.8656257 0.9924287 0.8965711 0.9924615 0.886198 0.9924596 0.8861979 0.9712555 0.9924674 0.7589718 0.9924674 0.7801152 0.9822271 0.7801152</float_array>
          <technique_common>
            <accessor source="#Cylinder_064-mesh-map-0-array" count="102" stride="2">
              <param name="S" type="float"/>
              <param name="T" type="float"/>
            </accessor>
          </technique_common>
        </source>
        <vertices id="Cylinder_064-mesh-vertices">
          <input semantic="POSITION" source="#Cylinder_064-mesh-positions"/>
        </vertices>
        <triangles material="Material_001-material" count="34">
          <input semantic="VERTEX" source="#Cylinder_064-mesh-vertices" offset="0"/>
          <input semantic="NORMAL" source="#Cylinder_064-mesh-normals" offset="1"/>
          <input semantic="TEXCOORD" source="#Cylinder_064-mesh-map-0" offset="2" set="0"/>
          <p>22 0 0 10 0 1 23 0 2 2 1 3 7 1 4 6 1 5 7 2 6 19 2 7 6 2 8 5 3 9 0 3 10 4 3 11 17 4 12 1 4 13 5 4 14 3 4 15 16 4 16 7 4 17 10 5 18 13 5 19 9 5 20 2 6 21 11 6 22 3 6 23 1 6 24 9 6 25 0 6 26 14 6 27 12 6 28 13 6 29 11 7 30 14 7 31 10 7 32 9 8 33 12 8 34 8 8 35 11 9 36 12 9 37 15 9 38 23 2 39 20 2 40 22 2 41 23 1 42 18 1 43 21 1 44 17 2 45 4 2 46 18 2 47 19 10 48 22 10 49 20 10 50 22 11 51 11 11 52 10 11 53 2 12 54 3 12 55 7 12 56 7 2 57 16 2 58 19 2 59 5 10 60 1 10 61 0 10 62 17 13 63 10 13 64 1 13 65 3 14 66 11 14 67 16 14 68 10 10 69 14 10 70 13 10 71 2 6 72 8 6 73 11 6 74 1 6 75 10 6 76 9 6 77 14 6 78 15 6 79 12 6 80 11 7 81 15 7 82 14 7 83 9 15 84 13 15 85 12 15 86 11 16 87 8 16 88 12 16 89 23 2 90 21 2 91 20 2 92 23 1 93 17 1 94 18 1 95 17 2 96 5 2 97 4 2 98 19 10 99 16 10 100 22 10 101</p>
        </triangles>
      </mesh>
    </geometry>
    <geometry id="Cylinder_065-mesh" name="Cylinder.065">
      <mesh>
        <source id="Cylinder_065-mesh-positions">
          <float_array id="Cylinder_065-mesh-positions-array" count="72">-1.718275 -4.035402 2.708468 1.099277 -4.035402 2.708468 -1.718275 4.03987 2.708468 1.099277 4.03987 2.708468 -1.718275 -4.035402 -5.366804 1.099277 -4.035402 -5.366804 -1.718275 4.03987 -5.366804 1.099277 4.03987 -5.366804 -1.718275 2.410793 2.708468 -1.718275 -2.406324 2.708468 1.099277 -2.406324 2.708468 1.099277 2.410793 2.708468 -1.718275 2.410793 4.995353 -1.718275 -2.406324 4.995353 1.099277 -2.406324 4.995353 1.099277 2.410793 4.995353 1.099277 2.529187 -5.366804 1.099277 -2.652501 -5.366804 -1.718275 -2.652501 -5.366804 -1.718275 2.529187 -5.366804 -1.718275 2.529187 -2.705422 -1.718275 -2.652501 -2.705422 1.099277 2.529187 -2.705422 1.099277 -2.652501 -2.705422</float_array>
          <technique_common>
            <accessor source="#Cylinder_065-mesh-positions-array" count="24" stride="3">
              <param name="X" type="float"/>
              <param name="Y" type="float"/>
              <param name="Z" type="float"/>
            </accessor>
          </technique_common>
        </source>
        <source id="Cylinder_065-mesh-normals">
          <float_array id="Cylinder_065-mesh-normals-array" count="51">1 0 0 0 1 0 0 0 -1 0 -1 0 1 0 0 0 -1 0 0 0 1 1 0 0 -1 0 1.56382e-7 0 1 -1.48008e-7 0 -1 0 1 0 0 0 1 0 1 0 0 1 0 0 -1 0 1.56382e-7 0 1 0</float_array>
          <technique_common>
            <accessor source="#Cylinder_065-mesh-normals-array" count="17" stride="3">
              <param name="X" type="float"/>
              <param name="Y" type="float"/>
              <param name="Z" type="float"/>
            </accessor>
          </technique_common>
        </source>
        <source id="Cylinder_065-mesh-map-0">
          <float_array id="Cylinder_065-mesh-map-0-array" count="204">0.3228586 0.5414348 0.3020274 0.5044202 0.3228586 0.5025739 0.6681672 0.9104181 0.6893165 0.9415138 0.6681672 0.9415138 0.3876917 0.9909842 0.37636 0.969778 0.3876917 0.96978 0.7043817 0.9415138 0.7255086 0.9104181 0.7255086 0.9415138 0.4950854 0.5151849 0.4847222 0.5462807 0.4847222 0.5151849 0.9292229 0.9612863 0.9179021 0.9301905 0.9292229 0.9301905 0.9910264 0.8525784 0.9822271 0.831435 0.9910264 0.831435 0.9894574 0.7392801 0.977254 0.7180793 0.9894574 0.718076 0.1084539 0.9908524 0.09625041 0.9696516 0.1084538 0.9696483 0.4706776 0.9376448 0.4918651 0.9015372 0.4918651 0.9376506 0.3020274 0.5405469 0.293228 0.5044201 0.3020274 0.5044202 0.06912505 0.9220058 0.07792443 0.9578504 0.06912505 0.9578504 0.9910264 0.7951923 0.9822271 0.816358 0.9822271 0.7951923 0.7251005 0.2471682 0.7039129 0.2082737 0.7251005 0.2082698 0.8553855 0.971263 0.8656257 0.9924287 0.8553855 0.9924287 0.8965711 0.9924615 0.8861979 0.9712555 0.8965711 0.9712574 0.9924674 0.7589718 0.9822271 0.7801152 0.9822271 0.7589718 0.3228586 0.5414348 0.3020274 0.5405469 0.3020274 0.5044202 0.6681672 0.9104181 0.6893165 0.9104181 0.6893165 0.9415138 0.3876917 0.9909842 0.3763599 0.9909821 0.37636 0.969778 0.7043817 0.9415138 0.7043817 0.9104181 0.7255086 0.9104181 0.4950854 0.5151849 0.4969303 0.5462807 0.4847222 0.5462807 0.9292229 0.9612863 0.9170149 0.9612863 0.9179021 0.9301905 0.9910264 0.8525784 0.9822271 0.8525784 0.9822271 0.831435 0.9894574 0.7392801 0.9772539 0.7392835 0.977254 0.7180793 0.1084539 0.9908524 0.09625035 0.9908558 0.09625041 0.9696516 0.4706776 0.9376448 0.4706776 0.9015315 0.4918651 0.9015372 0.3020274 0.5405469 0.293228 0.5405469 0.293228 0.5044201 0.06912505 0.9220058 0.07792443 0.9220058 0.07792443 0.9578504 0.9910264 0.7951923 0.9910264 0.816358 0.9822271 0.816358 0.7251005 0.2471682 0.7039129 0.2471721 0.7039129 0.2082737 0.8553855 0.971263 0.8656257 0.9712629 0.8656257 0.9924287 0.8965711 0.9924615 0.886198 0.9924596 0.8861979 0.9712555 0.9924674 0.7589718 0.9924674 0.7801152 0.9822271 0.7801152</float_array>
          <technique_common>
            <accessor source="#Cylinder_065-mesh-map-0-array" count="102" stride="2">
              <param name="S" type="float"/>
              <param name="T" type="float"/>
            </accessor>
          </technique_common>
        </source>
        <vertices id="Cylinder_065-mesh-vertices">
          <input semantic="POSITION" source="#Cylinder_065-mesh-positions"/>
        </vertices>
        <triangles material="Material_001-material" count="34">
          <input semantic="VERTEX" source="#Cylinder_065-mesh-vertices" offset="0"/>
          <input semantic="NORMAL" source="#Cylinder_065-mesh-normals" offset="1"/>
          <input semantic="TEXCOORD" source="#Cylinder_065-mesh-map-0" offset="2" set="0"/>
          <p>22 0 0 10 0 1 23 0 2 2 1 3 7 1 4 6 1 5 7 2 6 19 2 7 6 2 8 5 3 9 0 3 10 4 3 11 17 4 12 1 4 13 5 4 14 3 4 15 16 4 16 7 4 17 10 5 18 13 5 19 9 5 20 2 6 21 11 6 22 3 6 23 1 6 24 9 6 25 0 6 26 14 6 27 12 6 28 13 6 29 11 7 30 14 7 31 10 7 32 9 8 33 12 8 34 8 8 35 11 9 36 12 9 37 15 9 38 23 2 39 20 2 40 22 2 41 23 1 42 18 1 43 21 1 44 17 2 45 4 2 46 18 2 47 19 10 48 22 10 49 20 10 50 22 11 51 11 11 52 10 11 53 2 12 54 3 12 55 7 12 56 7 2 57 16 2 58 19 2 59 5 10 60 1 10 61 0 10 62 17 13 63 10 13 64 1 13 65 3 14 66 11 14 67 16 14 68 10 10 69 14 10 70 13 10 71 2 6 72 8 6 73 11 6 74 1 6 75 10 6 76 9 6 77 14 6 78 15 6 79 12 6 80 11 7 81 15 7 82 14 7 83 9 15 84 13 15 85 12 15 86 11 16 87 8 16 88 12 16 89 23 2 90 21 2 91 20 2 92 23 1 93 17 1 94 18 1 95 17 2 96 5 2 97 4 2 98 19 10 99 16 10 100 22 10 101</p>
        </triangles>
      </mesh>
    </geometry>
    <geometry id="Cylinder_066-mesh" name="Cylinder.066">
      <mesh>
        <source id="Cylinder_066-mesh-positions">
          <float_array id="Cylinder_066-mesh-positions-array" count="72">-1.718275 -4.035402 2.708468 1.099277 -4.035402 2.708468 -1.718275 4.03987 2.708468 1.099277 4.03987 2.708468 -1.718275 -4.035402 -5.366804 1.099277 -4.035402 -5.366804 -1.718275 4.03987 -5.366804 1.099277 4.03987 -5.366804 -1.718275 2.410793 2.708468 -1.718275 -2.406324 2.708468 1.099277 -2.406324 2.708468 1.099277 2.410793 2.708468 -1.718275 2.410793 4.995353 -1.718275 -2.406324 4.995353 1.099277 -2.406324 4.995353 1.099277 2.410793 4.995353 1.099277 2.529187 -5.366804 1.099277 -2.652501 -5.366804 -1.718275 -2.652501 -5.366804 -1.718275 2.529187 -5.366804 -1.718275 2.529187 -2.705422 -1.718275 -2.652501 -2.705422 1.099277 2.529187 -2.705422 1.099277 -2.652501 -2.705422</float_array>
          <technique_common>
            <accessor source="#Cylinder_066-mesh-positions-array" count="24" stride="3">
              <param name="X" type="float"/>
              <param name="Y" type="float"/>
              <param name="Z" type="float"/>
            </accessor>
          </technique_common>
        </source>
        <source id="Cylinder_066-mesh-normals">
          <float_array id="Cylinder_066-mesh-normals-array" count="51">1 0 0 0 1 0 0 0 -1 0 -1 0 1 0 0 0 -1 0 0 0 1 1 0 0 -1 0 1.56382e-7 0 1 -1.48008e-7 0 -1 0 1 0 0 0 1 0 1 0 0 1 0 0 -1 0 1.56382e-7 0 1 0</float_array>
          <technique_common>
            <accessor source="#Cylinder_066-mesh-normals-array" count="17" stride="3">
              <param name="X" type="float"/>
              <param name="Y" type="float"/>
              <param name="Z" type="float"/>
            </accessor>
          </technique_common>
        </source>
        <source id="Cylinder_066-mesh-map-0">
          <float_array id="Cylinder_066-mesh-map-0-array" count="204">0.3228586 0.5414348 0.3020274 0.5044202 0.3228586 0.5025739 0.6681672 0.9104181 0.6893165 0.9415138 0.6681672 0.9415138 0.3876917 0.9909842 0.37636 0.969778 0.3876917 0.96978 0.7043817 0.9415138 0.7255086 0.9104181 0.7255086 0.9415138 0.4950854 0.5151849 0.4847222 0.5462807 0.4847222 0.5151849 0.9292229 0.9612863 0.9179021 0.9301905 0.9292229 0.9301905 0.9910264 0.8525784 0.9822271 0.831435 0.9910264 0.831435 0.9894574 0.7392801 0.977254 0.7180793 0.9894574 0.718076 0.1084539 0.9908524 0.09625041 0.9696516 0.1084538 0.9696483 0.4706776 0.9376448 0.4918651 0.9015372 0.4918651 0.9376506 0.3020274 0.5405469 0.293228 0.5044201 0.3020274 0.5044202 0.06912505 0.9220058 0.07792443 0.9578504 0.06912505 0.9578504 0.9910264 0.7951923 0.9822271 0.816358 0.9822271 0.7951923 0.7251005 0.2471682 0.7039129 0.2082737 0.7251005 0.2082698 0.8553855 0.971263 0.8656257 0.9924287 0.8553855 0.9924287 0.8965711 0.9924615 0.8861979 0.9712555 0.8965711 0.9712574 0.9924674 0.7589718 0.9822271 0.7801152 0.9822271 0.7589718 0.3228586 0.5414348 0.3020274 0.5405469 0.3020274 0.5044202 0.6681672 0.9104181 0.6893165 0.9104181 0.6893165 0.9415138 0.3876917 0.9909842 0.3763599 0.9909821 0.37636 0.969778 0.7043817 0.9415138 0.7043817 0.9104181 0.7255086 0.9104181 0.4950854 0.5151849 0.4969303 0.5462807 0.4847222 0.5462807 0.9292229 0.9612863 0.9170149 0.9612863 0.9179021 0.9301905 0.9910264 0.8525784 0.9822271 0.8525784 0.9822271 0.831435 0.9894574 0.7392801 0.9772539 0.7392835 0.977254 0.7180793 0.1084539 0.9908524 0.09625035 0.9908558 0.09625041 0.9696516 0.4706776 0.9376448 0.4706776 0.9015315 0.4918651 0.9015372 0.3020274 0.5405469 0.293228 0.5405469 0.293228 0.5044201 0.06912505 0.9220058 0.07792443 0.9220058 0.07792443 0.9578504 0.9910264 0.7951923 0.9910264 0.816358 0.9822271 0.816358 0.7251005 0.2471682 0.7039129 0.2471721 0.7039129 0.2082737 0.8553855 0.971263 0.8656257 0.9712629 0.8656257 0.9924287 0.8965711 0.9924615 0.886198 0.9924596 0.8861979 0.9712555 0.9924674 0.7589718 0.9924674 0.7801152 0.9822271 0.7801152</float_array>
          <technique_common>
            <accessor source="#Cylinder_066-mesh-map-0-array" count="102" stride="2">
              <param name="S" type="float"/>
              <param name="T" type="float"/>
            </accessor>
          </technique_common>
        </source>
        <vertices id="Cylinder_066-mesh-vertices">
          <input semantic="POSITION" source="#Cylinder_066-mesh-positions"/>
        </vertices>
        <triangles material="Material_001-material" count="34">
          <input semantic="VERTEX" source="#Cylinder_066-mesh-vertices" offset="0"/>
          <input semantic="NORMAL" source="#Cylinder_066-mesh-normals" offset="1"/>
          <input semantic="TEXCOORD" source="#Cylinder_066-mesh-map-0" offset="2" set="0"/>
          <p>22 0 0 10 0 1 23 0 2 2 1 3 7 1 4 6 1 5 7 2 6 19 2 7 6 2 8 5 3 9 0 3 10 4 3 11 17 4 12 1 4 13 5 4 14 3 4 15 16 4 16 7 4 17 10 5 18 13 5 19 9 5 20 2 6 21 11 6 22 3 6 23 1 6 24 9 6 25 0 6 26 14 6 27 12 6 28 13 6 29 11 7 30 14 7 31 10 7 32 9 8 33 12 8 34 8 8 35 11 9 36 12 9 37 15 9 38 23 2 39 20 2 40 22 2 41 23 1 42 18 1 43 21 1 44 17 2 45 4 2 46 18 2 47 19 10 48 22 10 49 20 10 50 22 11 51 11 11 52 10 11 53 2 12 54 3 12 55 7 12 56 7 2 57 16 2 58 19 2 59 5 10 60 1 10 61 0 10 62 17 13 63 10 13 64 1 13 65 3 14 66 11 14 67 16 14 68 10 10 69 14 10 70 13 10 71 2 6 72 8 6 73 11 6 74 1 6 75 10 6 76 9 6 77 14 6 78 15 6 79 12 6 80 11 7 81 15 7 82 14 7 83 9 15 84 13 15 85 12 15 86 11 16 87 8 16 88 12 16 89 23 2 90 21 2 91 20 2 92 23 1 93 17 1 94 18 1 95 17 2 96 5 2 97 4 2 98 19 10 99 16 10 100 22 10 101</p>
        </triangles>
      </mesh>
    </geometry>
    <geometry id="Cylinder_067-mesh" name="Cylinder.067">
      <mesh>
        <source id="Cylinder_067-mesh-positions">
          <float_array id="Cylinder_067-mesh-positions-array" count="72">-1.718275 -4.035402 2.708468 1.099277 -4.035402 2.708468 -1.718275 4.03987 2.708468 1.099277 4.03987 2.708468 -1.718275 -4.035402 -5.366804 1.099277 -4.035402 -5.366804 -1.718275 4.03987 -5.366804 1.099277 4.03987 -5.366804 -1.718275 2.410793 2.708468 -1.718275 -2.406324 2.708468 1.099277 -2.406324 2.708468 1.099277 2.410793 2.708468 -1.718275 2.410793 4.995353 -1.718275 -2.406324 4.995353 1.099277 -2.406324 4.995353 1.099277 2.410793 4.995353 1.099277 2.529187 -5.366804 1.099277 -2.652501 -5.366804 -1.718275 -2.652501 -5.366804 -1.718275 2.529187 -5.366804 -1.718275 2.529187 -2.705422 -1.718275 -2.652501 -2.705422 1.099277 2.529187 -2.705422 1.099277 -2.652501 -2.705422</float_array>
          <technique_common>
            <accessor source="#Cylinder_067-mesh-positions-array" count="24" stride="3">
              <param name="X" type="float"/>
              <param name="Y" type="float"/>
              <param name="Z" type="float"/>
            </accessor>
          </technique_common>
        </source>
        <source id="Cylinder_067-mesh-normals">
          <float_array id="Cylinder_067-mesh-normals-array" count="51">1 0 0 0 1 0 0 0 -1 0 -1 0 1 0 0 0 -1 0 0 0 1 1 0 0 -1 0 1.56382e-7 0 1 -1.48008e-7 0 -1 0 1 0 0 0 1 0 1 0 0 1 0 0 -1 0 1.56382e-7 0 1 0</float_array>
          <technique_common>
            <accessor source="#Cylinder_067-mesh-normals-array" count="17" stride="3">
              <param name="X" type="float"/>
              <param name="Y" type="float"/>
              <param name="Z" type="float"/>
            </accessor>
          </technique_common>
        </source>
        <source id="Cylinder_067-mesh-map-0">
          <float_array id="Cylinder_067-mesh-map-0-array" count="204">0.3228586 0.5414348 0.3020274 0.5044202 0.3228586 0.5025739 0.6681672 0.9104181 0.6893165 0.9415138 0.6681672 0.9415138 0.3876917 0.9909842 0.37636 0.969778 0.3876917 0.96978 0.7043817 0.9415138 0.7255086 0.9104181 0.7255086 0.9415138 0.4950854 0.5151849 0.4847222 0.5462807 0.4847222 0.5151849 0.9292229 0.9612863 0.9179021 0.9301905 0.9292229 0.9301905 0.9910264 0.8525784 0.9822271 0.831435 0.9910264 0.831435 0.9894574 0.7392801 0.977254 0.7180793 0.9894574 0.718076 0.1084539 0.9908524 0.09625041 0.9696516 0.1084538 0.9696483 0.4706776 0.9376448 0.4918651 0.9015372 0.4918651 0.9376506 0.3020274 0.5405469 0.293228 0.5044201 0.3020274 0.5044202 0.06912505 0.9220058 0.07792443 0.9578504 0.06912505 0.9578504 0.9910264 0.7951923 0.9822271 0.816358 0.9822271 0.7951923 0.7251005 0.2471682 0.7039129 0.2082737 0.7251005 0.2082698 0.8553855 0.971263 0.8656257 0.9924287 0.8553855 0.9924287 0.8965711 0.9924615 0.8861979 0.9712555 0.8965711 0.9712574 0.9924674 0.7589718 0.9822271 0.7801152 0.9822271 0.7589718 0.3228586 0.5414348 0.3020274 0.5405469 0.3020274 0.5044202 0.6681672 0.9104181 0.6893165 0.9104181 0.6893165 0.9415138 0.3876917 0.9909842 0.3763599 0.9909821 0.37636 0.969778 0.7043817 0.9415138 0.7043817 0.9104181 0.7255086 0.9104181 0.4950854 0.5151849 0.4969303 0.5462807 0.4847222 0.5462807 0.9292229 0.9612863 0.9170149 0.9612863 0.9179021 0.9301905 0.9910264 0.8525784 0.9822271 0.8525784 0.9822271 0.831435 0.9894574 0.7392801 0.9772539 0.7392835 0.977254 0.7180793 0.1084539 0.9908524 0.09625035 0.9908558 0.09625041 0.9696516 0.4706776 0.9376448 0.4706776 0.9015315 0.4918651 0.9015372 0.3020274 0.5405469 0.293228 0.5405469 0.293228 0.5044201 0.06912505 0.9220058 0.07792443 0.9220058 0.07792443 0.9578504 0.9910264 0.7951923 0.9910264 0.816358 0.9822271 0.816358 0.7251005 0.2471682 0.7039129 0.2471721 0.7039129 0.2082737 0.8553855 0.971263 0.8656257 0.9712629 0.8656257 0.9924287 0.8965711 0.9924615 0.886198 0.9924596 0.8861979 0.9712555 0.9924674 0.7589718 0.9924674 0.7801152 0.9822271 0.7801152</float_array>
          <technique_common>
            <accessor source="#Cylinder_067-mesh-map-0-array" count="102" stride="2">
              <param name="S" type="float"/>
              <param name="T" type="float"/>
            </accessor>
          </technique_common>
        </source>
        <vertices id="Cylinder_067-mesh-vertices">
          <input semantic="POSITION" source="#Cylinder_067-mesh-positions"/>
        </vertices>
        <triangles material="Material_001-material" count="34">
          <input semantic="VERTEX" source="#Cylinder_067-mesh-vertices" offset="0"/>
          <input semantic="NORMAL" source="#Cylinder_067-mesh-normals" offset="1"/>
          <input semantic="TEXCOORD" source="#Cylinder_067-mesh-map-0" offset="2" set="0"/>
          <p>22 0 0 10 0 1 23 0 2 2 1 3 7 1 4 6 1 5 7 2 6 19 2 7 6 2 8 5 3 9 0 3 10 4 3 11 17 4 12 1 4 13 5 4 14 3 4 15 16 4 16 7 4 17 10 5 18 13 5 19 9 5 20 2 6 21 11 6 22 3 6 23 1 6 24 9 6 25 0 6 26 14 6 27 12 6 28 13 6 29 11 7 30 14 7 31 10 7 32 9 8 33 12 8 34 8 8 35 11 9 36 12 9 37 15 9 38 23 2 39 20 2 40 22 2 41 23 1 42 18 1 43 21 1 44 17 2 45 4 2 46 18 2 47 19 10 48 22 10 49 20 10 50 22 11 51 11 11 52 10 11 53 2 12 54 3 12 55 7 12 56 7 2 57 16 2 58 19 2 59 5 10 60 1 10 61 0 10 62 17 13 63 10 13 64 1 13 65 3 14 66 11 14 67 16 14 68 10 10 69 14 10 70 13 10 71 2 6 72 8 6 73 11 6 74 1 6 75 10 6 76 9 6 77 14 6 78 15 6 79 12 6 80 11 7 81 15 7 82 14 7 83 9 15 84 13 15 85 12 15 86 11 16 87 8 16 88 12 16 89 23 2 90 21 2 91 20 2 92 23 1 93 17 1 94 18 1 95 17 2 96 5 2 97 4 2 98 19 10 99 16 10 100 22 10 101</p>
        </triangles>
      </mesh>
    </geometry>
    <geometry id="Cylinder_068-mesh" name="Cylinder.068">
      <mesh>
        <source id="Cylinder_068-mesh-positions">
          <float_array id="Cylinder_068-mesh-positions-array" count="72">-1.718275 -4.035402 2.708468 1.099277 -4.035402 2.708468 -1.718275 4.03987 2.708468 1.099277 4.03987 2.708468 -1.718275 -4.035402 -5.366804 1.099277 -4.035402 -5.366804 -1.718275 4.03987 -5.366804 1.099277 4.03987 -5.366804 -1.718275 2.410793 2.708468 -1.718275 -2.406324 2.708468 1.099277 -2.406324 2.708468 1.099277 2.410793 2.708468 -1.718275 2.410793 4.995353 -1.718275 -2.406324 4.995353 1.099277 -2.406324 4.995353 1.099277 2.410793 4.995353 1.099277 2.529187 -5.366804 1.099277 -2.652501 -5.366804 -1.718275 -2.652501 -5.366804 -1.718275 2.529187 -5.366804 -1.718275 2.529187 -2.705422 -1.718275 -2.652501 -2.705422 1.099277 2.529187 -2.705422 1.099277 -2.652501 -2.705422</float_array>
          <technique_common>
            <accessor source="#Cylinder_068-mesh-positions-array" count="24" stride="3">
              <param name="X" type="float"/>
              <param name="Y" type="float"/>
              <param name="Z" type="float"/>
            </accessor>
          </technique_common>
        </source>
        <source id="Cylinder_068-mesh-normals">
          <float_array id="Cylinder_068-mesh-normals-array" count="51">1 0 0 0 1 0 0 0 -1 0 -1 0 1 0 0 0 -1 0 0 0 1 1 0 0 -1 0 1.56382e-7 0 1 -1.48008e-7 0 -1 0 1 0 0 0 1 0 1 0 0 1 0 0 -1 0 1.56382e-7 0 1 0</float_array>
          <technique_common>
            <accessor source="#Cylinder_068-mesh-normals-array" count="17" stride="3">
              <param name="X" type="float"/>
              <param name="Y" type="float"/>
              <param name="Z" type="float"/>
            </accessor>
          </technique_common>
        </source>
        <source id="Cylinder_068-mesh-map-0">
          <float_array id="Cylinder_068-mesh-map-0-array" count="204">0.3228586 0.5414348 0.3020274 0.5044202 0.3228586 0.5025739 0.6681672 0.9104181 0.6893165 0.9415138 0.6681672 0.9415138 0.3876917 0.9909842 0.37636 0.969778 0.3876917 0.96978 0.7043817 0.9415138 0.7255086 0.9104181 0.7255086 0.9415138 0.4950854 0.5151849 0.4847222 0.5462807 0.4847222 0.5151849 0.9292229 0.9612863 0.9179021 0.9301905 0.9292229 0.9301905 0.9910264 0.8525784 0.9822271 0.831435 0.9910264 0.831435 0.9894574 0.7392801 0.977254 0.7180793 0.9894574 0.718076 0.1084539 0.9908524 0.09625041 0.9696516 0.1084538 0.9696483 0.4706776 0.9376448 0.4918651 0.9015372 0.4918651 0.9376506 0.3020274 0.5405469 0.293228 0.5044201 0.3020274 0.5044202 0.06912505 0.9220058 0.07792443 0.9578504 0.06912505 0.9578504 0.9910264 0.7951923 0.9822271 0.816358 0.9822271 0.7951923 0.7251005 0.2471682 0.7039129 0.2082737 0.7251005 0.2082698 0.8553855 0.971263 0.8656257 0.9924287 0.8553855 0.9924287 0.8965711 0.9924615 0.8861979 0.9712555 0.8965711 0.9712574 0.9924674 0.7589718 0.9822271 0.7801152 0.9822271 0.7589718 0.3228586 0.5414348 0.3020274 0.5405469 0.3020274 0.5044202 0.6681672 0.9104181 0.6893165 0.9104181 0.6893165 0.9415138 0.3876917 0.9909842 0.3763599 0.9909821 0.37636 0.969778 0.7043817 0.9415138 0.7043817 0.9104181 0.7255086 0.9104181 0.4950854 0.5151849 0.4969303 0.5462807 0.4847222 0.5462807 0.9292229 0.9612863 0.9170149 0.9612863 0.9179021 0.9301905 0.9910264 0.8525784 0.9822271 0.8525784 0.9822271 0.831435 0.9894574 0.7392801 0.9772539 0.7392835 0.977254 0.7180793 0.1084539 0.9908524 0.09625035 0.9908558 0.09625041 0.9696516 0.4706776 0.9376448 0.4706776 0.9015315 0.4918651 0.9015372 0.3020274 0.5405469 0.293228 0.5405469 0.293228 0.5044201 0.06912505 0.9220058 0.07792443 0.9220058 0.07792443 0.9578504 0.9910264 0.7951923 0.9910264 0.816358 0.9822271 0.816358 0.7251005 0.2471682 0.7039129 0.2471721 0.7039129 0.2082737 0.8553855 0.971263 0.8656257 0.9712629 0.8656257 0.9924287 0.8965711 0.9924615 0.886198 0.9924596 0.8861979 0.9712555 0.9924674 0.7589718 0.9924674 0.7801152 0.9822271 0.7801152</float_array>
          <technique_common>
            <accessor source="#Cylinder_068-mesh-map-0-array" count="102" stride="2">
              <param name="S" type="float"/>
              <param name="T" type="float"/>
            </accessor>
          </technique_common>
        </source>
        <vertices id="Cylinder_068-mesh-vertices">
          <input semantic="POSITION" source="#Cylinder_068-mesh-positions"/>
        </vertices>
        <triangles material="Material_001-material" count="34">
          <input semantic="VERTEX" source="#Cylinder_068-mesh-vertices" offset="0"/>
          <input semantic="NORMAL" source="#Cylinder_068-mesh-normals" offset="1"/>
          <input semantic="TEXCOORD" source="#Cylinder_068-mesh-map-0" offset="2" set="0"/>
          <p>22 0 0 10 0 1 23 0 2 2 1 3 7 1 4 6 1 5 7 2 6 19 2 7 6 2 8 5 3 9 0 3 10 4 3 11 17 4 12 1 4 13 5 4 14 3 4 15 16 4 16 7 4 17 10 5 18 13 5 19 9 5 20 2 6 21 11 6 22 3 6 23 1 6 24 9 6 25 0 6 26 14 6 27 12 6 28 13 6 29 11 7 30 14 7 31 10 7 32 9 8 33 12 8 34 8 8 35 11 9 36 12 9 37 15 9 38 23 2 39 20 2 40 22 2 41 23 1 42 18 1 43 21 1 44 17 2 45 4 2 46 18 2 47 19 10 48 22 10 49 20 10 50 22 11 51 11 11 52 10 11 53 2 12 54 3 12 55 7 12 56 7 2 57 16 2 58 19 2 59 5 10 60 1 10 61 0 10 62 17 13 63 10 13 64 1 13 65 3 14 66 11 14 67 16 14 68 10 10 69 14 10 70 13 10 71 2 6 72 8 6 73 11 6 74 1 6 75 10 6 76 9 6 77 14 6 78 15 6 79 12 6 80 11 7 81 15 7 82 14 7 83 9 15 84 13 15 85 12 15 86 11 16 87 8 16 88 12 16 89 23 2 90 21 2 91 20 2 92 23 1 93 17 1 94 18 1 95 17 2 96 5 2 97 4 2 98 19 10 99 16 10 100 22 10 101</p>
        </triangles>
      </mesh>
    </geometry>
    <geometry id="Cylinder_069-mesh" name="Cylinder.069">
      <mesh>
        <source id="Cylinder_069-mesh-positions">
          <float_array id="Cylinder_069-mesh-positions-array" count="72">-1.718275 -4.035402 2.708468 1.099277 -4.035402 2.708468 -1.718275 4.03987 2.708468 1.099277 4.03987 2.708468 -1.718275 -4.035402 -5.366804 1.099277 -4.035402 -5.366804 -1.718275 4.03987 -5.366804 1.099277 4.03987 -5.366804 -1.718275 2.410793 2.708468 -1.718275 -2.406324 2.708468 1.099277 -2.406324 2.708468 1.099277 2.410793 2.708468 -1.718275 2.410793 4.995353 -1.718275 -2.406324 4.995353 1.099277 -2.406324 4.995353 1.099277 2.410793 4.995353 1.099277 2.529187 -5.366804 1.099277 -2.652501 -5.366804 -1.718275 -2.652501 -5.366804 -1.718275 2.529187 -5.366804 -1.718275 2.529187 -2.705422 -1.718275 -2.652501 -2.705422 1.099277 2.529187 -2.705422 1.099277 -2.652501 -2.705422</float_array>
          <technique_common>
            <accessor source="#Cylinder_069-mesh-positions-array" count="24" stride="3">
              <param name="X" type="float"/>
              <param name="Y" type="float"/>
              <param name="Z" type="float"/>
            </accessor>
          </technique_common>
        </source>
        <source id="Cylinder_069-mesh-normals">
          <float_array id="Cylinder_069-mesh-normals-array" count="51">1 0 0 0 1 0 0 0 -1 0 -1 0 1 0 0 0 -1 0 0 0 1 1 0 0 -1 0 1.56382e-7 0 1 -1.48008e-7 0 -1 0 1 0 0 0 1 0 1 0 0 1 0 0 -1 0 1.56382e-7 0 1 0</float_array>
          <technique_common>
            <accessor source="#Cylinder_069-mesh-normals-array" count="17" stride="3">
              <param name="X" type="float"/>
              <param name="Y" type="float"/>
              <param name="Z" type="float"/>
            </accessor>
          </technique_common>
        </source>
        <source id="Cylinder_069-mesh-map-0">
          <float_array id="Cylinder_069-mesh-map-0-array" count="204">0.3228586 0.5414348 0.3020274 0.5044202 0.3228586 0.5025739 0.6681672 0.9104181 0.6893165 0.9415138 0.6681672 0.9415138 0.3876917 0.9909842 0.37636 0.969778 0.3876917 0.96978 0.7043817 0.9415138 0.7255086 0.9104181 0.7255086 0.9415138 0.4950854 0.5151849 0.4847222 0.5462807 0.4847222 0.5151849 0.9292229 0.9612863 0.9179021 0.9301905 0.9292229 0.9301905 0.9910264 0.8525784 0.9822271 0.831435 0.9910264 0.831435 0.9894574 0.7392801 0.977254 0.7180793 0.9894574 0.718076 0.1084539 0.9908524 0.09625041 0.9696516 0.1084538 0.9696483 0.4706776 0.9376448 0.4918651 0.9015372 0.4918651 0.9376506 0.3020274 0.5405469 0.293228 0.5044201 0.3020274 0.5044202 0.06912505 0.9220058 0.07792443 0.9578504 0.06912505 0.9578504 0.9910264 0.7951923 0.9822271 0.816358 0.9822271 0.7951923 0.7251005 0.2471682 0.7039129 0.2082737 0.7251005 0.2082698 0.8553855 0.971263 0.8656257 0.9924287 0.8553855 0.9924287 0.8965711 0.9924615 0.8861979 0.9712555 0.8965711 0.9712574 0.9924674 0.7589718 0.9822271 0.7801152 0.9822271 0.7589718 0.3228586 0.5414348 0.3020274 0.5405469 0.3020274 0.5044202 0.6681672 0.9104181 0.6893165 0.9104181 0.6893165 0.9415138 0.3876917 0.9909842 0.3763599 0.9909821 0.37636 0.969778 0.7043817 0.9415138 0.7043817 0.9104181 0.7255086 0.9104181 0.4950854 0.5151849 0.4969303 0.5462807 0.4847222 0.5462807 0.9292229 0.9612863 0.9170149 0.9612863 0.9179021 0.9301905 0.9910264 0.8525784 0.9822271 0.8525784 0.9822271 0.831435 0.9894574 0.7392801 0.9772539 0.7392835 0.977254 0.7180793 0.1084539 0.9908524 0.09625035 0.9908558 0.09625041 0.9696516 0.4706776 0.9376448 0.4706776 0.9015315 0.4918651 0.9015372 0.3020274 0.5405469 0.293228 0.5405469 0.293228 0.5044201 0.06912505 0.9220058 0.07792443 0.9220058 0.07792443 0.9578504 0.9910264 0.7951923 0.9910264 0.816358 0.9822271 0.816358 0.7251005 0.2471682 0.7039129 0.2471721 0.7039129 0.2082737 0.8553855 0.971263 0.8656257 0.9712629 0.8656257 0.9924287 0.8965711 0.9924615 0.886198 0.9924596 0.8861979 0.9712555 0.9924674 0.7589718 0.9924674 0.7801152 0.9822271 0.7801152</float_array>
          <technique_common>
            <accessor source="#Cylinder_069-mesh-map-0-array" count="102" stride="2">
              <param name="S" type="float"/>
              <param name="T" type="float"/>
            </accessor>
          </technique_common>
        </source>
        <vertices id="Cylinder_069-mesh-vertices">
          <input semantic="POSITION" source="#Cylinder_069-mesh-positions"/>
        </vertices>
        <triangles material="Material_001-material" count="34">
          <input semantic="VERTEX" source="#Cylinder_069-mesh-vertices" offset="0"/>
          <input semantic="NORMAL" source="#Cylinder_069-mesh-normals" offset="1"/>
          <input semantic="TEXCOORD" source="#Cylinder_069-mesh-map-0" offset="2" set="0"/>
          <p>22 0 0 10 0 1 23 0 2 2 1 3 7 1 4 6 1 5 7 2 6 19 2 7 6 2 8 5 3 9 0 3 10 4 3 11 17 4 12 1 4 13 5 4 14 3 4 15 16 4 16 7 4 17 10 5 18 13 5 19 9 5 20 2 6 21 11 6 22 3 6 23 1 6 24 9 6 25 0 6 26 14 6 27 12 6 28 13 6 29 11 7 30 14 7 31 10 7 32 9 8 33 12 8 34 8 8 35 11 9 36 12 9 37 15 9 38 23 2 39 20 2 40 22 2 41 23 1 42 18 1 43 21 1 44 17 2 45 4 2 46 18 2 47 19 10 48 22 10 49 20 10 50 22 11 51 11 11 52 10 11 53 2 12 54 3 12 55 7 12 56 7 2 57 16 2 58 19 2 59 5 10 60 1 10 61 0 10 62 17 13 63 10 13 64 1 13 65 3 14 66 11 14 67 16 14 68 10 10 69 14 10 70 13 10 71 2 6 72 8 6 73 11 6 74 1 6 75 10 6 76 9 6 77 14 6 78 15 6 79 12 6 80 11 7 81 15 7 82 14 7 83 9 15 84 13 15 85 12 15 86 11 16 87 8 16 88 12 16 89 23 2 90 21 2 91 20 2 92 23 1 93 17 1 94 18 1 95 17 2 96 5 2 97 4 2 98 19 10 99 16 10 100 22 10 101</p>
        </triangles>
      </mesh>
    </geometry>
    <geometry id="Cylinder_070-mesh" name="Cylinder.070">
      <mesh>
        <source id="Cylinder_070-mesh-positions">
          <float_array id="Cylinder_070-mesh-positions-array" count="72">-1.718275 -4.035402 2.708468 1.099277 -4.035402 2.708468 -1.718275 4.03987 2.708468 1.099277 4.03987 2.708468 -1.718275 -4.035402 -5.366804 1.099277 -4.035402 -5.366804 -1.718275 4.03987 -5.366804 1.099277 4.03987 -5.366804 -1.718275 2.410793 2.708468 -1.718275 -2.406324 2.708468 1.099277 -2.406324 2.708468 1.099277 2.410793 2.708468 -1.718275 2.410793 4.995353 -1.718275 -2.406324 4.995353 1.099277 -2.406324 4.995353 1.099277 2.410793 4.995353 1.099277 2.529187 -5.366804 1.099277 -2.652501 -5.366804 -1.718275 -2.652501 -5.366804 -1.718275 2.529187 -5.366804 -1.718275 2.529187 -2.705422 -1.718275 -2.652501 -2.705422 1.099277 2.529187 -2.705422 1.099277 -2.652501 -2.705422</float_array>
          <technique_common>
            <accessor source="#Cylinder_070-mesh-positions-array" count="24" stride="3">
              <param name="X" type="float"/>
              <param name="Y" type="float"/>
              <param name="Z" type="float"/>
            </accessor>
          </technique_common>
        </source>
        <source id="Cylinder_070-mesh-normals">
          <float_array id="Cylinder_070-mesh-normals-array" count="51">1 0 0 0 1 0 0 0 -1 0 -1 0 1 0 0 0 -1 0 0 0 1 1 0 0 -1 0 1.56382e-7 0 1 -1.48008e-7 0 -1 0 1 0 0 0 1 0 1 0 0 1 0 0 -1 0 1.56382e-7 0 1 0</float_array>
          <technique_common>
            <accessor source="#Cylinder_070-mesh-normals-array" count="17" stride="3">
              <param name="X" type="float"/>
              <param name="Y" type="float"/>
              <param name="Z" type="float"/>
            </accessor>
          </technique_common>
        </source>
        <source id="Cylinder_070-mesh-map-0">
          <float_array id="Cylinder_070-mesh-map-0-array" count="204">0.3228586 0.5414348 0.3020274 0.5044202 0.3228586 0.5025739 0.6681672 0.9104181 0.6893165 0.9415138 0.6681672 0.9415138 0.3876917 0.9909842 0.37636 0.969778 0.3876917 0.96978 0.7043817 0.9415138 0.7255086 0.9104181 0.7255086 0.9415138 0.4950854 0.5151849 0.4847222 0.5462807 0.4847222 0.5151849 0.9292229 0.9612863 0.9179021 0.9301905 0.9292229 0.9301905 0.9910264 0.8525784 0.9822271 0.831435 0.9910264 0.831435 0.9894574 0.7392801 0.977254 0.7180793 0.9894574 0.718076 0.1084539 0.9908524 0.09625041 0.9696516 0.1084538 0.9696483 0.4706776 0.9376448 0.4918651 0.9015372 0.4918651 0.9376506 0.3020274 0.5405469 0.293228 0.5044201 0.3020274 0.5044202 0.06912505 0.9220058 0.07792443 0.9578504 0.06912505 0.9578504 0.9910264 0.7951923 0.9822271 0.816358 0.9822271 0.7951923 0.7251005 0.2471682 0.7039129 0.2082737 0.7251005 0.2082698 0.8553855 0.971263 0.8656257 0.9924287 0.8553855 0.9924287 0.8965711 0.9924615 0.8861979 0.9712555 0.8965711 0.9712574 0.9924674 0.7589718 0.9822271 0.7801152 0.9822271 0.7589718 0.3228586 0.5414348 0.3020274 0.5405469 0.3020274 0.5044202 0.6681672 0.9104181 0.6893165 0.9104181 0.6893165 0.9415138 0.3876917 0.9909842 0.3763599 0.9909821 0.37636 0.969778 0.7043817 0.9415138 0.7043817 0.9104181 0.7255086 0.9104181 0.4950854 0.5151849 0.4969303 0.5462807 0.4847222 0.5462807 0.9292229 0.9612863 0.9170149 0.9612863 0.9179021 0.9301905 0.9910264 0.8525784 0.9822271 0.8525784 0.9822271 0.831435 0.9894574 0.7392801 0.9772539 0.7392835 0.977254 0.7180793 0.1084539 0.9908524 0.09625035 0.9908558 0.09625041 0.9696516 0.4706776 0.9376448 0.4706776 0.9015315 0.4918651 0.9015372 0.3020274 0.5405469 0.293228 0.5405469 0.293228 0.5044201 0.06912505 0.9220058 0.07792443 0.9220058 0.07792443 0.9578504 0.9910264 0.7951923 0.9910264 0.816358 0.9822271 0.816358 0.7251005 0.2471682 0.7039129 0.2471721 0.7039129 0.2082737 0.8553855 0.971263 0.8656257 0.9712629 0.8656257 0.9924287 0.8965711 0.9924615 0.886198 0.9924596 0.8861979 0.9712555 0.9924674 0.7589718 0.9924674 0.7801152 0.9822271 0.7801152</float_array>
          <technique_common>
            <accessor source="#Cylinder_070-mesh-map-0-array" count="102" stride="2">
              <param name="S" type="float"/>
              <param name="T" type="float"/>
            </accessor>
          </technique_common>
        </source>
        <vertices id="Cylinder_070-mesh-vertices">
          <input semantic="POSITION" source="#Cylinder_070-mesh-positions"/>
        </vertices>
        <triangles material="Material_001-material" count="34">
          <input semantic="VERTEX" source="#Cylinder_070-mesh-vertices" offset="0"/>
          <input semantic="NORMAL" source="#Cylinder_070-mesh-normals" offset="1"/>
          <input semantic="TEXCOORD" source="#Cylinder_070-mesh-map-0" offset="2" set="0"/>
          <p>22 0 0 10 0 1 23 0 2 2 1 3 7 1 4 6 1 5 7 2 6 19 2 7 6 2 8 5 3 9 0 3 10 4 3 11 17 4 12 1 4 13 5 4 14 3 4 15 16 4 16 7 4 17 10 5 18 13 5 19 9 5 20 2 6 21 11 6 22 3 6 23 1 6 24 9 6 25 0 6 26 14 6 27 12 6 28 13 6 29 11 7 30 14 7 31 10 7 32 9 8 33 12 8 34 8 8 35 11 9 36 12 9 37 15 9 38 23 2 39 20 2 40 22 2 41 23 1 42 18 1 43 21 1 44 17 2 45 4 2 46 18 2 47 19 10 48 22 10 49 20 10 50 22 11 51 11 11 52 10 11 53 2 12 54 3 12 55 7 12 56 7 2 57 16 2 58 19 2 59 5 10 60 1 10 61 0 10 62 17 13 63 10 13 64 1 13 65 3 14 66 11 14 67 16 14 68 10 10 69 14 10 70 13 10 71 2 6 72 8 6 73 11 6 74 1 6 75 10 6 76 9 6 77 14 6 78 15 6 79 12 6 80 11 7 81 15 7 82 14 7 83 9 15 84 13 15 85 12 15 86 11 16 87 8 16 88 12 16 89 23 2 90 21 2 91 20 2 92 23 1 93 17 1 94 18 1 95 17 2 96 5 2 97 4 2 98 19 10 99 16 10 100 22 10 101</p>
        </triangles>
      </mesh>
    </geometry>
    <geometry id="Cylinder_071-mesh" name="Cylinder.071">
      <mesh>
        <source id="Cylinder_071-mesh-positions">
          <float_array id="Cylinder_071-mesh-positions-array" count="72">-1.718275 -4.035402 2.708468 1.099277 -4.035402 2.708468 -1.718275 4.03987 2.708468 1.099277 4.03987 2.708468 -1.718275 -4.035402 -5.366804 1.099277 -4.035402 -5.366804 -1.718275 4.03987 -5.366804 1.099277 4.03987 -5.366804 -1.718275 2.410793 2.708468 -1.718275 -2.406324 2.708468 1.099277 -2.406324 2.708468 1.099277 2.410793 2.708468 -1.718275 2.410793 4.995353 -1.718275 -2.406324 4.995353 1.099277 -2.406324 4.995353 1.099277 2.410793 4.995353 1.099277 2.529187 -5.366804 1.099277 -2.652501 -5.366804 -1.718275 -2.652501 -5.366804 -1.718275 2.529187 -5.366804 -1.718275 2.529187 -2.705422 -1.718275 -2.652501 -2.705422 1.099277 2.529187 -2.705422 1.099277 -2.652501 -2.705422</float_array>
          <technique_common>
            <accessor source="#Cylinder_071-mesh-positions-array" count="24" stride="3">
              <param name="X" type="float"/>
              <param name="Y" type="float"/>
              <param name="Z" type="float"/>
            </accessor>
          </technique_common>
        </source>
        <source id="Cylinder_071-mesh-normals">
          <float_array id="Cylinder_071-mesh-normals-array" count="51">1 0 0 0 1 0 0 0 -1 0 -1 0 1 0 0 0 -1 0 0 0 1 1 0 0 -1 0 1.56382e-7 0 1 -1.48008e-7 0 -1 0 1 0 0 0 1 0 1 0 0 1 0 0 -1 0 1.56382e-7 0 1 0</float_array>
          <technique_common>
            <accessor source="#Cylinder_071-mesh-normals-array" count="17" stride="3">
              <param name="X" type="float"/>
              <param name="Y" type="float"/>
              <param name="Z" type="float"/>
            </accessor>
          </technique_common>
        </source>
        <source id="Cylinder_071-mesh-map-0">
          <float_array id="Cylinder_071-mesh-map-0-array" count="204">0.3228586 0.5414348 0.3020274 0.5044202 0.3228586 0.5025739 0.6681672 0.9104181 0.6893165 0.9415138 0.6681672 0.9415138 0.3876917 0.9909842 0.37636 0.969778 0.3876917 0.96978 0.7043817 0.9415138 0.7255086 0.9104181 0.7255086 0.9415138 0.4950854 0.5151849 0.4847222 0.5462807 0.4847222 0.5151849 0.9292229 0.9612863 0.9179021 0.9301905 0.9292229 0.9301905 0.9910264 0.8525784 0.9822271 0.831435 0.9910264 0.831435 0.9894574 0.7392801 0.977254 0.7180793 0.9894574 0.718076 0.1084539 0.9908524 0.09625041 0.9696516 0.1084538 0.9696483 0.4706776 0.9376448 0.4918651 0.9015372 0.4918651 0.9376506 0.3020274 0.5405469 0.293228 0.5044201 0.3020274 0.5044202 0.06912505 0.9220058 0.07792443 0.9578504 0.06912505 0.9578504 0.9910264 0.7951923 0.9822271 0.816358 0.9822271 0.7951923 0.7251005 0.2471682 0.7039129 0.2082737 0.7251005 0.2082698 0.8553855 0.971263 0.8656257 0.9924287 0.8553855 0.9924287 0.8965711 0.9924615 0.8861979 0.9712555 0.8965711 0.9712574 0.9924674 0.7589718 0.9822271 0.7801152 0.9822271 0.7589718 0.3228586 0.5414348 0.3020274 0.5405469 0.3020274 0.5044202 0.6681672 0.9104181 0.6893165 0.9104181 0.6893165 0.9415138 0.3876917 0.9909842 0.3763599 0.9909821 0.37636 0.969778 0.7043817 0.9415138 0.7043817 0.9104181 0.7255086 0.9104181 0.4950854 0.5151849 0.4969303 0.5462807 0.4847222 0.5462807 0.9292229 0.9612863 0.9170149 0.9612863 0.9179021 0.9301905 0.9910264 0.8525784 0.9822271 0.8525784 0.9822271 0.831435 0.9894574 0.7392801 0.9772539 0.7392835 0.977254 0.7180793 0.1084539 0.9908524 0.09625035 0.9908558 0.09625041 0.9696516 0.4706776 0.9376448 0.4706776 0.9015315 0.4918651 0.9015372 0.3020274 0.5405469 0.293228 0.5405469 0.293228 0.5044201 0.06912505 0.9220058 0.07792443 0.9220058 0.07792443 0.9578504 0.9910264 0.7951923 0.9910264 0.816358 0.9822271 0.816358 0.7251005 0.2471682 0.7039129 0.2471721 0.7039129 0.2082737 0.8553855 0.971263 0.8656257 0.9712629 0.8656257 0.9924287 0.8965711 0.9924615 0.886198 0.9924596 0.8861979 0.9712555 0.9924674 0.7589718 0.9924674 0.7801152 0.9822271 0.7801152</float_array>
          <technique_common>
            <accessor source="#Cylinder_071-mesh-map-0-array" count="102" stride="2">
              <param name="S" type="float"/>
              <param name="T" type="float"/>
            </accessor>
          </technique_common>
        </source>
        <vertices id="Cylinder_071-mesh-vertices">
          <input semantic="POSITION" source="#Cylinder_071-mesh-positions"/>
        </vertices>
        <triangles material="Material_001-material" count="34">
          <input semantic="VERTEX" source="#Cylinder_071-mesh-vertices" offset="0"/>
          <input semantic="NORMAL" source="#Cylinder_071-mesh-normals" offset="1"/>
          <input semantic="TEXCOORD" source="#Cylinder_071-mesh-map-0" offset="2" set="0"/>
          <p>22 0 0 10 0 1 23 0 2 2 1 3 7 1 4 6 1 5 7 2 6 19 2 7 6 2 8 5 3 9 0 3 10 4 3 11 17 4 12 1 4 13 5 4 14 3 4 15 16 4 16 7 4 17 10 5 18 13 5 19 9 5 20 2 6 21 11 6 22 3 6 23 1 6 24 9 6 25 0 6 26 14 6 27 12 6 28 13 6 29 11 7 30 14 7 31 10 7 32 9 8 33 12 8 34 8 8 35 11 9 36 12 9 37 15 9 38 23 2 39 20 2 40 22 2 41 23 1 42 18 1 43 21 1 44 17 2 45 4 2 46 18 2 47 19 10 48 22 10 49 20 10 50 22 11 51 11 11 52 10 11 53 2 12 54 3 12 55 7 12 56 7 2 57 16 2 58 19 2 59 5 10 60 1 10 61 0 10 62 17 13 63 10 13 64 1 13 65 3 14 66 11 14 67 16 14 68 10 10 69 14 10 70 13 10 71 2 6 72 8 6 73 11 6 74 1 6 75 10 6 76 9 6 77 14 6 78 15 6 79 12 6 80 11 7 81 15 7 82 14 7 83 9 15 84 13 15 85 12 15 86 11 16 87 8 16 88 12 16 89 23 2 90 21 2 91 20 2 92 23 1 93 17 1 94 18 1 95 17 2 96 5 2 97 4 2 98 19 10 99 16 10 100 22 10 101</p>
        </triangles>
      </mesh>
    </geometry>
    <geometry id="Cylinder_072-mesh" name="Cylinder.072">
      <mesh>
        <source id="Cylinder_072-mesh-positions">
          <float_array id="Cylinder_072-mesh-positions-array" count="72">-1.718275 -4.035402 2.708468 1.099277 -4.035402 2.708468 -1.718275 4.03987 2.708468 1.099277 4.03987 2.708468 -1.718275 -4.035402 -5.366804 1.099277 -4.035402 -5.366804 -1.718275 4.03987 -5.366804 1.099277 4.03987 -5.366804 -1.718275 2.410793 2.708468 -1.718275 -2.406324 2.708468 1.099277 -2.406324 2.708468 1.099277 2.410793 2.708468 -1.718275 2.410793 4.995353 -1.718275 -2.406324 4.995353 1.099277 -2.406324 4.995353 1.099277 2.410793 4.995353 1.099277 2.529187 -5.366804 1.099277 -2.652501 -5.366804 -1.718275 -2.652501 -5.366804 -1.718275 2.529187 -5.366804 -1.718275 2.529187 -2.705422 -1.718275 -2.652501 -2.705422 1.099277 2.529187 -2.705422 1.099277 -2.652501 -2.705422</float_array>
          <technique_common>
            <accessor source="#Cylinder_072-mesh-positions-array" count="24" stride="3">
              <param name="X" type="float"/>
              <param name="Y" type="float"/>
              <param name="Z" type="float"/>
            </accessor>
          </technique_common>
        </source>
        <source id="Cylinder_072-mesh-normals">
          <float_array id="Cylinder_072-mesh-normals-array" count="51">1 0 0 0 1 0 0 0 -1 0 -1 0 1 0 0 0 -1 0 0 0 1 1 0 0 -1 0 1.56382e-7 0 1 -1.48008e-7 0 -1 0 1 0 0 0 1 0 1 0 0 1 0 0 -1 0 1.56382e-7 0 1 0</float_array>
          <technique_common>
            <accessor source="#Cylinder_072-mesh-normals-array" count="17" stride="3">
              <param name="X" type="float"/>
              <param name="Y" type="float"/>
              <param name="Z" type="float"/>
            </accessor>
          </technique_common>
        </source>
        <source id="Cylinder_072-mesh-map-0">
          <float_array id="Cylinder_072-mesh-map-0-array" count="204">0.3228586 0.5414348 0.3020274 0.5044202 0.3228586 0.5025739 0.6681672 0.9104181 0.6893165 0.9415138 0.6681672 0.9415138 0.3876917 0.9909842 0.37636 0.969778 0.3876917 0.96978 0.7043817 0.9415138 0.7255086 0.9104181 0.7255086 0.9415138 0.4950854 0.5151849 0.4847222 0.5462807 0.4847222 0.5151849 0.9292229 0.9612863 0.9179021 0.9301905 0.9292229 0.9301905 0.9910264 0.8525784 0.9822271 0.831435 0.9910264 0.831435 0.9894574 0.7392801 0.977254 0.7180793 0.9894574 0.718076 0.1084539 0.9908524 0.09625041 0.9696516 0.1084538 0.9696483 0.4706776 0.9376448 0.4918651 0.9015372 0.4918651 0.9376506 0.3020274 0.5405469 0.293228 0.5044201 0.3020274 0.5044202 0.06912505 0.9220058 0.07792443 0.9578504 0.06912505 0.9578504 0.9910264 0.7951923 0.9822271 0.816358 0.9822271 0.7951923 0.7251005 0.2471682 0.7039129 0.2082737 0.7251005 0.2082698 0.8553855 0.971263 0.8656257 0.9924287 0.8553855 0.9924287 0.8965711 0.9924615 0.8861979 0.9712555 0.8965711 0.9712574 0.9924674 0.7589718 0.9822271 0.7801152 0.9822271 0.7589718 0.3228586 0.5414348 0.3020274 0.5405469 0.3020274 0.5044202 0.6681672 0.9104181 0.6893165 0.9104181 0.6893165 0.9415138 0.3876917 0.9909842 0.3763599 0.9909821 0.37636 0.969778 0.7043817 0.9415138 0.7043817 0.9104181 0.7255086 0.9104181 0.4950854 0.5151849 0.4969303 0.5462807 0.4847222 0.5462807 0.9292229 0.9612863 0.9170149 0.9612863 0.9179021 0.9301905 0.9910264 0.8525784 0.9822271 0.8525784 0.9822271 0.831435 0.9894574 0.7392801 0.9772539 0.7392835 0.977254 0.7180793 0.1084539 0.9908524 0.09625035 0.9908558 0.09625041 0.9696516 0.4706776 0.9376448 0.4706776 0.9015315 0.4918651 0.9015372 0.3020274 0.5405469 0.293228 0.5405469 0.293228 0.5044201 0.06912505 0.9220058 0.07792443 0.9220058 0.07792443 0.9578504 0.9910264 0.7951923 0.9910264 0.816358 0.9822271 0.816358 0.7251005 0.2471682 0.7039129 0.2471721 0.7039129 0.2082737 0.8553855 0.971263 0.8656257 0.9712629 0.8656257 0.9924287 0.8965711 0.9924615 0.886198 0.9924596 0.8861979 0.9712555 0.9924674 0.7589718 0.9924674 0.7801152 0.9822271 0.7801152</float_array>
          <technique_common>
            <accessor source="#Cylinder_072-mesh-map-0-array" count="102" stride="2">
              <param name="S" type="float"/>
              <param name="T" type="float"/>
            </accessor>
          </technique_common>
        </source>
        <vertices id="Cylinder_072-mesh-vertices">
          <input semantic="POSITION" source="#Cylinder_072-mesh-positions"/>
        </vertices>
        <triangles material="Material_001-material" count="34">
          <input semantic="VERTEX" source="#Cylinder_072-mesh-vertices" offset="0"/>
          <input semantic="NORMAL" source="#Cylinder_072-mesh-normals" offset="1"/>
          <input semantic="TEXCOORD" source="#Cylinder_072-mesh-map-0" offset="2" set="0"/>
          <p>22 0 0 10 0 1 23 0 2 2 1 3 7 1 4 6 1 5 7 2 6 19 2 7 6 2 8 5 3 9 0 3 10 4 3 11 17 4 12 1 4 13 5 4 14 3 4 15 16 4 16 7 4 17 10 5 18 13 5 19 9 5 20 2 6 21 11 6 22 3 6 23 1 6 24 9 6 25 0 6 26 14 6 27 12 6 28 13 6 29 11 7 30 14 7 31 10 7 32 9 8 33 12 8 34 8 8 35 11 9 36 12 9 37 15 9 38 23 2 39 20 2 40 22 2 41 23 1 42 18 1 43 21 1 44 17 2 45 4 2 46 18 2 47 19 10 48 22 10 49 20 10 50 22 11 51 11 11 52 10 11 53 2 12 54 3 12 55 7 12 56 7 2 57 16 2 58 19 2 59 5 10 60 1 10 61 0 10 62 17 13 63 10 13 64 1 13 65 3 14 66 11 14 67 16 14 68 10 10 69 14 10 70 13 10 71 2 6 72 8 6 73 11 6 74 1 6 75 10 6 76 9 6 77 14 6 78 15 6 79 12 6 80 11 7 81 15 7 82 14 7 83 9 15 84 13 15 85 12 15 86 11 16 87 8 16 88 12 16 89 23 2 90 21 2 91 20 2 92 23 1 93 17 1 94 18 1 95 17 2 96 5 2 97 4 2 98 19 10 99 16 10 100 22 10 101</p>
        </triangles>
      </mesh>
    </geometry>
    <geometry id="Cylinder_073-mesh" name="Cylinder.073">
      <mesh>
        <source id="Cylinder_073-mesh-positions">
          <float_array id="Cylinder_073-mesh-positions-array" count="594">-0.6458937 -3.952414 -19.64341 -0.6458912 -3.952414 19.57522 0.3143077 4.403395 -39.917 4.509794 -3.952414 -37.3109 6.552401 -3.952414 -29.73403 6.833101 -3.952414 -27.22028 7.679177 -3.952414 -8.928097 -3.799776 -3.952414 -34.50725 -1.414028 -3.952414 -36.09558 -1.722216 -3.952414 -28.37279 0.1318877 -3.952414 -36.78102 2.523486 -3.952414 -37.3109 0.4808795 -3.952414 -29.73403 7.679177 3.50301 -8.928097 6.833101 3.50301 -27.22028 6.552401 3.50301 -29.73403 4.509794 3.50301 -37.3109 2.523486 3.50301 -37.3109 0.1318877 3.50301 -36.78102 3.279479 4.403395 -40.20685 -1.414028 3.50301 -36.09558 -3.799776 3.50301 -34.50725 7.67918 -3.952414 8.859909 6.833105 -3.952414 27.15209 6.552407 -3.952414 29.66584 4.509799 -3.952414 37.24272 2.523492 -3.952414 37.24272 0.1318928 -3.952414 36.71284 0.4808846 -3.952414 29.66584 -1.414024 -3.952414 36.0274 -3.799771 -3.952414 34.43906 -1.722213 -3.952414 28.3046 4.509799 3.50301 37.24272 6.552407 3.50301 29.66584 6.833105 3.50301 27.15209 7.67918 3.50301 8.859909 -3.799771 3.50301 34.43906 -1.414024 3.50301 36.0274 0.1318928 3.50301 36.71284 2.523492 3.50301 37.24272 -8.871416 -3.952414 -1.615987 -8.068216 -3.952414 -20.27359 -7.711416 -3.952414 -23.80171 -5.717535 -3.952414 -32.80244 -5.717535 3.50301 -32.80244 -7.711416 3.50301 -23.80171 -8.068216 3.50301 -20.27359 -8.871416 3.50301 -1.615988 -8.871416 3.50301 1.5478 -8.068212 3.50301 20.2054 -7.711413 3.50301 23.73352 -5.717532 3.50301 32.73426 -5.717532 -3.952414 32.73426 -7.711413 -3.952414 23.73352 -8.068212 -3.952414 20.2054 -8.871416 -3.952414 1.547801 0.3143077 6.109755 -39.917 3.279479 6.109755 -40.20685 2.523486 4.403395 -37.3109 0.1318877 4.403395 -36.78102 -1.414028 4.403395 -36.09558 -3.799776 4.403395 -34.50725 -3.799771 4.403395 34.43906 -1.414024 4.403395 36.0274 0.1318928 4.403395 36.71284 2.523492 4.403395 37.24272 6.833101 4.403395 -27.22028 7.679177 4.403395 -8.928097 4.509794 4.403395 -37.3109 6.552401 4.403395 -29.73403 7.67918 4.403395 8.859909 6.833105 4.403395 27.15209 6.552407 4.403395 29.66584 4.509799 4.403395 37.24272 -8.871416 4.403395 -1.615988 -8.068216 4.403395 -20.27359 -7.711416 4.403395 -23.80171 -5.717535 4.403395 -32.80244 -8.068212 4.403395 20.2054 -8.871416 4.403395 1.5478 -5.717532 4.403395 32.73426 -7.711413 4.403395 23.73352 -1.602361 4.403395 -39.17307 -4.560276 4.403395 -37.44918 -4.560269 4.403395 37.38099 -1.602354 4.403395 39.10488 0.3143141 4.403395 39.84881 3.279486 4.403395 39.92556 8.622658 4.403395 -30.96058 9.671648 4.403395 -10.15174 5.742159 4.403395 -39.06871 8.274641 4.403395 -33.82017 9.671649 4.403395 10.08355 8.622662 4.403395 30.89239 8.274644 4.403395 33.75199 5.742165 4.403395 39.00053 -10.84823 4.403395 -1.833626 -9.852405 4.403395 -23.05814 -9.410037 4.403395 -27.07167 -6.937969 4.403395 -35.59889 -9.852401 4.403395 22.98996 -10.84823 4.403395 1.765438 -6.937963 4.403395 35.5307 -9.410032 4.403395 27.00349 -1.602361 6.109755 -39.17307 -4.560276 6.109755 -37.44918 -4.560269 6.109755 37.38099 -1.602354 6.109755 39.10488 0.3143141 6.109755 39.84881 3.279486 6.109755 39.92556 8.622658 6.109755 -30.96058 9.671648 6.109755 -10.15174 5.742159 6.109755 -39.06871 8.274641 6.109755 -33.82017 9.671649 6.109755 10.08355 8.622662 6.109755 30.89239 8.274644 6.109755 33.75199 5.742165 6.109755 39.00053 -10.84823 6.109755 -1.833626 -9.852405 6.109755 -23.05814 -9.410037 6.109755 -27.07167 -6.937969 6.109755 -35.59889 -9.852401 6.109755 22.98996 -10.84823 6.109755 1.765438 -6.937963 6.109755 35.5307 -9.410032 6.109755 27.00349 -0.01834255 -14.63474 -24.23485 -4.847885 -11.98619 -24.23485 3.043799 2.983206 -24.23485 -4.847885 2.983206 -24.23485 -0.01833873 -14.63474 24.07224 -4.847882 -11.98619 24.07224 3.043804 2.983206 24.07224 -4.847882 2.983206 24.07224 -0.6460251 6.109755 -21.1452 -0.6460225 6.109755 21.07625 2.86161 6.109755 -38.05255 0.2147651 6.109755 -37.77824 -1.496139 6.109755 -37.07422 -4.136507 6.109755 -35.44278 -4.136501 6.109755 35.37384 -1.496134 6.109755 37.00527 0.2147702 6.109755 37.7093 2.861617 6.109755 37.78193 7.63117 6.109755 -29.3022 8.567546 6.109755 -9.609458 5.059908 6.109755 -36.97546 7.320515 6.109755 -32.00842 8.567547 6.109755 9.540508 7.631175 6.109755 29.23325 7.320519 6.109755 31.93948 5.059914 6.109755 36.9065 -9.749421 6.109755 -1.737488 -8.860499 6.109755 -21.82362 -8.465621 6.109755 -25.62188 -6.258943 6.109755 -33.69174 -8.860496 6.109755 21.75468 -9.749421 6.109755 1.668538 -6.258937 6.109755 33.62279 -8.465617 6.109755 25.55294 -0.3975267 6.109755 23.24097 -0.7655034 6.109755 -22.08781 -0.5553638 6.109755 -21.93498 -0.9624345 6.109755 23.57255 -4.608524 6.109755 -24.88273 -5.059606 6.109755 25.97741 5.315403 6.109755 -17.66533 5.315404 6.109755 19.88773 0.6010054 4.408968 -32.00842 2.86161 4.408968 -38.05255 0.2147651 4.408968 -37.77824 -1.83722 4.408968 -30.54295 -1.496139 4.408968 -37.07422 -4.136507 4.408968 -35.44278 -1.837213 4.408968 30.474 -4.136501 4.408968 35.37384 -1.496134 4.408968 37.00527 0.6010092 4.408968 31.93947 0.2147702 4.408968 37.7093 2.861617 4.408968 37.78193 7.63117 4.408968 -29.3022 8.567546 4.408968 -9.609458 5.059908 4.408968 -36.97546 7.320515 4.408968 -32.00842 8.567547 4.408968 9.540508 7.631175 4.408968 29.23325 7.320519 4.408968 31.93948 5.059914 4.408968 36.9065 -6.258943 4.408968 -33.69174 -0.3975267 4.408968 23.24097 -6.258937 4.408968 33.62279 -0.7655034 4.408968 -22.08781 -0.5553638 4.408968 -21.93498 -0.9624345 4.408968 23.57255 -4.608524 4.408968 -24.88273 -5.059606 4.408968 25.97741 5.315403 4.408968 -17.66533 5.315404 4.408968 19.88773</float_array>
          <technique_common>
            <accessor source="#Cylinder_073-mesh-positions-array" count="198" stride="3">
              <param name="X" type="float"/>
              <param name="Y" type="float"/>
              <param name="Z" type="float"/>
            </accessor>
          </technique_common>
        </source>
        <source id="Cylinder_073-mesh-normals">
          <float_array id="Cylinder_073-mesh-normals-array" count="858">1 0 -1.34033e-7 0.9938233 0 0.1109751 -0.9763312 0 0.216281 0 -1 1.27744e-7 0 -1 0 -0.9949253 0 0.1006166 -0.5541788 0 -0.8323976 -0.9949253 0 -0.1006169 -0.4053265 0 -0.914172 -0.4053298 0 -0.9141705 -0.4053344 0 0.9141685 -0.9949252 0 -0.100617 0 0 -1 -0.6643914 0 -0.7473848 0 0 1 -0.6643921 0 0.7473842 -1 0 0 0.9989321 0 -0.04620403 0.9989321 0 0.04620397 0 -1 0 0.9655299 0 -0.2602921 0.9989321 0 -0.04620403 0.96553 0 -0.2602919 -0.5541763 0 -0.8323993 -0.2163144 0 -0.9763239 0.9989321 0 0.04620397 0.96553 0 0.2602921 -0.5541785 0 0.832398 -0.2163143 0 0.9763239 -0.9990747 0 -0.04300963 -0.9763312 0 -0.2162808 -0.9990747 0 0.04300981 -0.9763312 0 0.2162809 0.9938231 0 -0.110976 0 -1 2.27007e-7 0 -1 -2.27937e-7 0 -1 -1.28122e-7 0 -1 -1.7467e-7 0 -1 0 0 -1 0 -0.664391 0 -0.7473852 0.96553 0 0.2602918 -0.9949253 0 0.1006168 -0.5541782 0 0.8323981 -0.9990747 0 0.04300987 0.9938232 0 -0.1109762 0.9938233 0 0.110975 -0.9990747 0 -0.04300963 -0.4053296 0 0.9141706 1 0 -1.34033e-7 -0.2163102 0 -0.9763248 -0.2163102 0 0.9763248 -0.6643918 0 0.7473846 -0.9763312 0 -0.2162809 -0.3618369 0 0.9322414 0.9926757 0 -0.12081 0.3516341 0 0.9361376 0.9987319 0 -0.05034679 -0.9939807 0 0.1095563 -0.9604541 0 0.2784386 -0.5035307 0 -0.8639774 0 -1 0 0 -1 0 0 -1 0 0 -1 0 0 -1 0 0 -1 1.30849e-7 0 -1 -1.78961e-7 0 -1 0 0 -1 0 0 -1 0 0 1 0 0 1 -5.96645e-7 0 1 3.29937e-7 0 1 2.14744e-7 0 1 -4.73678e-7 0 1 -1.41961e-7 0.9006389 0 -0.4345684 0.9926757 0 0.1208102 0.41952 0 -0.9077461 0.9987319 0 0.05034673 -0.5035328 0 0.8639761 1 0 0 0.9006386 0 0.434569 -0.6141417 0 0.7891958 -0.3618369 0 -0.9322414 -0.09728682 0 -0.9952564 -0.9989011 0 -0.04686719 -0.6141408 0 -0.7891966 -0.9604541 0 -0.2784385 -0.9939807 0 -0.1095561 -0.02587574 0 0.9996652 -0.9989011 0 0.04686737 -1.63726e-7 0 1 -0.4808455 -0.8768054 0 0.9852293 -0.1712408 0 -1 0 0 -0.4399921 0 0.8980017 0.5062012 0 0.8624155 -0.9934757 0 -0.1140441 -0.9101686 0 0.4142381 0.3805387 0 -0.924765 -0.9934758 0 0.114044 1 0 0 -0.3699723 0 -0.9290428 0 1 0 0 1 -3.43265e-7 0 1 -3.2577e-7 0 1 0 0 1 2.57533e-7 0 1 0 0 1 2.1519e-7 0 1 -3.35731e-7 0 1 -1.81536e-7 0 1 -2.15174e-7 0 1 0 0 1 3.36654e-7 0 1 2.9874e-7 -0.9988715 0 0.0474956 0 1 3.65319e-7 0 1 -6.62942e-7 0 1 0 0 1 0 0 1 0 0 1 0 0 1 1.42864e-7 0 1 0 0.9828979 0 -0.1841515 -0.9988716 0 -0.04749542 0.5256382 0 -0.8507084 0.5881782 0 -0.8087315 -1 0 0 0.588172 0 -0.808736 -0.9101688 0 -0.4142378 0.6363899 0 -0.7713676 0.3805346 0 0.9247667 0.1030833 0 0.9946727 0.5062006 0 0.8624157 0.6363911 0 0.7713666 0.9879185 0 0.1549749 0.02742803 0 -0.9996239 0.5062015 0 0.8624153 0.5256368 0 0.8507092 -0.9763312 0 0.2162808 0 -1 -1.24612e-7 0 -1 0 0 -1 0 0 -1 0 0 -1 1.44432e-7 0 -1 0 0 -1 0 0 -1 -2.49942e-7 0 -1 0 0 -1 0 0 -1 -1.24384e-7 0 -1 1.26734e-7 0 -1 2.49943e-7 0 -1 0 -0.9949253 0 0.1006166 -0.5541768 0 -0.832399 -0.9949253 0 -0.1006168 -0.4053306 0 -0.9141703 -0.4053301 0 -0.9141705 -0.4053303 0 0.9141703 -0.9949253 0 -0.1006168 -0.6643923 0 -0.747384 -0.6643912 0 0.747385 -1 0 0 0.9989321 0 -0.04620403 0.9989321 0 0.04620391 0.96553 0 -0.260292 0.9989321 0 -0.04620403 0.96553 0 -0.2602921 -0.5541803 0 -0.8323966 -0.2163112 0 -0.9763245 0.96553 0 0.2602919 -0.5541765 0 0.8323993 -0.216311 0 0.9763245 -0.9990747 0 -0.04300963 -0.9763312 0 -0.2162809 -0.9990747 2.1919e-7 0.04300981 -0.9763312 0 0.2162808 0 -1 -1.28122e-7 0 -1 0 -0.6643922 0 -0.7473842 0.96553 0 0.2602921 -0.9949253 0 0.1006166 -0.9990747 0 0.04300981 0.9938232 0 -0.1109761 0.9938232 0 0.1109752 -0.9990747 0 -0.04300957 -0.4053341 0 0.9141687 1 0 -1.34033e-7 -0.2163136 0 -0.976324 -0.2163167 0 0.9763233 -0.9763312 0 -0.2162808 -0.3618365 0 0.9322416 0.9987319 0 -0.05034685 -0.9939807 0 0.1095563 -0.960454 0 0.2784388 -0.5035317 0 -0.8639768 0 -1 0 0 -1 -1.30849e-7 0 -1 2.41526e-7 0 -1 0 0 -1 0 0 -1 0 0 -1 3.48763e-7 0 -1 0 0 -1 3.2466e-7 0 -1 0 0 1 0 0 1 0 0 1 -1.7871e-7 0 1 -2.23615e-7 0 1 0 0 1 3.57594e-7 0.9006385 0 -0.4345691 0.9926757 0 0.1208101 0.4195171 0 -0.9077475 0.9987319 0 0.05034673 -0.5035305 0 0.8639776 1 0 0 0.9006391 0 0.4345681 -0.6141397 0 0.7891975 -0.3618403 0 -0.9322401 -0.09728676 0 -0.9952564 -0.9989011 0 -0.04686725 -0.6141415 0 -0.789196 -0.9939807 0 -0.109556 -0.02587574 0 0.9996652 -0.9989012 0 0.04686737 -0.4808455 -0.8768054 0 0.9852292 -0.1712408 0 -1 0 0 4.91179e-7 0 -1 -0.4399891 0 0.8980031 0.506201 0 0.8624156 -0.9934758 0 -0.114044 -0.9101688 0 0.4142378 0.3805367 0 -0.9247659 1 0 0 0 1 -2.15848e-7 0 1 5.46161e-7 0 1 0 0 1 -7.28439e-7 0 1 -1.76271e-7 0 1 0 0 1 0 0 1 2.24115e-7 0 1 0 0 1 -3.75997e-7 0 1 0 0 1 0 0 1 0 0 1 0 0 1 -2.72346e-7 -0.9988715 0 0.0474956 0 1 -9.9664e-7 0 1 0 0 1 0 0 1 1.23654e-7 0 1 0 0 1 0 0 1 1.2132e-7 0 1 0 0 1 0 0 1 -1.2868e-7 0 1 0 0 1 -1.45751e-7 0 1 -1.32219e-7 0.9828979 0 -0.1841516 -0.9988716 0 -0.04749536 0.5256369 0 -0.850709 0.5881779 0 -0.8087317 0.5881717 0 -0.8087361 -0.9101684 0 -0.4142385 0.6363911 0 -0.7713666 0.1030799 0 0.9946731 0.5062013 0 0.8624153 0.6363902 0 0.7713674 0.9879184 0 0.154975 0.02743142 0 -0.9996237 0.5062068 0 0.8624122 0.5256389 0 0.8507078 0.5881718 0 -0.808736</float_array>
          <technique_common>
            <accessor source="#Cylinder_073-mesh-normals-array" count="286" stride="3">
              <param name="X" type="float"/>
              <param name="Y" type="float"/>
              <param name="Z" type="float"/>
            </accessor>
          </technique_common>
        </source>
        <source id="Cylinder_073-mesh-map-0">
          <float_array id="Cylinder_073-mesh-map-0-array" count="2316">0.604466 0.6929765 0.5490329 0.6244797 0.604466 0.6244797 0.6035143 0.763415 0.5477654 0.7730948 0.5480812 0.763415 0.7824774 0.8353295 0.7769775 0.80067 0.7837249 0.80067 0.3542533 0.3259199 0.3692041 0.2912604 0.3991623 0.3083179 0.4633128 0.312756 0.4696569 0.3831943 0.4072329 0.3419324 0.3991622 0.5265676 0.4156817 0.5318094 0.4014731 0.5563061 0.7839481 0.7870841 0.8395944 0.80067 0.7837249 0.80067 0.06380969 0.8442884 0.07091093 0.8623314 0.06416642 0.8622663 0.7839481 0.6312102 0.7769775 0.6176243 0.7837249 0.6176243 0.06416642 0.8622663 0.008435606 0.8733713 0.008320212 0.8617272 0.06416642 0.8622663 0.07102632 0.8739754 0.06428182 0.8739103 0.8560224 0.5354621 0.9120374 0.5233814 0.911944 0.5350234 0.8398177 0.6312102 0.7837249 0.6176243 0.8395944 0.6176243 0.008435606 0.8913769 0.06413364 0.9068637 0.008287429 0.9063246 0.007963478 0.8437494 0.06337887 0.8298306 0.06380969 0.8442884 0.9120373 0.505377 0.8559959 0.4908678 0.9119176 0.4904291 0.9116556 0.5529965 0.8553855 0.5678878 0.8557339 0.5534352 0.7844506 0.7152386 0.8403202 0.7030557 0.8403201 0.7152386 0.4014732 0.2785794 0.413065 0.27594 0.4156818 0.3030761 0.3835841 0.2846957 0.4014732 0.2785794 0.3991623 0.3083179 0.413065 0.27594 0.4309979 0.2738996 0.4156818 0.3030761 0.6035143 0.5540413 0.6111607 0.6244797 0.604466 0.6244797 0.604466 0.6929765 0.610209 0.763415 0.6035143 0.763415 0.4309979 0.5609859 0.4130648 0.5589455 0.4156817 0.5318094 0.4014731 0.5563061 0.383584 0.5501898 0.3991622 0.5265676 0.600901 0.5151849 0.6098932 0.5443615 0.6031986 0.5443615 0.06428182 0.891916 0.07087814 0.9069288 0.06413364 0.9068637 0.5490329 0.6244797 0.6035143 0.5540413 0.604466 0.6244797 0.600901 0.5151849 0.5477654 0.5443615 0.5454678 0.5151849 0.06380969 0.8442884 0.008320212 0.8617272 0.007963478 0.8437494 0.008435606 0.8913769 0.06428182 0.8739103 0.06428182 0.891916 0.604466 0.6929765 0.5480812 0.763415 0.5490329 0.6929766 0.5454678 0.8022713 0.6031986 0.7730948 0.600901 0.8022713 0.8557339 0.5534352 0.911944 0.5350234 0.9116556 0.5529965 0.9120373 0.505377 0.8561157 0.5238201 0.8561157 0.5058157 0.8403202 0.7030557 0.7839481 0.6312102 0.8398177 0.6312102 0.7824774 0.5829648 0.8395944 0.6176243 0.7837249 0.6176243 0.7844506 0.7152386 0.8398177 0.7870841 0.7839481 0.7870841 0.838347 0.8353295 0.7837249 0.80067 0.8395944 0.80067 0.5480812 0.5540413 0.6031986 0.5443615 0.6035143 0.5540413 0.2294769 0.02948611 0.2059457 0.02528256 0.2237744 0.01815754 0.1974708 0.08429622 0.1766253 0.1553037 0.1840924 0.07357358 0.2768908 0.01868999 0.2603256 0.008654594 0.2825595 0.007538497 0.2589578 0.02073043 0.2459538 0.01151931 0.2603256 0.008654594 0.2294769 0.2949802 0.2059458 0.2991839 0.215097 0.2884155 0.2917848 0.3057764 0.3200148 0.2923345 0.3010255 0.3125452 0.3155498 0.1964817 0.3304899 0.1232728 0.3304899 0.2011936 0.247366 0.3010965 0.2237744 0.3063088 0.2294769 0.2949802 0.06337887 0.8298306 0.07055419 0.8443536 0.06380969 0.8442884 0.6031986 0.7730948 0.6075956 0.8022713 0.600901 0.8022713 0.7844506 0.7152386 0.7777032 0.7030557 0.7844506 0.7030557 0.7837249 0.80067 0.7772008 0.7870841 0.7839481 0.7870841 0.911944 0.5350234 0.9184092 0.5529435 0.9116556 0.5529965 0.7839481 0.7870841 0.7777032 0.7152386 0.7844506 0.7152386 0.9119176 0.4904291 0.9187909 0.505324 0.9120373 0.505377 0.6031986 0.5443615 0.6102089 0.5540413 0.6035143 0.5540413 0.6035143 0.763415 0.6098933 0.7730948 0.6031986 0.7730948 0.7844506 0.7030557 0.7772008 0.6312102 0.7839481 0.6312102 0.9120374 0.5233814 0.9186976 0.5349704 0.911944 0.5350234 0.604466 0.6244797 0.6111607 0.6929766 0.604466 0.6929765 0.06428182 0.8739103 0.07102632 0.8919811 0.06428182 0.891916 0.9120373 0.505377 0.9187909 0.5233284 0.9120374 0.5233814 0.9116556 0.5529965 0.9180607 0.5673961 0.9113072 0.5674491 0.7837249 0.6176243 0.7757301 0.5829648 0.7824774 0.5829648 0.9830645 0.4392357 0.9703253 0.4249273 0.9831241 0.4248027 0.5275537 0.7955983 0.5144751 0.7845867 0.5271623 0.7845867 0.9836996 0.4800716 0.9704656 0.4616752 0.9832644 0.4615507 0.5271623 0.7845867 0.5132951 0.7044574 0.5259823 0.7044574 0.9543006 0.5149649 0.9417902 0.4995099 0.9545773 0.4995099 0.952754 0.547801 0.9415134 0.5149649 0.9543006 0.5149649 0.9834287 0.3516062 0.9703394 0.3291665 0.9831209 0.3293197 0.9552003 0.4177798 0.9424132 0.4039207 0.9552003 0.4039207 0.2150969 0.03605091 0.1874094 0.05811864 0.2059457 0.02528256 0.2001461 0.07071036 0.1840924 0.07357358 0.1874094 0.05811864 0.2768908 0.3057764 0.2603257 0.3158118 0.2589578 0.303736 0.1974708 0.2401701 0.1766253 0.1691627 0.1914481 0.1683247 0.1914481 0.1683247 0.1766253 0.1553037 0.1914481 0.1561417 0.247366 0.0233699 0.2237744 0.01815754 0.2459538 0.01151931 0.215097 0.2884155 0.1874094 0.2663478 0.2001462 0.253756 0.2001462 0.253756 0.1840924 0.2508928 0.1974708 0.2401701 0.3092057 0.05754631 0.3304899 0.1232728 0.3155498 0.1279847 0.2917848 0.3057764 0.2825595 0.3161073 0.2768908 0.3057764 0.3071008 0.04786652 0.3226243 0.04314345 0.3092057 0.05754631 0.2589578 0.303736 0.2459539 0.3129471 0.247366 0.3010965 0.2917848 0.01869004 0.3200148 0.03213191 0.3071008 0.04786652 0.3071009 0.2765998 0.3226243 0.281323 0.3200148 0.2923345 0.2917848 0.01869004 0.2825595 0.007538497 0.3010254 0.01192116 0.3092057 0.26692 0.3304899 0.2011936 0.3226243 0.281323 0.2946276 0.2068973 0.2849184 0.2253409 0.2946276 0.2273378 0.2511028 0.248973 0.2384865 0.2549122 0.2501547 0.2566536 0.2946276 0.2273378 0.2817721 0.2422856 0.2904896 0.2483577 0.2657455 0.1843893 0.2791268 0.1776869 0.2694122 0.1765372 0.2904896 0.2483577 0.2807282 0.2446141 0.2891167 0.2512464 0.2731322 0.1853161 0.2891167 0.1829887 0.2791268 0.1776869 0.2568517 0.2495788 0.2501547 0.2566536 0.2577154 0.2574051 0.2807282 0.18959 0.2904896 0.1858773 0.2891167 0.1829887 0.5304025 0.815809 0.5148665 0.7955983 0.5275537 0.7955983 0.5271623 0.5464072 0.5148666 0.5353957 0.5275538 0.5353957 0.9832226 0.2925665 0.971051 0.2738996 0.9838325 0.2740527 0.5259823 0.6265366 0.5144751 0.5464072 0.5271623 0.5464072 0.9831241 0.4248027 0.9705742 0.4026463 0.9833731 0.4025217 0.5259823 0.7044574 0.5132951 0.6265366 0.5259823 0.6265366 0.5275538 0.5353957 0.5177152 0.5151849 0.5304025 0.5151849 0.9833731 0.4025217 0.9709008 0.38473 0.9836996 0.3846055 0.9831209 0.3293197 0.9702656 0.3147314 0.9830471 0.3148846 0.9830471 0.3148846 0.9704412 0.2924134 0.9832226 0.2925665 0.9552003 0.4039207 0.9417902 0.3221907 0.9545773 0.3221907 0.9838325 0.3695284 0.9706472 0.351453 0.9834287 0.3516062 0.9543005 0.3067356 0.9399668 0.2738996 0.952754 0.2738996 0.9545773 0.3221907 0.9415134 0.3067356 0.9543005 0.3067356 0.9832644 0.4615507 0.9702656 0.4393603 0.9830645 0.4392357 0.9545773 0.4995099 0.9424132 0.4177798 0.9552003 0.4177798 0.4040206 0.9136239 0.3648306 0.7927339 0.4040206 0.7793794 0.09625035 0.7783703 0.1339711 0.592716 0.1339711 0.7783703 0.7606648 0.7686191 0.626226 0.5829648 0.7606648 0.5829648 0.6612764 0.007538497 0.7734543 0.1931928 0.6612764 0.1931928 0.4040206 0.9136239 0.3648306 0.7927339 0.3455553 0.9034394 0.5757202 0.2325322 0.583774 0.2404397 0.5849387 0.2386987 0.5965284 0.2413204 0.5916373 0.228685 0.5873099 0.2351538 0.5680766 0.224011 0.5606652 0.2151431 0.5588582 0.2178444 0.5238677 0.2900992 0.5179659 0.2789747 0.5146494 0.2839328 0.5977379 0.2395123 0.6057562 0.2474728 0.6069563 0.2456788 0.5271843 0.2851413 0.5197729 0.2762734 0.5179659 0.2789747 0.557345 0.2600013 0.5732004 0.2163518 0.5481266 0.2538347 0.6008557 0.2348515 0.6087108 0.2430559 0.6100741 0.2410181 0.2891167 0.2512464 0.2731322 0.248888 0.2791268 0.2565482 0.2422307 0.2475692 0.2291071 0.2530431 0.2384865 0.2549122 0.2501546 0.1775815 0.2568517 0.1846253 0.2577154 0.1768301 0.2577154 0.1768301 0.2657455 0.1843893 0.2694122 0.1765372 0.2136822 0.2152997 0.2263574 0.1983535 0.2176104 0.1938599 0.2291071 0.1811919 0.2422307 0.1866348 0.2384865 0.1793229 0.2193555 0.1898057 0.235099 0.1881416 0.2291071 0.1811919 0.2176104 0.1938599 0.2276842 0.1950853 0.2193555 0.1898057 0.2657456 0.2496413 0.2577154 0.2574051 0.2694122 0.2574826 0.2263574 0.2358506 0.2136822 0.2189353 0.2176104 0.2403752 0.2233704 0.2185674 0.2136822 0.2152997 0.2136822 0.2189353 0.2384865 0.1793229 0.2511028 0.1852311 0.2501546 0.1775815 0.235099 0.2460625 0.2193555 0.2444294 0.2291071 0.2530431 0.2276842 0.2391188 0.2176104 0.2403752 0.2193555 0.2444294 0.281772 0.1919186 0.2946276 0.2068973 0.2904896 0.1858773 0.2791268 0.2565482 0.2657456 0.2496413 0.2694122 0.2574826 0.154085 0.2508928 0.1507645 0.2663478 0.1221233 0.2680751 0.5289914 0.28244 0.5329222 0.2566165 0.5197729 0.2762734 0.08291995 0.2569405 0.08500951 0.2481323 0.08767026 0.2582897 0.03487986 0.09049373 0.08500951 0.2481323 0.03487992 0.243296 0.08601427 0.07249867 0.08500957 0.07633411 0.08424723 0.07312053 0.07452327 0.2923346 0.08291995 0.2569405 0.08767026 0.2582897 0.01540654 0.281323 0.007532596 0.2011936 0.03487992 0.243296 0.09502631 0.03809487 0.08601427 0.07249867 0.07452332 0.03213191 0.09502625 0.2863716 0.1221233 0.2680751 0.1322085 0.2991839 0.05551385 0.007538497 0.07777118 0.008654654 0.07452332 0.03213191 0.09215819 0.01151931 0.1143611 0.01815754 0.09502631 0.03809487 0.114361 0.3063089 0.09215813 0.3129472 0.09502625 0.2863716 0.07777112 0.3158118 0.05551379 0.3161074 0.07452327 0.2923346 0.09502631 0.03809487 0.1322086 0.02528256 0.1183302 0.06112611 0.6134 0.2559934 0.6100741 0.2410181 0.6041815 0.2498268 0.5549274 0.2436679 0.5588582 0.2178444 0.545709 0.2375013 0.5965378 0.2413064 0.6038494 0.2503234 0.6057562 0.2474728 0.08424723 0.07312053 0.08601427 0.07249867 0.08424723 0.07312053 0.5421406 0.2627831 0.545709 0.2375013 0.5329222 0.2566165 0.6205964 0.2651826 0.6141957 0.254804 0.611378 0.2590161 0.5698836 0.2213097 0.5639818 0.2101851 0.5606652 0.2151431 0.594631 0.2441568 0.6022725 0.2526809 0.6038494 0.2503234 0.5786871 0.228097 0.586673 0.2361059 0.5879056 0.2342634 0.5774546 0.2299393 0.5849387 0.2386987 0.586673 0.2361059 0.592997 0.2465994 0.5868821 0.2357935 0.5837786 0.2404328 0.5824188 0.2225184 0.5899227 0.231248 0.5916372 0.2286849 0.6192925 0.2471846 0.6234139 0.2609705 0.6285108 0.2533512 0.5994925 0.2368894 0.6069563 0.2456788 0.6087108 0.2430559 0.5961005 0.2419601 0.5873099 0.2351538 0.5868821 0.2357935 0.5807043 0.2250815 0.5879056 0.2342634 0.5899227 0.231248 0.6334249 0.2659522 0.6285108 0.2533512 0.6242066 0.2597857 0.604466 0.6929765 0.5490329 0.6929766 0.5490329 0.6244797 0.6035143 0.763415 0.6031986 0.7730948 0.5477654 0.7730948 0.7824774 0.8353295 0.7757301 0.8353295 0.7769775 0.80067 0.3692041 0.2912604 0.3835841 0.2846957 0.3991623 0.3083179 0.3991623 0.3083179 0.4072329 0.3419324 0.3542533 0.3259199 0.4072329 0.3419324 0.4072328 0.4929531 0.3455553 0.4235342 0.3515779 0.3395057 0.4072329 0.3419324 0.3455553 0.4113513 0.4072328 0.4929531 0.3991622 0.5265676 0.3542532 0.5089656 0.3991622 0.5265676 0.383584 0.5501898 0.369204 0.5436251 0.3542532 0.5089656 0.3991622 0.5265676 0.369204 0.5436251 0.3542532 0.5089656 0.3515779 0.4953796 0.4072328 0.4929531 0.3515779 0.4953796 0.3455553 0.4235342 0.4072328 0.4929531 0.3455553 0.4235342 0.3455553 0.4113513 0.4072329 0.3419324 0.3515779 0.3395057 0.3542533 0.3259199 0.4072329 0.3419324 0.4696569 0.3831943 0.4696569 0.4516912 0.4072328 0.4929531 0.4696569 0.4516912 0.4633128 0.5221297 0.4072328 0.4929531 0.4633128 0.5221297 0.4612079 0.5318094 0.4156817 0.5318094 0.4612079 0.5318094 0.4458918 0.5609859 0.4156817 0.5318094 0.4458918 0.5609859 0.4309979 0.5609859 0.4156817 0.5318094 0.4156817 0.5318094 0.4072328 0.4929531 0.4633128 0.5221297 0.4072328 0.4929531 0.4072329 0.3419324 0.4696569 0.3831943 0.4072329 0.3419324 0.4156818 0.3030761 0.4633128 0.312756 0.4156818 0.3030761 0.4309979 0.2738996 0.461208 0.3030761 0.4309979 0.2738996 0.4458919 0.2738996 0.461208 0.3030761 0.461208 0.3030761 0.4633128 0.312756 0.4156818 0.3030761 0.4072328 0.4929531 0.4156817 0.5318094 0.3991622 0.5265676 0.4156817 0.5318094 0.4130648 0.5589455 0.4014731 0.5563061 0.7839481 0.7870841 0.8398177 0.7870841 0.8395944 0.80067 0.06380969 0.8442884 0.07055419 0.8443536 0.07091093 0.8623314 0.7839481 0.6312102 0.7772008 0.6312102 0.7769775 0.6176243 0.06416642 0.8622663 0.06428182 0.8739103 0.008435606 0.8733713 0.06416642 0.8622663 0.07091093 0.8623314 0.07102632 0.8739754 0.8560224 0.5354621 0.8561157 0.5238201 0.9120374 0.5233814 0.8398177 0.6312102 0.7839481 0.6312102 0.7837249 0.6176243 0.008435606 0.8913769 0.06428182 0.891916 0.06413364 0.9068637 0.007963478 0.8437494 0.007532596 0.8292915 0.06337887 0.8298306 0.9120373 0.505377 0.8561157 0.5058157 0.8559959 0.4908678 0.9116556 0.5529965 0.9113072 0.5674491 0.8553855 0.5678878 0.7844506 0.7152386 0.7844506 0.7030557 0.8403202 0.7030557 0.4072329 0.3419324 0.3991623 0.3083179 0.4156818 0.3030761 0.3991623 0.3083179 0.4014732 0.2785794 0.4156818 0.3030761 0.6035143 0.5540413 0.6102089 0.5540413 0.6111607 0.6244797 0.604466 0.6929765 0.6111607 0.6929766 0.610209 0.763415 0.600901 0.5151849 0.6075956 0.5151849 0.6098932 0.5443615 0.06428182 0.891916 0.07102632 0.8919811 0.07087814 0.9069288 0.5490329 0.6244797 0.5480812 0.5540413 0.6035143 0.5540413 0.600901 0.5151849 0.6031986 0.5443615 0.5477654 0.5443615 0.06380969 0.8442884 0.06416642 0.8622663 0.008320212 0.8617272 0.008435606 0.8913769 0.008435606 0.8733713 0.06428182 0.8739103 0.604466 0.6929765 0.6035143 0.763415 0.5480812 0.763415 0.5454678 0.8022713 0.5477654 0.7730948 0.6031986 0.7730948 0.8557339 0.5534352 0.8560224 0.5354621 0.911944 0.5350234 0.9120373 0.505377 0.9120374 0.5233814 0.8561157 0.5238201 0.8403202 0.7030557 0.7844506 0.7030557 0.7839481 0.6312102 0.7824774 0.5829648 0.838347 0.5829648 0.8395944 0.6176243 0.7844506 0.7152386 0.8403201 0.7152386 0.8398177 0.7870841 0.838347 0.8353295 0.7824774 0.8353295 0.7837249 0.80067 0.5480812 0.5540413 0.5477654 0.5443615 0.6031986 0.5443615 0.2294769 0.02948611 0.2150969 0.03605091 0.2059457 0.02528256 0.1974708 0.08429622 0.1914481 0.1561417 0.1766253 0.1553037 0.2768908 0.01868999 0.2589578 0.02073043 0.2603256 0.008654594 0.2589578 0.02073043 0.247366 0.0233699 0.2459538 0.01151931 0.2294769 0.2949802 0.2237744 0.3063088 0.2059458 0.2991839 0.2917848 0.3057764 0.3071009 0.2765998 0.3200148 0.2923345 0.3155498 0.1964817 0.3155498 0.1279847 0.3304899 0.1232728 0.247366 0.3010965 0.2459539 0.3129471 0.2237744 0.3063088 0.06337887 0.8298306 0.07012331 0.8298957 0.07055419 0.8443536 0.6031986 0.7730948 0.6098933 0.7730948 0.6075956 0.8022713 0.7844506 0.7152386 0.7777032 0.7152386 0.7777032 0.7030557 0.7837249 0.80067 0.7769775 0.80067 0.7772008 0.7870841 0.911944 0.5350234 0.9186976 0.5349704 0.9184092 0.5529435 0.7839481 0.7870841 0.7772008 0.7870841 0.7777032 0.7152386 0.9119176 0.4904291 0.9186712 0.4903761 0.9187909 0.505324 0.6031986 0.5443615 0.6098932 0.5443615 0.6102089 0.5540413 0.6035143 0.763415 0.610209 0.763415 0.6098933 0.7730948 0.7844506 0.7030557 0.7777032 0.7030557 0.7772008 0.6312102 0.9120374 0.5233814 0.9187909 0.5233284 0.9186976 0.5349704 0.604466 0.6244797 0.6111607 0.6244797 0.6111607 0.6929766 0.06428182 0.8739103 0.07102632 0.8739754 0.07102632 0.8919811 0.9120373 0.505377 0.9187909 0.505324 0.9187909 0.5233284 0.9116556 0.5529965 0.9184092 0.5529435 0.9180607 0.5673961 0.7837249 0.6176243 0.7769775 0.6176243 0.7757301 0.5829648 0.9830645 0.4392357 0.9702656 0.4393603 0.9703253 0.4249273 0.5275537 0.7955983 0.5148665 0.7955983 0.5144751 0.7845867 0.9836996 0.4800716 0.9709008 0.4801961 0.9704656 0.4616752 0.5271623 0.7845867 0.5144751 0.7845867 0.5132951 0.7044574 0.9543006 0.5149649 0.9415134 0.5149649 0.9417902 0.4995099 0.952754 0.547801 0.9399669 0.547801 0.9415134 0.5149649 0.9834287 0.3516062 0.9706472 0.351453 0.9703394 0.3291665 0.9552003 0.4177798 0.9424132 0.4177798 0.9424132 0.4039207 0.2150969 0.03605091 0.2001461 0.07071036 0.1874094 0.05811864 0.2001461 0.07071036 0.1974708 0.08429622 0.1840924 0.07357358 0.2768908 0.3057764 0.2825595 0.3161073 0.2603257 0.3158118 0.1974708 0.2401701 0.1840924 0.2508928 0.1766253 0.1691627 0.1914481 0.1683247 0.1766253 0.1691627 0.1766253 0.1553037 0.247366 0.0233699 0.2294769 0.02948611 0.2237744 0.01815754 0.215097 0.2884155 0.2059458 0.2991839 0.1874094 0.2663478 0.2001462 0.253756 0.1874094 0.2663478 0.1840924 0.2508928 0.3092057 0.05754631 0.3226243 0.04314345 0.3304899 0.1232728 0.2917848 0.3057764 0.3010255 0.3125452 0.2825595 0.3161073 0.3071008 0.04786652 0.3200148 0.03213191 0.3226243 0.04314345 0.2589578 0.303736 0.2603257 0.3158118 0.2459539 0.3129471 0.2917848 0.01869004 0.3010254 0.01192116 0.3200148 0.03213191 0.3071009 0.2765998 0.3092057 0.26692 0.3226243 0.281323 0.2917848 0.01869004 0.2768908 0.01868999 0.2825595 0.007538497 0.3092057 0.26692 0.3155498 0.1964817 0.3304899 0.2011936 0.2946276 0.2068973 0.2849184 0.2088633 0.2849184 0.2253409 0.2511028 0.248973 0.2422307 0.2475692 0.2384865 0.2549122 0.2946276 0.2273378 0.2849184 0.2253409 0.2817721 0.2422856 0.2657455 0.1843893 0.2731322 0.1853161 0.2791268 0.1776869 0.2904896 0.2483577 0.2817721 0.2422856 0.2807282 0.2446141 0.2731322 0.1853161 0.2807282 0.18959 0.2891167 0.1829887 0.2568517 0.2495788 0.2511028 0.248973 0.2501547 0.2566536 0.2807282 0.18959 0.281772 0.1919186 0.2904896 0.1858773 0.5304025 0.815809 0.5177152 0.815809 0.5148665 0.7955983 0.5271623 0.5464072 0.5144751 0.5464072 0.5148666 0.5353957 0.9832226 0.2925665 0.9704412 0.2924134 0.971051 0.2738996 0.5259823 0.6265366 0.5132951 0.6265366 0.5144751 0.5464072 0.9831241 0.4248027 0.9703253 0.4249273 0.9705742 0.4026463 0.5259823 0.7044574 0.5132951 0.7044574 0.5132951 0.6265366 0.5275538 0.5353957 0.5148666 0.5353957 0.5177152 0.5151849 0.9833731 0.4025217 0.9705742 0.4026463 0.9709008 0.38473 0.9831209 0.3293197 0.9703394 0.3291665 0.9702656 0.3147314 0.9830471 0.3148846 0.9702656 0.3147314 0.9704412 0.2924134 0.9552003 0.4039207 0.9424132 0.4039207 0.9417902 0.3221907 0.9838325 0.3695284 0.971051 0.3693752 0.9706472 0.351453 0.9543005 0.3067356 0.9415134 0.3067356 0.9399668 0.2738996 0.9545773 0.3221907 0.9417902 0.3221907 0.9415134 0.3067356 0.9832644 0.4615507 0.9704656 0.4616752 0.9702656 0.4393603 0.9545773 0.4995099 0.9417902 0.4995099 0.9424132 0.4177798 0.4040206 0.9136239 0.3455553 0.9034394 0.3648306 0.7927339 0.09625035 0.7783703 0.09625041 0.592716 0.1339711 0.592716 0.7606648 0.7686191 0.626226 0.7686191 0.626226 0.5829648 0.6612764 0.007538497 0.7734543 0.007538497 0.7734543 0.1931928 0.4040206 0.9136239 0.4040206 0.7793794 0.3648306 0.7927339 0.5757202 0.2325322 0.5745556 0.2342731 0.583774 0.2404397 0.5965284 0.2413204 0.6008557 0.2348515 0.5916373 0.228685 0.5680766 0.224011 0.5698836 0.2213097 0.5606652 0.2151431 0.5238677 0.2900992 0.5271843 0.2851413 0.5179659 0.2789747 0.5977379 0.2395123 0.5965378 0.2413064 0.6057562 0.2474728 0.5271843 0.2851413 0.5289914 0.28244 0.5197729 0.2762734 0.557345 0.2600013 0.5824186 0.2225183 0.5732004 0.2163518 0.6008557 0.2348515 0.5994925 0.2368894 0.6087108 0.2430559 0.2891167 0.2512464 0.2807282 0.2446141 0.2731322 0.248888 0.2422307 0.2475692 0.235099 0.2460625 0.2291071 0.2530431 0.2501546 0.1775815 0.2511028 0.1852311 0.2568517 0.1846253 0.2577154 0.1768301 0.2568517 0.1846253 0.2657455 0.1843893 0.2136822 0.2152997 0.2233704 0.2156367 0.2263574 0.1983535 0.2291071 0.1811919 0.235099 0.1881416 0.2422307 0.1866348 0.2193555 0.1898057 0.2276842 0.1950853 0.235099 0.1881416 0.2176104 0.1938599 0.2263574 0.1983535 0.2276842 0.1950853 0.2657456 0.2496413 0.2568517 0.2495788 0.2577154 0.2574051 0.2263574 0.2358506 0.2233704 0.2185674 0.2136822 0.2189353 0.2233704 0.2185674 0.2233704 0.2156367 0.2136822 0.2152997 0.2384865 0.1793229 0.2422307 0.1866348 0.2511028 0.1852311 0.235099 0.2460625 0.2276842 0.2391188 0.2193555 0.2444294 0.2276842 0.2391188 0.2263574 0.2358506 0.2176104 0.2403752 0.281772 0.1919186 0.2849184 0.2088633 0.2946276 0.2068973 0.2791268 0.2565482 0.2731322 0.248888 0.2657456 0.2496413 0.1221233 0.2680751 0.08767026 0.2582897 0.154085 0.2508928 0.08767026 0.2582897 0.08500951 0.2481323 0.154085 0.2508928 0.08500951 0.2481323 0.08500957 0.07633411 0.16156 0.1691628 0.08500957 0.07633411 0.08601427 0.07249867 0.1183302 0.06112611 0.16156 0.1691628 0.08500957 0.07633411 0.16156 0.1553037 0.1183302 0.06112611 0.1322086 0.02528256 0.1507645 0.05811864 0.1507645 0.2663478 0.1322085 0.2991839 0.1221233 0.2680751 0.16156 0.1553037 0.08500957 0.07633411 0.1540851 0.07357364 0.1183302 0.06112611 0.1507645 0.05811864 0.1540851 0.07357364 0.1540851 0.07357364 0.08500957 0.07633411 0.1183302 0.06112611 0.16156 0.1691628 0.154085 0.2508928 0.08500951 0.2481323 0.5289914 0.28244 0.5421406 0.2627831 0.5329222 0.2566165 0.03487986 0.09049373 0.08424723 0.07312053 0.08500957 0.07633411 0.08500957 0.07633411 0.08500951 0.2481323 0.03487986 0.09049373 0.08500951 0.2481323 0.08291995 0.2569405 0.03487992 0.243296 0.08767026 0.2582897 0.09502625 0.2863716 0.07452327 0.2923346 0.09502625 0.2863716 0.09215813 0.3129472 0.07452327 0.2923346 0.09215813 0.3129472 0.07777112 0.3158118 0.07452327 0.2923346 0.007532596 0.2011936 0.007532656 0.1232728 0.03487986 0.09049373 0.007532656 0.1232728 0.0154066 0.04314345 0.03487986 0.09049373 0.0154066 0.04314345 0.0180189 0.03213191 0.07452332 0.03213191 0.0180189 0.03213191 0.03702837 0.01192116 0.07452332 0.03213191 0.03702837 0.01192116 0.05551385 0.007538497 0.07452332 0.03213191 0.07452332 0.03213191 0.08424723 0.07312053 0.0154066 0.04314345 0.08424723 0.07312053 0.03487986 0.09049373 0.0154066 0.04314345 0.03487992 0.243296 0.08291995 0.2569405 0.01540654 0.281323 0.08291995 0.2569405 0.07452327 0.2923346 0.01540654 0.281323 0.07452327 0.2923346 0.05551379 0.3161074 0.03702831 0.3125453 0.07452327 0.2923346 0.03702831 0.3125453 0.0180189 0.2923345 0.01540654 0.281323 0.07452327 0.2923346 0.0180189 0.2923345 0.03487986 0.09049373 0.03487992 0.243296 0.007532596 0.2011936 0.08424723 0.07312053 0.07452332 0.03213191 0.08601427 0.07249867 0.07452332 0.03213191 0.07777118 0.008654654 0.09215819 0.01151931 0.09502631 0.03809487 0.07452332 0.03213191 0.09215819 0.01151931 0.1322085 0.2991839 0.114361 0.3063089 0.09502625 0.2863716 0.09502625 0.2863716 0.08767026 0.2582897 0.1221233 0.2680751 0.1183302 0.06112611 0.08601427 0.07249867 0.09502631 0.03809487 0.09502631 0.03809487 0.1143611 0.01815754 0.1322086 0.02528256 0.6134 0.2559934 0.6192925 0.2471846 0.6100741 0.2410181 0.5549274 0.2436679 0.5680766 0.224011 0.5588582 0.2178444 0.5965378 0.2413064 0.594631 0.2441568 0.6038494 0.2503234 0.08424723 0.07312053 0.08601427 0.07249867 0.08601427 0.07249867 0.5421406 0.2627831 0.5549274 0.2436679 0.545709 0.2375013 0.6205964 0.2651826 0.6234139 0.2609705 0.6141957 0.254804 0.5698836 0.2213097 0.5732001 0.2163517 0.5639818 0.2101851 0.594631 0.2441568 0.593054 0.2465143 0.6022725 0.2526809 0.5786871 0.228097 0.5774546 0.2299393 0.586673 0.2361059 0.5774546 0.2299393 0.5757202 0.2325322 0.5849387 0.2386987 0.592997 0.2465994 0.5961005 0.2419601 0.5868821 0.2357935 0.5824188 0.2225184 0.5807043 0.2250815 0.5899227 0.231248 0.6192925 0.2471846 0.6141957 0.254804 0.6234139 0.2609705 0.5994925 0.2368894 0.5977379 0.2395123 0.6069563 0.2456788 0.5961005 0.2419601 0.5965284 0.2413204 0.5873099 0.2351538 0.5807043 0.2250815 0.5786871 0.228097 0.5879056 0.2342634 0.6334249 0.2659522 0.6377292 0.2595177 0.6285108 0.2533512</float_array>
          <technique_common>
            <accessor source="#Cylinder_073-mesh-map-0-array" count="1158" stride="2">
              <param name="S" type="float"/>
              <param name="T" type="float"/>
            </accessor>
          </technique_common>
        </source>
        <vertices id="Cylinder_073-mesh-vertices">
          <input semantic="POSITION" source="#Cylinder_073-mesh-positions"/>
        </vertices>
        <triangles material="Material_001-material" count="386">
          <input semantic="VERTEX" source="#Cylinder_073-mesh-vertices" offset="0"/>
          <input semantic="NORMAL" source="#Cylinder_073-mesh-normals" offset="1"/>
          <input semantic="TEXCOORD" source="#Cylinder_073-mesh-map-0" offset="2" set="0"/>
          <p>35 0 0 6 0 1 13 0 2 34 1 3 24 1 4 23 1 5 51 2 6 81 2 7 50 2 8 42 3 9 43 3 10 9 3 11 5 4 12 6 4 13 0 4 14 31 4 15 28 4 16 29 4 17 49 5 18 53 5 19 50 5 20 21 6 21 60 6 22 20 6 23 46 7 24 76 7 25 45 7 26 20 8 27 10 8 28 8 8 29 20 9 30 59 9 31 18 9 32 29 10 33 38 10 34 37 10 35 41 11 36 45 11 37 42 11 38 11 12 39 16 12 40 3 12 41 7 13 42 44 13 43 21 13 44 39 14 45 25 14 46 32 14 47 36 15 48 52 15 49 30 15 50 48 16 51 40 16 52 55 16 53 8 4 54 10 4 55 12 4 56 7 4 57 8 4 58 9 4 59 10 4 60 11 4 61 12 4 62 14 17 63 67 17 64 13 17 65 35 18 66 71 18 67 34 18 68 26 19 69 27 19 70 28 19 71 29 4 72 30 4 73 31 4 74 16 20 75 69 20 76 15 20 77 17 12 78 68 12 79 16 12 80 6 21 81 14 21 82 13 21 83 16 22 84 4 22 85 3 22 86 21 23 87 8 23 88 7 23 89 11 24 90 18 24 91 17 24 92 35 25 93 23 25 94 22 25 95 25 26 96 33 26 97 32 26 98 30 27 99 37 27 100 36 27 101 39 28 102 27 28 103 26 28 104 40 29 105 46 29 106 41 29 107 44 30 108 42 30 109 45 30 110 48 31 111 54 31 112 49 31 113 52 32 114 50 32 115 53 32 116 5 33 117 15 33 118 14 33 119 61 34 120 99 34 121 83 34 122 75 4 123 96 4 124 97 4 125 58 35 126 2 35 127 19 35 128 59 4 129 82 4 130 2 4 131 62 36 132 102 36 133 80 36 134 73 37 135 94 37 136 95 37 137 70 38 138 89 38 139 92 38 140 63 39 141 84 39 142 62 39 143 44 40 144 61 40 145 21 40 146 33 41 147 73 41 148 32 41 149 48 16 150 74 16 151 47 16 152 50 42 153 78 42 154 49 42 155 37 43 156 62 43 157 36 43 158 49 44 159 79 44 160 48 44 161 32 14 162 65 14 163 39 14 164 15 45 165 66 45 166 14 45 167 34 46 168 72 46 169 33 46 170 47 47 171 75 47 172 46 47 173 38 48 174 63 48 175 37 48 176 13 49 177 70 49 178 35 49 179 18 50 180 58 50 181 17 50 182 39 51 183 64 51 184 38 51 185 36 52 186 80 52 187 51 52 188 45 53 189 77 53 190 44 53 191 86 54 192 107 54 193 85 54 194 91 55 195 110 55 196 88 55 197 95 56 198 109 56 199 87 56 200 88 57 201 111 57 202 89 57 203 103 58 204 122 58 205 100 58 206 102 59 207 125 59 208 103 59 209 83 60 210 104 60 211 82 60 212 101 16 213 118 16 214 96 16 215 77 61 216 98 61 217 99 61 218 76 62 219 97 62 220 98 62 221 65 63 222 86 63 223 64 63 224 78 64 225 101 64 226 79 64 227 79 4 228 96 4 229 74 4 230 60 4 231 83 4 232 82 4 233 80 65 234 103 65 235 81 65 236 81 66 237 100 66 238 78 66 239 66 4 240 89 4 241 67 4 242 73 67 243 87 67 244 65 67 245 69 4 246 88 4 247 66 4 248 64 68 249 85 68 250 63 68 251 68 69 252 91 69 253 69 69 254 72 70 255 93 70 256 94 70 257 68 4 258 19 4 259 90 4 260 71 4 261 92 4 262 93 4 263 111 71 264 148 71 265 114 71 266 141 72 267 106 72 268 107 72 269 114 71 270 149 71 271 115 71 272 136 73 273 112 73 274 57 73 275 115 71 276 150 71 277 116 71 278 146 74 279 113 74 280 112 74 281 142 75 282 107 75 283 108 75 284 147 76 285 110 76 286 113 76 287 90 77 288 113 77 289 91 77 290 93 78 291 116 78 292 94 78 293 19 79 294 112 79 295 90 79 296 92 80 297 115 80 298 93 80 299 85 81 300 106 81 301 84 81 302 89 82 303 114 82 304 92 82 305 94 83 306 117 83 307 95 83 308 84 84 309 124 84 310 102 84 311 82 85 312 56 85 313 2 85 314 2 86 315 57 86 316 19 86 317 96 87 318 119 87 319 97 87 320 99 88 321 105 88 322 83 88 323 98 89 324 121 89 325 99 89 326 97 90 327 120 90 328 98 90 329 87 91 330 108 91 331 86 91 332 100 92 333 123 92 334 101 92 335 132 93 336 131 93 337 130 93 338 131 94 339 126 94 340 130 94 341 132 95 342 126 95 343 128 95 344 129 96 345 131 96 346 133 96 347 128 12 348 127 12 349 129 12 350 169 97 351 146 97 352 136 97 353 189 98 354 167 98 355 160 98 356 185 99 357 150 99 358 149 99 359 182 100 360 147 100 361 146 100 362 178 101 363 141 101 364 142 101 365 183 102 366 144 102 367 147 102 368 197 103 369 166 103 370 167 103 371 187 104 372 143 104 373 151 104 374 116 105 375 151 105 376 117 105 377 140 106 378 124 106 379 106 106 380 104 107 381 137 107 382 56 107 383 56 71 384 136 71 385 57 71 386 118 108 387 153 108 388 119 108 389 121 109 390 139 109 391 105 109 392 120 110 393 155 110 394 121 110 395 119 111 396 154 111 397 120 111 398 143 71 399 108 71 400 109 71 401 156 71 402 123 71 403 122 71 404 157 71 405 118 71 406 123 71 407 105 112 408 138 112 409 104 112 410 158 113 411 125 113 412 124 113 413 159 114 414 122 114 415 125 114 416 144 115 417 111 115 418 110 115 419 117 116 420 143 116 421 109 116 422 156 117 423 159 117 424 165 117 425 180 118 426 145 118 427 144 118 428 160 119 429 135 119 430 163 119 431 166 71 432 135 71 433 167 71 434 161 120 435 134 120 436 162 120 437 177 121 438 189 121 439 193 121 440 185 71 441 184 71 442 197 71 443 171 71 444 191 71 445 168 71 446 174 122 447 195 122 448 190 122 449 169 123 450 170 123 451 168 123 452 172 124 453 173 124 454 171 124 455 175 125 456 176 125 457 174 125 458 178 71 459 179 71 460 177 71 461 171 126 462 188 126 463 194 126 464 194 127 465 155 127 466 164 127 467 184 128 468 149 128 469 148 128 470 176 129 471 140 129 472 141 129 473 192 130 474 161 130 475 162 130 476 181 131 477 148 131 478 145 131 479 191 132 480 164 132 481 161 132 482 186 133 483 151 133 484 150 133 485 175 134 486 158 134 487 140 134 488 172 135 489 137 135 490 138 135 491 170 136 492 136 136 493 137 136 494 195 137 495 163 137 496 165 137 497 188 138 498 139 138 499 155 138 500 190 139 501 165 139 502 158 139 503 179 140 504 142 140 505 143 140 506 193 141 507 160 141 508 163 141 509 173 142 510 138 142 511 139 142 512 196 132 513 162 132 514 166 132 515 35 0 516 22 0 517 6 0 518 34 1 519 33 1 520 24 1 521 51 143 522 80 143 523 81 143 524 43 144 525 7 144 526 9 144 527 9 145 528 0 145 529 42 145 530 0 4 531 1 4 532 55 4 533 41 4 534 0 4 535 40 4 536 1 4 537 31 4 538 53 4 539 31 146 540 30 146 541 52 146 542 53 147 543 31 147 544 52 147 545 53 148 546 54 148 547 1 148 548 54 4 549 55 4 550 1 4 551 55 4 552 40 4 553 0 4 554 41 4 555 42 4 556 0 4 557 6 149 558 22 149 559 1 149 560 22 150 561 23 150 562 1 150 563 23 151 564 24 151 565 28 151 566 24 152 567 25 152 568 28 152 569 25 4 570 26 4 571 28 4 572 28 153 573 1 153 574 23 153 575 1 4 576 0 4 577 6 4 578 0 4 579 12 4 580 5 4 581 12 154 582 11 154 583 4 154 584 11 155 585 3 155 586 4 155 587 4 156 588 5 156 589 12 156 590 1 157 591 28 157 592 31 157 593 28 4 594 27 4 595 29 4 596 49 158 597 54 158 598 53 158 599 21 159 600 61 159 601 60 159 602 46 160 603 75 160 604 76 160 605 20 161 606 18 161 607 10 161 608 20 162 609 60 162 610 59 162 611 29 163 612 27 163 613 38 163 614 41 164 615 46 164 616 45 164 617 11 12 618 17 12 619 16 12 620 7 165 621 43 165 622 44 165 623 39 14 624 26 14 625 25 14 626 36 166 627 51 166 628 52 166 629 48 167 630 47 167 631 40 167 632 0 4 633 9 4 634 12 4 635 9 4 636 8 4 637 12 4 638 14 168 639 66 168 640 67 168 641 35 169 642 70 169 643 71 169 644 16 170 645 68 170 646 69 170 647 17 12 648 58 12 649 68 12 650 6 171 651 5 171 652 14 171 653 16 172 654 15 172 655 4 172 656 21 173 657 20 173 658 8 173 659 11 174 660 10 174 661 18 174 662 35 25 663 34 25 664 23 25 665 25 175 666 24 175 667 33 175 668 30 176 669 29 176 670 37 176 671 39 177 672 38 177 673 27 177 674 40 178 675 47 178 676 46 178 677 44 179 678 43 179 679 42 179 680 48 180 681 55 180 682 54 180 683 52 181 684 51 181 685 50 181 686 5 33 687 4 33 688 15 33 689 61 182 690 77 182 691 99 182 692 75 4 693 74 4 694 96 4 695 58 183 696 59 183 697 2 183 698 59 4 699 60 4 700 82 4 701 62 4 702 84 4 703 102 4 704 73 4 705 72 4 706 94 4 707 70 4 708 67 4 709 89 4 710 63 4 711 85 4 712 84 4 713 44 184 714 77 184 715 61 184 716 33 185 717 72 185 718 73 185 719 48 16 720 79 16 721 74 16 722 50 186 723 81 186 724 78 186 725 37 43 726 63 43 727 62 43 728 49 187 729 78 187 730 79 187 731 32 14 732 73 14 733 65 14 734 15 188 735 69 188 736 66 188 737 34 189 738 71 189 739 72 189 740 47 190 741 74 190 742 75 190 743 38 191 744 64 191 745 63 191 746 13 192 747 67 192 748 70 192 749 18 193 750 59 193 751 58 193 752 39 194 753 65 194 754 64 194 755 36 52 756 62 52 757 80 52 758 45 195 759 76 195 760 77 195 761 86 196 762 108 196 763 107 196 764 91 55 765 113 55 766 110 55 767 95 56 768 117 56 769 109 56 770 88 197 771 110 197 772 111 197 773 103 198 774 125 198 775 122 198 776 102 199 777 124 199 778 125 199 779 83 200 780 105 200 781 104 200 782 101 16 783 123 16 784 118 16 785 77 201 786 76 201 787 98 201 788 76 202 789 75 202 790 97 202 791 65 203 792 87 203 793 86 203 794 78 204 795 100 204 796 101 204 797 79 4 798 101 4 799 96 4 800 60 205 801 61 205 802 83 205 803 80 4 804 102 4 805 103 4 806 81 206 807 103 206 808 100 206 809 66 4 810 88 4 811 89 4 812 73 207 813 95 207 814 87 207 815 69 208 816 91 208 817 88 208 818 64 209 819 86 209 820 85 209 821 68 4 822 90 4 823 91 4 824 72 4 825 71 4 826 93 4 827 68 4 828 58 4 829 19 4 830 71 210 831 70 210 832 92 210 833 111 211 834 145 211 835 148 211 836 141 212 837 140 212 838 106 212 839 114 71 840 148 71 841 149 71 842 136 213 843 146 213 844 112 213 845 115 214 846 149 214 847 150 214 848 146 215 849 147 215 850 113 215 851 142 216 852 141 216 853 107 216 854 147 71 855 144 71 856 110 71 857 90 217 858 112 217 859 113 217 860 93 218 861 115 218 862 116 218 863 19 219 864 57 219 865 112 219 866 92 220 867 114 220 868 115 220 869 85 221 870 107 221 871 106 221 872 89 222 873 111 222 874 114 222 875 94 223 876 116 223 877 117 223 878 84 224 879 106 224 880 124 224 881 82 225 882 104 225 883 56 225 884 2 226 885 56 226 886 57 226 887 96 227 888 118 227 889 119 227 890 99 228 891 121 228 892 105 228 893 98 89 894 120 89 895 121 89 896 97 229 897 119 229 898 120 229 899 87 230 900 109 230 901 108 230 902 100 231 903 122 231 904 123 231 905 132 14 906 133 14 907 131 14 908 131 232 909 127 232 910 126 232 911 132 233 912 130 233 913 126 233 914 129 234 915 127 234 916 131 234 917 128 235 918 126 235 919 127 235 920 169 236 921 182 236 922 146 236 923 189 237 924 197 237 925 167 237 926 185 238 927 186 238 928 150 238 929 182 239 930 183 239 931 147 239 932 178 240 933 176 240 934 141 240 935 183 102 936 180 102 937 144 102 938 197 241 939 196 241 940 166 241 941 187 104 942 179 104 943 143 104 944 116 242 945 150 242 946 151 242 947 140 243 948 158 243 949 124 243 950 104 71 951 138 71 952 137 71 953 56 71 954 137 71 955 136 71 956 118 244 957 152 244 958 153 244 959 121 245 960 155 245 961 139 245 962 120 246 963 154 246 964 155 246 965 119 247 966 153 247 967 154 247 968 143 248 969 142 248 970 108 248 971 156 71 972 157 71 973 123 71 974 157 71 975 152 71 976 118 71 977 105 71 978 139 71 979 138 71 980 158 71 981 159 71 982 125 71 983 159 249 984 156 249 985 122 249 986 144 250 987 145 250 988 111 250 989 117 71 990 151 71 991 143 71 992 165 71 993 163 71 994 156 71 995 163 251 996 135 251 997 156 251 998 135 252 999 134 252 1000 157 252 1001 134 71 1002 161 71 1003 164 71 1004 157 71 1005 134 71 1006 152 71 1007 164 71 1008 155 71 1009 154 71 1010 159 253 1011 158 253 1012 165 253 1013 152 254 1014 134 254 1015 153 254 1016 164 255 1017 154 255 1018 153 255 1019 153 256 1020 134 256 1021 164 256 1022 157 71 1023 156 71 1024 135 71 1025 180 257 1026 181 257 1027 145 257 1028 166 258 1029 162 258 1030 134 258 1031 134 259 1032 135 259 1033 166 259 1034 135 71 1035 160 71 1036 167 71 1037 193 260 1038 174 260 1039 177 260 1040 174 261 1041 176 261 1042 177 261 1043 176 262 1044 178 262 1045 177 262 1046 184 263 1047 181 263 1048 196 263 1049 181 71 1050 180 71 1051 196 71 1052 180 71 1053 183 71 1054 168 71 1055 183 71 1056 182 71 1057 168 71 1058 182 264 1059 169 264 1060 168 264 1061 168 71 1062 192 71 1063 180 71 1064 192 265 1065 196 265 1066 180 265 1067 197 71 1068 189 71 1069 185 71 1070 189 266 1071 177 266 1072 185 266 1073 177 267 1074 179 267 1075 187 267 1076 177 71 1077 187 71 1078 186 71 1079 185 71 1080 177 71 1081 186 71 1082 196 268 1083 197 268 1084 184 268 1085 192 71 1086 168 71 1087 191 71 1088 168 71 1089 170 71 1090 172 71 1091 171 71 1092 168 71 1093 172 71 1094 190 71 1095 175 71 1096 174 71 1097 174 269 1098 193 269 1099 195 269 1100 194 71 1101 191 71 1102 171 71 1103 171 270 1104 173 270 1105 188 270 1106 194 271 1107 188 271 1108 155 271 1109 184 272 1110 185 272 1111 149 272 1112 176 273 1113 175 273 1114 140 273 1115 192 274 1116 191 274 1117 161 274 1118 181 131 1119 184 131 1120 148 131 1121 191 275 1122 194 275 1123 164 275 1124 186 276 1125 187 276 1126 151 276 1127 175 277 1128 190 277 1129 158 277 1130 172 135 1131 170 135 1132 137 135 1133 170 278 1134 169 278 1135 136 278 1136 195 279 1137 193 279 1138 163 279 1139 188 280 1140 173 280 1141 139 280 1142 190 281 1143 195 281 1144 165 281 1145 179 282 1146 178 282 1147 142 282 1148 193 283 1149 189 283 1150 160 283 1151 173 284 1152 172 284 1153 138 284 1154 196 285 1155 192 285 1156 162 285 1157</p>
        </triangles>
      </mesh>
    </geometry>
    <geometry id="Cylinder_121-mesh" name="Cylinder.121">
      <mesh>
        <source id="Cylinder_121-mesh-positions">
          <float_array id="Cylinder_121-mesh-positions-array" count="570">13.05132 0 16.8458 13.05132 0 48.74721 12.78684 -2.685337 16.8458 12.78684 -2.685337 48.74721 12.00356 -5.267479 16.8458 12.00356 -5.267479 48.74721 10.73157 -7.647197 16.8458 10.73157 -7.647197 48.74721 9.019768 -9.733036 16.8458 9.019768 -9.733036 48.74721 6.933928 -11.44484 16.8458 6.933929 -11.44484 48.74721 4.554211 -12.71683 16.8458 4.554211 -12.71683 48.74721 1.972067 -13.50011 16.8458 1.972067 -13.50011 48.74721 -0.713273 -13.76459 16.8458 -0.713273 -13.76459 48.74721 -3.398613 -13.50011 16.8458 -3.398613 -13.50011 48.74721 -5.980756 -12.71682 16.8458 -5.980756 -12.71682 48.74721 -8.360473 -11.44483 16.8458 -8.360473 -11.44483 48.74721 -10.44631 -9.733031 16.8458 -10.44631 -9.733031 48.74721 -12.15812 -7.64719 16.8458 -12.15811 -7.64719 48.74721 -13.4301 -5.267471 16.8458 -13.4301 -5.267471 48.74721 -14.21338 -2.685327 16.8458 -14.21338 -2.685327 48.74721 -14.47786 0 16.8458 -14.47786 0 48.74721 8.57586 0 16.8458 8.397372 -1.812216 16.8458 7.868767 -3.554793 16.8458 7.01036 -5.160761 16.8458 5.855137 -6.568404 16.8458 4.447494 -7.723626 16.8458 2.841526 -8.582035 16.8458 1.098949 -9.110638 16.8458 -0.713271 -9.289126 16.8458 -2.525491 -9.110637 16.8458 -4.268067 -8.582033 16.8458 -5.874035 -7.723623 16.8458 -7.281677 -6.568399 16.8458 -8.436901 -5.160756 16.8458 -9.295308 -3.554786 16.8458 -9.82391 -1.81221 16.8458 -10.0024 0 16.8458 8.57586 0 22.17479 8.397372 -1.812216 22.17479 7.868767 -3.554793 22.17479 7.01036 -5.160761 22.17479 5.855138 -6.568404 22.17479 4.447494 -7.723626 22.17479 2.841526 -8.582035 22.17479 1.098949 -9.110638 22.17479 -0.7132706 -9.289126 22.17479 -2.52549 -9.110637 22.17479 -4.268067 -8.582033 22.17479 -5.874035 -7.723623 22.17479 -7.281676 -6.568399 22.17479 -8.4369 -5.160756 22.17479 -9.295307 -3.554786 22.17479 -9.823908 -1.81221 22.17479 -10.00239 0 22.17479 12.78684 -2.685337 12.95004 12.00356 -5.267479 12.95004 10.73157 -7.647197 12.95004 9.019768 -9.733036 12.95004 6.933928 -11.44484 12.95004 4.55421 -12.71683 12.95004 1.972067 -13.50011 12.95004 -0.7132733 -13.76459 12.95004 -3.398613 -13.50011 12.95004 -5.980756 -12.71682 12.95004 -8.360473 -11.44483 12.95004 -10.44631 -9.733031 12.95004 -12.15811 -7.64719 12.95004 -13.4301 -5.267471 12.95004 -14.21338 -2.685327 12.95004 -14.47786 0 12.95004 8.397372 -1.812216 12.95004 7.868767 -3.554793 12.95004 7.01036 -5.160761 12.95004 5.855137 -6.568404 12.95004 4.447494 -7.723626 12.95004 2.841526 -8.582035 12.95004 1.098948 -9.110638 12.95004 -0.7132713 -9.289126 12.95004 -2.525491 -9.110637 12.95004 -4.268067 -8.582033 12.95004 -5.874036 -7.723623 12.95004 -7.281677 -6.568399 12.95004 -8.4369 -5.160756 12.95004 -9.295306 -3.554786 12.95004 -9.823908 -1.81221 12.95004 -10.00239 0 12.95004 12.78684 2.685337 16.8458 12.78684 2.685337 48.74721 12.00356 5.267479 16.8458 12.00356 5.267479 48.74721 10.73157 7.647197 16.8458 10.73157 7.647197 48.74721 9.019768 9.733036 16.8458 9.019768 9.733036 48.74721 6.933928 11.44484 16.8458 6.933929 11.44484 48.74721 4.554211 12.71683 16.8458 4.554211 12.71683 48.74721 1.972067 13.50011 16.8458 1.972067 13.50011 48.74721 -0.713273 13.76459 16.8458 -0.713273 13.76459 48.74721 -3.398613 13.50011 16.8458 -3.398613 13.50011 48.74721 -5.980756 12.71682 16.8458 -5.980756 12.71682 48.74721 -8.360473 11.44483 16.8458 -8.360473 11.44483 48.74721 -10.44631 9.733031 16.8458 -10.44631 9.733031 48.74721 -12.15812 7.64719 16.8458 -12.15811 7.64719 48.74721 -13.4301 5.267471 16.8458 -13.4301 5.267471 48.74721 -14.21338 2.685327 16.8458 -14.21338 2.685327 48.74721 8.397372 1.812216 16.8458 7.868767 3.554793 16.8458 7.01036 5.160761 16.8458 5.855137 6.568404 16.8458 4.447494 7.723626 16.8458 2.841526 8.582035 16.8458 1.098949 9.110638 16.8458 -0.713271 9.289126 16.8458 -2.525491 9.110637 16.8458 -4.268067 8.582033 16.8458 -5.874035 7.723623 16.8458 -7.281677 6.568399 16.8458 -8.436901 5.160756 16.8458 -9.295308 3.554786 16.8458 -9.82391 1.81221 16.8458 8.397372 1.812216 22.17479 7.868767 3.554793 22.17479 7.01036 5.160761 22.17479 5.855138 6.568404 22.17479 4.447494 7.723626 22.17479 2.841526 8.582035 22.17479 1.098949 9.110638 22.17479 -0.7132706 9.289126 22.17479 -2.52549 9.110637 22.17479 -4.268067 8.582033 22.17479 -5.874035 7.723623 22.17479 -7.281676 6.568399 22.17479 -8.4369 5.160756 22.17479 -9.295307 3.554786 22.17479 -9.823908 1.81221 22.17479 12.78684 2.685337 12.95004 12.00356 5.267479 12.95004 10.73157 7.647197 12.95004 9.019768 9.733036 12.95004 6.933928 11.44484 12.95004 4.55421 12.71683 12.95004 1.972067 13.50011 12.95004 -0.7132733 13.76459 12.95004 -3.398613 13.50011 12.95004 -5.980756 12.71682 12.95004 -8.360473 11.44483 12.95004 -10.44631 9.733031 12.95004 -12.15811 7.64719 12.95004 -13.4301 5.267471 12.95004 -14.21338 2.685327 12.95004 8.397372 1.812216 12.95004 7.868767 3.554793 12.95004 7.01036 5.160761 12.95004 5.855137 6.568404 12.95004 4.447494 7.723626 12.95004 2.841526 8.582035 12.95004 1.098948 9.110638 12.95004 -0.7132713 9.289126 12.95004 -2.525491 9.110637 12.95004 -4.268067 8.582033 12.95004 -5.874036 7.723623 12.95004 -7.281677 6.568399 12.95004 -8.4369 5.160756 12.95004 -9.295306 3.554786 12.95004 -9.823908 1.81221 12.95004</float_array>
          <technique_common>
            <accessor source="#Cylinder_121-mesh-positions-array" count="190" stride="3">
              <param name="X" type="float"/>
              <param name="Y" type="float"/>
              <param name="Z" type="float"/>
            </accessor>
          </technique_common>
        </source>
        <source id="Cylinder_121-mesh-normals">
          <float_array id="Cylinder_121-mesh-normals-array" count="567">0.727881 0 0.6857035 0.9531693 0.09277772 -0.2878552 0.727881 0 -0.6857035 0.7138987 -0.1420046 0.6856992 0.7409828 -0.6066971 -0.2878599 0.6724823 -0.2785453 0.6856969 0.9161291 -0.2790077 -0.2878583 0.6052222 -0.4043767 0.6857008 0.4523932 -0.8440829 -0.2878617 0.4043767 -0.6052222 0.6857008 0.7396072 -0.6083737 -0.287859 0.2785453 -0.6724823 0.6856969 0.09491437 -0.9529587 -0.2878561 0.4504911 -0.8451019 -0.2878553 0.1419746 -0.7139018 0.6857022 -0.2769576 -0.9167526 -0.2878528 0 -0.727881 0.6857035 0.09277772 -0.9531693 -0.2878552 -0.1419746 -0.7139018 0.6857022 -0.6066971 -0.7409828 -0.2878599 -0.2785453 -0.6724823 0.6856969 -0.2790077 -0.9161291 -0.2878583 -0.4043767 -0.6052222 0.6857008 -0.8440829 -0.4523932 -0.2878617 -0.5147049 -0.5146744 0.6857035 -0.6083737 -0.7396072 -0.287859 -0.6724823 -0.2785453 0.6856969 -0.9529587 -0.09491437 -0.2878561 -0.8451019 -0.4504911 -0.2878553 -0.7138987 -0.1420046 0.6856992 -0.9698673 0.2436341 0 -0.727881 0 0.6857035 -0.3273771 0.8902081 -0.316787 0.1420046 0.7138987 -0.6856992 0 0.727881 -0.6857035 0.9220709 0.2223309 -0.3167873 0.3979669 0.8609697 -0.3167865 0.03817892 0.9477289 -0.3167845 -0.7412838 -0.3505755 -0.5723593 0.4947794 0.8092201 -0.3167906 0.6586397 -0.4884634 -0.5723612 -0.8092201 0.4947794 -0.3167906 0.7033449 0.4215614 -0.5723566 -0.4178159 0.697072 -0.5826838 -0.2223309 0.9220709 -0.3167873 -0.8609697 0.3979669 -0.3167865 -0.6836101 0 -0.7298474 0.6971532 0.6431339 -0.3167907 -0.683602 0.3434643 -0.643988 -0.4884634 -0.6586397 -0.5723612 -0.7720769 0.27623 -0.5723587 -0.6431339 0.6971532 -0.3167907 0.1974612 0.7883495 -0.5826784 -0.5582836 0.7667892 -0.3167869 -0.9477289 0.03817892 -0.3167845 -0.727881 0 -0.6857035 0.5146825 0.5146825 -0.6857143 0.2785453 0.6724823 -0.6856969 0.4043767 0.6052222 -0.6857008 0.7667892 0.5582836 -0.3167869 0.6052222 0.4043767 -0.6857008 0.6724823 0.2785453 -0.6856969 0.7138987 0.1420046 -0.6856992 -0.7138987 0.1420046 -0.6856992 0.9369714 -0.1474079 -0.3167898 -0.6724823 0.2785453 -0.6856969 -0.5146825 0.5146825 -0.6857143 -0.6052029 0.4043841 -0.6857135 -0.4043767 0.6052222 -0.6857008 -0.2785453 0.6724823 -0.6856969 -0.1420046 0.7138987 -0.6856992 0.1474079 0.9369714 -0.3167898 -0.6021769 0.5457772 -0.582675 0.4841259 0.6527749 -0.5826724 0.04022443 -0.819016 -0.572359 -0.119239 0.8039101 -0.5826753 0.811134 0.1203059 -0.5723534 0.7883495 -0.1974612 -0.5826784 -0.1992312 -0.7954295 -0.5723626 0.697072 0.4178159 -0.5826838 0.4215614 -0.7033449 -0.5723566 0.7954295 -0.1992312 -0.5723626 -0.7651914 0.2737928 -0.5826832 -0.7346732 -0.3474682 -0.5826845 0.6465421 0.3248122 -0.6902756 0.6527749 -0.4841259 -0.5826724 -0.819016 -0.04022443 -0.572359 0.8039101 0.119239 -0.5826753 0.1203059 -0.811134 -0.5723534 -0.27623 -0.7720769 -0.5723587 0.3505755 -0.7412838 -0.5723593 -0.5506887 -0.6075765 -0.5723573 -0.8117257 -0.03985834 -0.5826772 0.9698673 0.2436341 0 -0.3474682 0.7346732 -0.5826845 -0.03985834 0.8117257 -0.5826772 0.2737928 0.7651914 -0.5826832 0.9531693 -0.09277772 -0.2878552 0.7409828 0.6066971 -0.2878599 0.7138987 0.1420046 0.6856992 0.9161291 0.2790077 -0.2878583 0.6724823 0.2785453 0.6856969 0.4523932 0.8440829 -0.2878617 0.6052222 0.4043767 0.6857008 0.4043767 0.6052222 0.6857008 0.5146825 0.5146825 0.6857143 0.7396072 0.6083737 -0.287859 0.2785453 0.6724823 0.6856969 0.4504911 0.8451019 -0.2878553 0.09491437 0.9529587 -0.2878561 -0.2769576 0.9167526 -0.2878528 0.1420046 0.7138987 0.6856992 0.09277772 0.9531693 -0.2878552 0 0.727881 0.6857035 -0.6066971 0.7409828 -0.2878599 -0.1420046 0.7138987 0.6856992 -0.2790077 0.9161291 -0.2878583 -0.2785453 0.6724823 0.6856969 -0.8440829 0.4523932 -0.2878617 -0.4043767 0.6052222 0.6857008 -0.6083737 0.7396072 -0.287859 -0.5147049 0.5146744 0.6857035 -0.6724823 0.2785453 0.6856969 -0.6052222 0.4043767 0.6857008 -0.8451019 0.4504911 -0.2878553 -0.9529587 0.09491437 -0.2878561 -0.7138987 0.1420046 0.6856992 -0.3273771 -0.8902081 -0.316787 0.1420046 -0.7138987 -0.6856992 0.4947794 -0.8092201 -0.3167906 0.9220709 -0.2223309 -0.3167873 -0.7412838 0.3505755 -0.5723593 0.03817892 -0.9477289 -0.3167845 0.6586397 0.4884634 -0.5723612 -0.8092201 -0.4947794 -0.3167906 0.7033449 -0.4215614 -0.5723566 -0.2223309 -0.9220709 -0.3167873 0.6971532 -0.6431339 -0.3167907 -0.7720769 -0.27623 -0.5723587 -0.6431339 -0.6971532 -0.3167907 0.1974612 -0.7883495 -0.5826784 -0.5582836 -0.7667892 -0.3167869 -0.7138987 -0.1420046 -0.6856992 0.7138987 -0.1420046 -0.6856992 -0.1420046 -0.7138987 -0.6856992 0.2785453 -0.6724823 -0.6856969 0.4043767 -0.6052222 -0.6857008 0.7667892 -0.5582836 -0.3167869 0.5146825 -0.5146825 -0.6857143 0.3979669 -0.8609697 -0.3167865 0.6052222 -0.4043767 -0.6857008 0.6724823 -0.2785453 -0.6856969 0.9369714 0.1474079 -0.3167898 -0.9477289 -0.03817892 -0.3167845 -0.6724963 -0.2785511 -0.6856807 -0.5146825 -0.5146825 -0.6857143 -0.8609697 -0.3979669 -0.3167865 -0.4043767 -0.6052222 -0.6857008 -0.2785453 -0.6724823 -0.6856969 0.1474079 -0.9369714 -0.3167898 0 -0.727881 -0.6857035 -0.6021769 -0.5457772 -0.582675 -0.5506887 0.6075765 -0.5723573 -0.119239 -0.8039101 -0.5826753 0.04022443 0.819016 -0.572359 0.811134 -0.1203059 -0.5723534 0.7883495 0.1974612 -0.5826784 -0.1992312 0.7954295 -0.5723626 0.697072 -0.4178159 -0.5826838 0.4215614 0.7033449 -0.5723566 0.7954295 0.1992312 -0.5723626 -0.7651914 -0.2737928 -0.5826832 -0.27623 0.7720769 -0.5723587 -0.7346732 0.3474682 -0.5826845 0.3505755 0.7412838 -0.5723593 -0.4884634 0.6586397 -0.5723612 0.8039101 -0.119239 -0.5826753 -0.819016 0.04022443 -0.572359 0.1203059 0.811134 -0.5723534 0.4841259 -0.6527749 -0.5826724 -0.8117257 0.03985834 -0.5826772 -0.3474682 -0.7346732 -0.5826845 0.2737928 -0.7651914 -0.5826832 0.5146825 -0.5146825 0.6857143 -0.6052222 -0.4043767 0.6857008 -0.4178159 -0.697072 -0.5826838 -0.6052222 -0.4043767 -0.6857008 0.6527749 0.4841259 -0.5826724 -0.03985834 -0.8117257 -0.5826772</float_array>
          <technique_common>
            <accessor source="#Cylinder_121-mesh-normals-array" count="189" stride="3">
              <param name="X" type="float"/>
              <param name="Y" type="float"/>
              <param name="Z" type="float"/>
            </accessor>
          </technique_common>
        </source>
        <source id="Cylinder_121-mesh-map-0">
          <float_array id="Cylinder_121-mesh-map-0-array" count="2268">0.327623 0.9051358 0.3121201 0.8097136 0.327623 0.8097136 0.3121202 0.9051358 0.2974702 0.8097136 0.3121201 0.8097136 0.2974702 0.9051358 0.2842359 0.8097136 0.2974702 0.8097136 0.2842359 0.9051358 0.2729261 0.8097136 0.2842359 0.8097136 0.8304198 0.4574912 0.8175141 0.5529134 0.8175141 0.4574912 0.8175141 0.4574912 0.8030911 0.5529134 0.8030911 0.4574912 0.8030911 0.5529134 0.7877051 0.4574912 0.8030911 0.4574912 0.7877051 0.5529134 0.7719475 0.4574912 0.7877051 0.4574912 0.7719475 0.5529134 0.7564235 0.4574912 0.7719475 0.4574912 0.7564235 0.5529134 0.7417301 0.4574912 0.7564235 0.4574912 0.7417301 0.5529134 0.7284317 0.4574912 0.7417301 0.4574912 0.4905311 0.8864544 0.478822 0.7910323 0.4905311 0.7910323 0.478822 0.8864544 0.4652794 0.7910323 0.478822 0.7910323 0.4652794 0.7910323 0.4504238 0.8864544 0.4504238 0.7910323 0.4504238 0.8864544 0.4348261 0.7910323 0.4504238 0.7910323 0.4348261 0.8864544 0.4190858 0.7910323 0.4348261 0.7910323 0.9048289 0.5890982 0.9354796 0.7438948 0.8553855 0.6634517 0.7873739 0.9073572 0.8033013 0.8968452 0.8033013 0.9073572 0.111987 0.9545713 0.0988717 0.9285585 0.1094917 0.9285585 0.007532596 0.963107 0.01917636 0.9855087 0.007532596 0.9855087 0.4864385 0.9787002 0.4732572 0.9527276 0.4838936 0.9527277 0.7719475 0.4574912 0.7877051 0.4458384 0.7877051 0.4574912 0.9466897 0.9865695 0.9583334 0.9612632 0.9583334 0.9865695 0.8553855 0.9301906 0.8686355 0.9561859 0.8580085 0.9561859 0.928623 0.2262837 0.9418071 0.2523193 0.9311965 0.2523193 0.2886508 0.9202129 0.2754502 0.9462454 0.2729261 0.9202129 0.4348261 0.7910323 0.4190858 0.7793794 0.4348261 0.7793794 0.3037161 0.9613198 0.3153598 0.9860498 0.3037161 0.9860498 0.8861979 0.9561784 0.8994456 0.9301905 0.9019496 0.9561784 0.5762906 0.9784352 0.5894554 0.9524595 0.5920497 0.9784352 0.8183666 0.9613716 0.8300104 0.984259 0.8183666 0.984259 0.03832763 0.9220058 0.05155897 0.948026 0.04094207 0.948026 0.2047001 0.8968205 0.1505759 0.8425082 0.1664285 0.8041135 0.7873739 0.8968452 0.8033013 0.8868629 0.8033013 0.8968452 0.7873739 0.8868629 0.8033013 0.8777938 0.8033013 0.8868629 0.7873739 0.8777938 0.8033013 0.8699864 0.8033013 0.8777938 0.6772038 0.2082698 0.6612764 0.217032 0.6612764 0.2082698 0.6772038 0.217032 0.6612764 0.2268052 0.6612764 0.217032 0.7560932 0.2185885 0.7401658 0.2082699 0.7560932 0.2082698 0.6772038 0.2268052 0.6612764 0.2372137 0.6612764 0.2268052 0.7560932 0.2281984 0.7401658 0.2185885 0.7560932 0.2185885 0.6772038 0.2372137 0.6612764 0.2478576 0.6612764 0.2372137 0.7560932 0.2367304 0.7401658 0.2281984 0.7560932 0.2281984 0.7873739 0.9538789 0.8033013 0.9466426 0.8033013 0.9538789 0.7873739 0.9466426 0.8033013 0.9380222 0.8033013 0.9466426 0.7873739 0.9380222 0.8033013 0.928349 0.8033013 0.9380222 0.7873739 0.928349 0.8033013 0.9179947 0.8033013 0.928349 0.7873739 0.9179947 0.8033013 0.9073572 0.8033013 0.9179947 0.187308 0.9789828 0.1741008 0.9530112 0.1847376 0.9530112 0.3612947 0.9287009 0.3481789 0.954709 0.3455553 0.9287009 0.007532596 0.94803 0.02075672 0.9220058 0.02326238 0.94803 0.5454678 0.9784378 0.5587037 0.9524595 0.5612253 0.9784378 0.5290492 0.9732005 0.5158048 0.9472165 0.5264365 0.9472165 0.3037161 0.9202129 0.3169258 0.9462428 0.3063129 0.9462428 0.1872686 0.9379341 0.1741105 0.9118975 0.1847208 0.9118975 0.3921043 0.9287009 0.3788548 0.954701 0.3763599 0.9287009 0.9505448 0.718076 0.9621887 0.7434729 0.9505449 0.7434729 0.7417301 0.4574912 0.7564235 0.4458384 0.7564235 0.4574912 0.70652 0.956591 0.6948763 0.9825637 0.6948763 0.956591 0.7560932 0.2185885 0.767737 0.2281984 0.7560932 0.2281984 0.2729261 0.9613224 0.2845699 0.9846667 0.2729261 0.9846667 0.9702656 0.5364379 0.9819093 0.5623064 0.9702656 0.5623064 0.3455553 0.9697861 0.357199 0.9902549 0.3455553 0.9902549 0.3121201 0.8097136 0.2974702 0.7980608 0.3121201 0.7980608 0.6681672 0.956591 0.679811 0.9825867 0.6681672 0.9825867 0.7873739 0.9538789 0.7757301 0.9466426 0.7873739 0.9466426 0.8454851 0.4458384 0.8571289 0.4719537 0.8454851 0.4719537 0.7873739 0.928349 0.7757301 0.9380222 0.7757301 0.928349 0.478822 0.7910323 0.4905311 0.7793794 0.4905311 0.7910323 0.7873739 0.9073572 0.7757301 0.9179947 0.7757301 0.9073572 0.1351629 0.9696483 0.1235191 0.9907073 0.1235191 0.9696483 0.2729261 0.8097136 0.2842359 0.7980608 0.2842359 0.8097136 0.7873739 0.9747181 0.7757301 0.9538789 0.7873739 0.9538789 0.7873739 0.8968452 0.7757301 0.8868629 0.7873739 0.8868629 0.03832763 0.9858942 0.0499714 0.9631031 0.0499714 0.9858942 0.7873739 0.8699864 0.7757301 0.8504065 0.7873739 0.8504065 0.7873739 0.8699864 0.7757301 0.8777938 0.7757301 0.8699864 0.4652794 0.7910323 0.4504238 0.7793794 0.4652794 0.7793794 0.6772038 0.217032 0.6888476 0.2268052 0.6772038 0.2268052 0.9850425 0.9864097 0.9733988 0.9612632 0.9850425 0.9612632 0.8175141 0.4574912 0.8030911 0.4458384 0.8175141 0.4458384 0.6772038 0.2372137 0.6888476 0.2478576 0.6772038 0.2478576 0.3121201 0.8097136 0.327623 0.9051358 0.327623 0.8097136 0.2974702 0.8097136 0.3121202 0.9051358 0.3121201 0.8097136 0.2842359 0.8097136 0.2974702 0.9051358 0.2974702 0.8097136 0.2729261 0.8097136 0.2842359 0.9051358 0.2842359 0.8097136 0.8304198 0.4574912 0.8175141 0.5529134 0.8304198 0.5529134 0.8175141 0.4574912 0.8030911 0.5529134 0.8175141 0.5529134 0.7877051 0.4574912 0.8030911 0.5529134 0.8030911 0.4574912 0.7719475 0.4574912 0.7877051 0.5529134 0.7877051 0.4574912 0.7564235 0.4574912 0.7719475 0.5529134 0.7719475 0.4574912 0.7417301 0.4574912 0.7564235 0.5529134 0.7564235 0.4574912 0.7284317 0.4574912 0.7417301 0.5529134 0.7417301 0.4574912 0.478822 0.7910323 0.4905311 0.8864544 0.4905311 0.7910323 0.4652794 0.7910323 0.478822 0.8864544 0.478822 0.7910323 0.4652794 0.7910323 0.4504238 0.8864544 0.4652794 0.8864544 0.4348261 0.7910323 0.4504238 0.8864544 0.4504238 0.7910323 0.4190858 0.7910323 0.4348261 0.8864544 0.4348261 0.7910323 0.8688838 0.708152 0.8909817 0.7303462 0.919854 0.5845152 0.7873739 0.9073572 0.8033013 0.8968452 0.7873739 0.8968452 0.111987 0.9545713 0.0988717 0.9285585 0.09625035 0.9545713 0.01917636 0.9855087 0.007532596 0.963107 0.007532596 0.9855087 0.4864385 0.9787002 0.4732572 0.9527276 0.4706776 0.9787002 0.7877051 0.4458384 0.7719475 0.4574912 0.7877051 0.4574912 0.9466897 0.9865695 0.9583334 0.9612632 0.9466897 0.9612632 0.8553855 0.9301906 0.8686355 0.9561859 0.8711326 0.9301905 0.928623 0.2262837 0.9418071 0.2523193 0.9443458 0.2262837 0.2754502 0.9462454 0.2886508 0.9202129 0.2729261 0.9202129 0.4348261 0.7910323 0.4190858 0.7793794 0.4190858 0.7910323 0.3153598 0.9860498 0.3037161 0.9613198 0.3037161 0.9860498 0.8994456 0.9301905 0.8861979 0.9561784 0.9019496 0.9561784 0.5894554 0.9524595 0.5762906 0.9784352 0.5920497 0.9784352 0.8300104 0.984259 0.8183666 0.9613716 0.8183666 0.984259 0.03832763 0.9220058 0.05155897 0.948026 0.0540598 0.9220058 0.194141 0.8957752 0.194141 0.7892572 0.1516159 0.8531023 0.7873739 0.8968452 0.8033013 0.8868629 0.7873739 0.8868629 0.7873739 0.8868629 0.8033013 0.8777938 0.7873739 0.8777938 0.7873739 0.8777938 0.8033013 0.8699864 0.7873739 0.8699864 0.6772038 0.2082698 0.6612764 0.217032 0.6772038 0.217032 0.6772038 0.217032 0.6612764 0.2268052 0.6772038 0.2268052 0.7401658 0.2082699 0.7560932 0.2185885 0.7560932 0.2082698 0.6772038 0.2268052 0.6612764 0.2372137 0.6772038 0.2372137 0.7401658 0.2185885 0.7560932 0.2281984 0.7560932 0.2185885 0.6772038 0.2372137 0.6612764 0.2478576 0.6772038 0.2478576 0.7401658 0.2281984 0.7560932 0.2367304 0.7560932 0.2281984 0.7873739 0.9538789 0.8033013 0.9466426 0.7873739 0.9466426 0.7873739 0.9466426 0.8033013 0.9380222 0.7873739 0.9380222 0.7873739 0.9380222 0.8033013 0.928349 0.7873739 0.928349 0.7873739 0.928349 0.8033013 0.9179947 0.7873739 0.9179947 0.7873739 0.9179947 0.8033013 0.9073572 0.7873739 0.9073572 0.187308 0.9789828 0.1741008 0.9530112 0.1715465 0.9789828 0.3481789 0.954709 0.3612947 0.9287009 0.3455553 0.9287009 0.02075672 0.9220058 0.007532596 0.94803 0.02326238 0.94803 0.5587037 0.9524595 0.5454678 0.9784378 0.5612253 0.9784378 0.5290492 0.9732005 0.5158048 0.9472165 0.5132951 0.9732005 0.3037161 0.9202129 0.3169258 0.9462428 0.3194423 0.9202129 0.1872686 0.9379341 0.1741105 0.9118975 0.1715465 0.9379341 0.3788548 0.954701 0.3921043 0.9287009 0.3763599 0.9287009 0.9621887 0.7434729 0.9505448 0.718076 0.9505449 0.7434729 0.7564235 0.4458384 0.7417301 0.4574912 0.7564235 0.4574912 0.70652 0.956591 0.6948763 0.9825637 0.70652 0.9825637 0.767737 0.2281984 0.7560932 0.2185885 0.7560932 0.2281984 0.2845699 0.9846667 0.2729261 0.9613224 0.2729261 0.9846667 0.9819093 0.5623064 0.9702656 0.5364379 0.9702656 0.5623064 0.357199 0.9902549 0.3455553 0.9697861 0.3455553 0.9902549 0.3121201 0.8097136 0.2974702 0.7980608 0.2974702 0.8097136 0.679811 0.9825867 0.6681672 0.956591 0.6681672 0.9825867 0.7757301 0.9466426 0.7873739 0.9538789 0.7873739 0.9466426 0.7873739 0.928349 0.7757301 0.9380222 0.7873739 0.9380222 0.4905311 0.7793794 0.478822 0.7910323 0.4905311 0.7910323 0.7873739 0.9073572 0.7757301 0.9179947 0.7873739 0.9179947 0.1351629 0.9696483 0.1235191 0.9907073 0.1351629 0.9907073 0.2842359 0.7980608 0.2729261 0.8097136 0.2842359 0.8097136 0.7757301 0.9538789 0.7873739 0.9747181 0.7873739 0.9538789 0.7757301 0.8868629 0.7873739 0.8968452 0.7873739 0.8868629 0.03832763 0.9858942 0.0499714 0.9631031 0.03832763 0.9631031 0.7757301 0.8504065 0.7873739 0.8699864 0.7873739 0.8504065 0.7873739 0.8699864 0.7757301 0.8777938 0.7873739 0.8777938 0.4652794 0.7910323 0.4504238 0.7793794 0.4504238 0.7910323 0.6888476 0.2268052 0.6772038 0.217032 0.6772038 0.2268052 0.9733988 0.9612632 0.9850425 0.9864097 0.9850425 0.9612632 0.8175141 0.4574912 0.8030911 0.4458384 0.8030911 0.4574912 0.6888476 0.2478576 0.6772038 0.2372137 0.6772038 0.2478576 0.327623 0.9051358 0.3121202 0.9051358 0.3121201 0.8097136 0.3121202 0.9051358 0.2974702 0.9051358 0.2974702 0.8097136 0.2974702 0.9051358 0.2842359 0.9051358 0.2842359 0.8097136 0.2842359 0.9051358 0.2729261 0.9051358 0.2729261 0.8097136 0.8304198 0.4574912 0.8304198 0.5529134 0.8175141 0.5529134 0.8175141 0.4574912 0.8175141 0.5529134 0.8030911 0.5529134 0.8030911 0.5529134 0.7877051 0.5529134 0.7877051 0.4574912 0.7877051 0.5529134 0.7719475 0.5529134 0.7719475 0.4574912 0.7719475 0.5529134 0.7564235 0.5529134 0.7564235 0.4574912 0.7564235 0.5529134 0.7417301 0.5529134 0.7417301 0.4574912 0.7417301 0.5529134 0.7284317 0.5529134 0.7284317 0.4574912 0.4905311 0.8864544 0.478822 0.8864544 0.478822 0.7910323 0.478822 0.8864544 0.4652794 0.8864544 0.4652794 0.7910323 0.4652794 0.7910323 0.4652794 0.8864544 0.4504238 0.8864544 0.4504238 0.8864544 0.4348261 0.8864544 0.4348261 0.7910323 0.4348261 0.8864544 0.4190859 0.8864544 0.4190858 0.7910323 0.919854 0.5845152 0.9354796 0.5829648 0.9354796 0.7438948 0.9354796 0.7438948 0.9198541 0.742353 0.904829 0.7377781 0.904829 0.7377781 0.8909817 0.7303462 0.8788445 0.7203426 0.8788445 0.7203426 0.8688838 0.708152 0.8553855 0.6634517 0.8688838 0.708152 0.8614823 0.6942427 0.8553855 0.6634517 0.8614823 0.6942427 0.8569245 0.6791493 0.8553855 0.6634517 0.8553855 0.6634517 0.8569245 0.6477534 0.8788445 0.606548 0.8569245 0.6477534 0.8614823 0.6326575 0.8788445 0.606548 0.8614823 0.6326575 0.8688837 0.6187441 0.8788445 0.606548 0.8788445 0.606548 0.8909817 0.5965378 0.9048289 0.5890982 0.9048289 0.5890982 0.919854 0.5845152 0.9354796 0.7438948 0.9354796 0.7438948 0.904829 0.7377781 0.8553855 0.6634517 0.904829 0.7377781 0.8788445 0.7203426 0.8553855 0.6634517 0.8788445 0.606548 0.9048289 0.5890982 0.8553855 0.6634517 0.7873739 0.9073572 0.7873739 0.8968452 0.8033013 0.8968452 0.111987 0.9545713 0.09625035 0.9545713 0.0988717 0.9285585 0.007532596 0.963107 0.01917636 0.963107 0.01917636 0.9855087 0.4864385 0.9787002 0.4706776 0.9787002 0.4732572 0.9527276 0.7719475 0.4574912 0.7719475 0.4458384 0.7877051 0.4458384 0.9466897 0.9865695 0.9466897 0.9612632 0.9583334 0.9612632 0.8553855 0.9301906 0.8711326 0.9301905 0.8686355 0.9561859 0.928623 0.2262837 0.9443458 0.2262837 0.9418071 0.2523193 0.2886508 0.9202129 0.2860621 0.9462454 0.2754502 0.9462454 0.4348261 0.7910323 0.4190858 0.7910323 0.4190858 0.7793794 0.3037161 0.9613198 0.3153598 0.9613198 0.3153598 0.9860498 0.8861979 0.9561784 0.8888155 0.9301905 0.8994456 0.9301905 0.5762906 0.9784352 0.5788203 0.9524595 0.5894554 0.9524595 0.8183666 0.9613716 0.8300104 0.9613716 0.8300104 0.984259 0.03832763 0.9220058 0.0540598 0.9220058 0.05155897 0.948026 0.194141 0.7892572 0.2047001 0.7882157 0.2047001 0.8968205 0.2047001 0.8968205 0.194141 0.8957752 0.1664285 0.8809087 0.194141 0.8957752 0.1839876 0.8926832 0.1664285 0.8809087 0.1839876 0.8926832 0.1746303 0.8876634 0.1664285 0.8809087 0.1664285 0.8809087 0.1596974 0.8726787 0.1546958 0.8632896 0.1546958 0.8632896 0.1516159 0.8531023 0.1664285 0.8809087 0.1516159 0.8531023 0.1505759 0.8425082 0.1664285 0.8809087 0.1505759 0.8425082 0.1516159 0.8319146 0.1664285 0.8041135 0.1516159 0.8319146 0.1546958 0.8217284 0.1664285 0.8041135 0.1546958 0.8217284 0.1596974 0.8123411 0.1664285 0.8041135 0.1664285 0.8041135 0.1746303 0.7973618 0.1839876 0.7923454 0.1839876 0.7923454 0.194141 0.7892572 0.1664285 0.8041135 0.194141 0.7892572 0.2047001 0.8968205 0.1664285 0.8041135 0.2047001 0.8968205 0.1664285 0.8809087 0.1505759 0.8425082 0.7873739 0.8968452 0.7873739 0.8868629 0.8033013 0.8868629 0.7873739 0.8868629 0.7873739 0.8777938 0.8033013 0.8777938 0.7873739 0.8777938 0.7873739 0.8699864 0.8033013 0.8699864 0.6772038 0.2082698 0.6772038 0.217032 0.6612764 0.217032 0.6772038 0.217032 0.6772038 0.2268052 0.6612764 0.2268052 0.7560932 0.2185885 0.7401658 0.2185885 0.7401658 0.2082699 0.6772038 0.2268052 0.6772038 0.2372137 0.6612764 0.2372137 0.7560932 0.2281984 0.7401658 0.2281984 0.7401658 0.2185885 0.6772038 0.2372137 0.6772038 0.2478576 0.6612764 0.2478576 0.7560932 0.2367304 0.7401658 0.2367304 0.7401658 0.2281984 0.7873739 0.9538789 0.7873739 0.9466426 0.8033013 0.9466426 0.7873739 0.9466426 0.7873739 0.9380222 0.8033013 0.9380222 0.7873739 0.9380222 0.7873739 0.928349 0.8033013 0.928349 0.7873739 0.928349 0.7873739 0.9179947 0.8033013 0.9179947 0.7873739 0.9179947 0.7873739 0.9073572 0.8033013 0.9073572 0.187308 0.9789828 0.1715465 0.9789828 0.1741008 0.9530112 0.3612947 0.9287009 0.3588007 0.954709 0.3481789 0.954709 0.007532596 0.94803 0.01014137 0.9220058 0.02075672 0.9220058 0.5454678 0.9784378 0.5480696 0.9524595 0.5587037 0.9524595 0.5290492 0.9732005 0.5132951 0.9732005 0.5158048 0.9472165 0.3037161 0.9202129 0.3194423 0.9202129 0.3169258 0.9462428 0.1872686 0.9379341 0.1715465 0.9379341 0.1741105 0.9118975 0.3921043 0.9287009 0.3894799 0.954701 0.3788548 0.954701 0.9505448 0.718076 0.9621887 0.718076 0.9621887 0.7434729 0.7417301 0.4574912 0.7417301 0.4458384 0.7564235 0.4458384 0.70652 0.956591 0.70652 0.9825637 0.6948763 0.9825637 0.7560932 0.2185885 0.767737 0.2185885 0.767737 0.2281984 0.2729261 0.9613224 0.2845699 0.9613224 0.2845699 0.9846667 0.9702656 0.5364379 0.9819093 0.5364379 0.9819093 0.5623064 0.3455553 0.9697861 0.357199 0.9697861 0.357199 0.9902549 0.3121201 0.8097136 0.2974702 0.8097136 0.2974702 0.7980608 0.6681672 0.956591 0.679811 0.956591 0.679811 0.9825867 0.7873739 0.9538789 0.7757301 0.9538789 0.7757301 0.9466426 0.8454851 0.4458384 0.8571289 0.4458384 0.8571289 0.4719537 0.7873739 0.928349 0.7873739 0.9380222 0.7757301 0.9380222 0.478822 0.7910323 0.478822 0.7793794 0.4905311 0.7793794 0.7873739 0.9073572 0.7873739 0.9179947 0.7757301 0.9179947 0.1351629 0.9696483 0.1351629 0.9907073 0.1235191 0.9907073 0.2729261 0.8097136 0.2729261 0.7980608 0.2842359 0.7980608 0.7873739 0.9747181 0.7757301 0.9747181 0.7757301 0.9538789 0.7873739 0.8968452 0.7757301 0.8968452 0.7757301 0.8868629 0.03832763 0.9858942 0.03832763 0.9631031 0.0499714 0.9631031 0.7873739 0.8699864 0.7757301 0.8699864 0.7757301 0.8504065 0.7873739 0.8699864 0.7873739 0.8777938 0.7757301 0.8777938 0.4652794 0.7910323 0.4504238 0.7910323 0.4504238 0.7793794 0.6772038 0.217032 0.6888476 0.217032 0.6888476 0.2268052 0.9850425 0.9864097 0.9733988 0.9864097 0.9733988 0.9612632 0.8175141 0.4574912 0.8030911 0.4574912 0.8030911 0.4458384 0.6772038 0.2372137 0.6888476 0.2372137 0.6888476 0.2478576 0.3121201 0.8097136 0.3121202 0.9051358 0.327623 0.9051358 0.2974702 0.8097136 0.2974702 0.9051358 0.3121202 0.9051358 0.2842359 0.8097136 0.2842359 0.9051358 0.2974702 0.9051358 0.2729261 0.8097136 0.2729261 0.9051358 0.2842359 0.9051358 0.8304198 0.4574912 0.8175141 0.4574912 0.8175141 0.5529134 0.8175141 0.4574912 0.8030911 0.4574912 0.8030911 0.5529134 0.7877051 0.4574912 0.7877051 0.5529134 0.8030911 0.5529134 0.7719475 0.4574912 0.7719475 0.5529134 0.7877051 0.5529134 0.7564235 0.4574912 0.7564235 0.5529134 0.7719475 0.5529134 0.7417301 0.4574912 0.7417301 0.5529134 0.7564235 0.5529134 0.7284317 0.4574912 0.7284317 0.5529134 0.7417301 0.5529134 0.478822 0.7910323 0.478822 0.8864544 0.4905311 0.8864544 0.4652794 0.7910323 0.4652794 0.8864544 0.478822 0.8864544 0.4652794 0.7910323 0.4504238 0.7910323 0.4504238 0.8864544 0.4348261 0.7910323 0.4348261 0.8864544 0.4504238 0.8864544 0.4190858 0.7910323 0.4190859 0.8864544 0.4348261 0.8864544 0.9354796 0.7438948 0.9354796 0.5829648 0.919854 0.5845152 0.919854 0.5845152 0.9048289 0.5890982 0.8909817 0.5965378 0.8909817 0.5965378 0.8788445 0.606548 0.919854 0.5845152 0.8788445 0.606548 0.8688837 0.6187441 0.919854 0.5845152 0.8688837 0.6187441 0.8614823 0.6326575 0.8569245 0.6477534 0.8569245 0.6477534 0.8553855 0.6634517 0.8569245 0.6791493 0.8569245 0.6791493 0.8614823 0.6942427 0.8688838 0.708152 0.8688838 0.708152 0.8788445 0.7203426 0.8909817 0.7303462 0.8909817 0.7303462 0.904829 0.7377781 0.919854 0.5845152 0.904829 0.7377781 0.9198541 0.742353 0.919854 0.5845152 0.9198541 0.742353 0.9354796 0.7438948 0.919854 0.5845152 0.8688837 0.6187441 0.8569245 0.6477534 0.919854 0.5845152 0.8569245 0.6477534 0.8569245 0.6791493 0.919854 0.5845152 0.8569245 0.6791493 0.8688838 0.708152 0.919854 0.5845152 0.7873739 0.9073572 0.8033013 0.9073572 0.8033013 0.8968452 0.111987 0.9545713 0.1094917 0.9285585 0.0988717 0.9285585 0.01917636 0.9855087 0.01917636 0.963107 0.007532596 0.963107 0.4864385 0.9787002 0.4838936 0.9527277 0.4732572 0.9527276 0.7877051 0.4458384 0.7719475 0.4458384 0.7719475 0.4574912 0.9466897 0.9865695 0.9583334 0.9865695 0.9583334 0.9612632 0.8553855 0.9301906 0.8580085 0.9561859 0.8686355 0.9561859 0.928623 0.2262837 0.9311965 0.2523193 0.9418071 0.2523193 0.2754502 0.9462454 0.2860621 0.9462454 0.2886508 0.9202129 0.4348261 0.7910323 0.4348261 0.7793794 0.4190858 0.7793794 0.3153598 0.9860498 0.3153598 0.9613198 0.3037161 0.9613198 0.8994456 0.9301905 0.8888155 0.9301905 0.8861979 0.9561784 0.5894554 0.9524595 0.5788203 0.9524595 0.5762906 0.9784352 0.8300104 0.984259 0.8300104 0.9613716 0.8183666 0.9613716 0.03832763 0.9220058 0.04094207 0.948026 0.05155897 0.948026 0.2047001 0.8968205 0.2047001 0.7882157 0.194141 0.7892572 0.194141 0.7892572 0.1839876 0.7923454 0.1746303 0.7973618 0.1746303 0.7973618 0.1664285 0.8041135 0.194141 0.7892572 0.1664285 0.8041135 0.1596974 0.8123411 0.194141 0.7892572 0.1596974 0.8123411 0.1546958 0.8217284 0.1516159 0.8319146 0.1516159 0.8319146 0.1505759 0.8425082 0.1516159 0.8531023 0.1516159 0.8531023 0.1546958 0.8632896 0.1596974 0.8726787 0.1596974 0.8726787 0.1664285 0.8809087 0.1746303 0.8876634 0.1746303 0.8876634 0.1839876 0.8926832 0.194141 0.8957752 0.194141 0.8957752 0.2047001 0.8968205 0.194141 0.7892572 0.1596974 0.8123411 0.1516159 0.8319146 0.194141 0.7892572 0.1516159 0.8319146 0.1516159 0.8531023 0.194141 0.7892572 0.1516159 0.8531023 0.1596974 0.8726787 0.1746303 0.8876634 0.1746303 0.8876634 0.194141 0.8957752 0.1516159 0.8531023 0.7873739 0.8968452 0.8033013 0.8968452 0.8033013 0.8868629 0.7873739 0.8868629 0.8033013 0.8868629 0.8033013 0.8777938 0.7873739 0.8777938 0.8033013 0.8777938 0.8033013 0.8699864 0.6772038 0.2082698 0.6612764 0.2082698 0.6612764 0.217032 0.6772038 0.217032 0.6612764 0.217032 0.6612764 0.2268052 0.7401658 0.2082699 0.7401658 0.2185885 0.7560932 0.2185885 0.6772038 0.2268052 0.6612764 0.2268052 0.6612764 0.2372137 0.7401658 0.2185885 0.7401658 0.2281984 0.7560932 0.2281984 0.6772038 0.2372137 0.6612764 0.2372137 0.6612764 0.2478576 0.7401658 0.2281984 0.7401658 0.2367304 0.7560932 0.2367304 0.7873739 0.9538789 0.8033013 0.9538789 0.8033013 0.9466426 0.7873739 0.9466426 0.8033013 0.9466426 0.8033013 0.9380222 0.7873739 0.9380222 0.8033013 0.9380222 0.8033013 0.928349 0.7873739 0.928349 0.8033013 0.928349 0.8033013 0.9179947 0.7873739 0.9179947 0.8033013 0.9179947 0.8033013 0.9073572 0.187308 0.9789828 0.1847376 0.9530112 0.1741008 0.9530112 0.3481789 0.954709 0.3588007 0.954709 0.3612947 0.9287009 0.02075672 0.9220058 0.01014137 0.9220058 0.007532596 0.94803 0.5587037 0.9524595 0.5480696 0.9524595 0.5454678 0.9784378 0.5290492 0.9732005 0.5264365 0.9472165 0.5158048 0.9472165 0.3037161 0.9202129 0.3063129 0.9462428 0.3169258 0.9462428 0.1872686 0.9379341 0.1847208 0.9118975 0.1741105 0.9118975 0.3788548 0.954701 0.3894799 0.954701 0.3921043 0.9287009 0.9621887 0.7434729 0.9621887 0.718076 0.9505448 0.718076 0.7564235 0.4458384 0.7417301 0.4458384 0.7417301 0.4574912 0.70652 0.956591 0.6948763 0.956591 0.6948763 0.9825637 0.767737 0.2281984 0.767737 0.2185885 0.7560932 0.2185885 0.2845699 0.9846667 0.2845699 0.9613224 0.2729261 0.9613224 0.9819093 0.5623064 0.9819093 0.5364379 0.9702656 0.5364379 0.357199 0.9902549 0.357199 0.9697861 0.3455553 0.9697861 0.3121201 0.8097136 0.3121201 0.7980608 0.2974702 0.7980608 0.679811 0.9825867 0.679811 0.956591 0.6681672 0.956591 0.7757301 0.9466426 0.7757301 0.9538789 0.7873739 0.9538789 0.7873739 0.928349 0.7757301 0.928349 0.7757301 0.9380222 0.4905311 0.7793794 0.478822 0.7793794 0.478822 0.7910323 0.7873739 0.9073572 0.7757301 0.9073572 0.7757301 0.9179947 0.1351629 0.9696483 0.1235191 0.9696483 0.1235191 0.9907073 0.2842359 0.7980608 0.2729261 0.7980608 0.2729261 0.8097136 0.7757301 0.9538789 0.7757301 0.9747181 0.7873739 0.9747181 0.7757301 0.8868629 0.7757301 0.8968452 0.7873739 0.8968452 0.03832763 0.9858942 0.0499714 0.9858942 0.0499714 0.9631031 0.7757301 0.8504065 0.7757301 0.8699864 0.7873739 0.8699864 0.7873739 0.8699864 0.7757301 0.8699864 0.7757301 0.8777938 0.4652794 0.7910323 0.4652794 0.7793794 0.4504238 0.7793794 0.6888476 0.2268052 0.6888476 0.217032 0.6772038 0.217032 0.9733988 0.9612632 0.9733988 0.9864097 0.9850425 0.9864097 0.8175141 0.4574912 0.8175141 0.4458384 0.8030911 0.4458384 0.6888476 0.2478576 0.6888476 0.2372137 0.6772038 0.2372137</float_array>
          <technique_common>
            <accessor source="#Cylinder_121-mesh-map-0-array" count="1134" stride="2">
              <param name="S" type="float"/>
              <param name="T" type="float"/>
            </accessor>
          </technique_common>
        </source>
        <vertices id="Cylinder_121-mesh-vertices">
          <input semantic="POSITION" source="#Cylinder_121-mesh-positions"/>
        </vertices>
        <triangles material="Material_001-material" count="378">
          <input semantic="VERTEX" source="#Cylinder_121-mesh-vertices" offset="0"/>
          <input semantic="NORMAL" source="#Cylinder_121-mesh-normals" offset="1"/>
          <input semantic="TEXCOORD" source="#Cylinder_121-mesh-map-0" offset="2" set="0"/>
          <p>1 0 0 2 1 1 0 2 2 3 3 3 4 4 4 2 1 5 5 5 6 6 6 7 4 4 8 7 7 9 8 8 10 6 6 11 8 8 12 11 9 13 10 10 14 10 10 15 13 11 16 12 12 17 13 11 18 14 13 19 12 12 20 15 14 21 16 15 22 14 13 23 17 16 24 18 17 25 16 15 26 19 18 27 20 19 28 18 17 29 21 20 30 22 21 31 20 19 32 23 22 33 24 23 34 22 21 35 25 24 36 26 25 37 24 23 38 26 25 39 29 26 40 28 27 41 29 26 42 30 28 43 28 27 44 31 29 45 32 30 46 30 28 47 5 5 48 33 31 49 17 16 50 42 32 51 60 33 52 59 34 53 24 23 54 47 35 55 46 36 56 44 37 57 77 38 58 20 19 59 16 15 60 43 39 61 42 32 62 16 15 63 74 40 64 14 13 65 35 41 66 68 42 67 84 43 68 8 8 69 39 44 70 38 45 71 0 2 72 35 41 73 34 46 74 30 28 75 48 47 76 28 27 77 30 28 78 83 48 79 82 49 80 48 47 81 81 50 82 28 27 83 22 21 84 44 37 85 20 19 86 14 13 87 40 51 88 12 12 89 10 10 90 88 52 91 39 44 92 4 4 93 37 53 94 36 54 95 51 55 96 59 34 97 63 56 98 43 39 99 61 57 100 60 33 101 44 37 102 62 58 103 61 57 104 45 59 105 63 56 106 62 58 107 46 36 108 64 60 109 63 56 110 47 35 111 65 61 112 64 60 113 35 41 114 51 55 115 34 46 116 48 47 117 66 62 118 65 61 119 36 54 120 52 63 121 35 41 122 49 64 123 67 2 124 66 62 125 37 53 126 53 65 127 36 54 128 37 53 129 55 66 130 54 67 131 38 45 132 56 68 133 55 66 134 39 44 135 57 69 136 56 68 137 40 51 138 58 70 139 57 69 140 41 71 141 59 34 142 58 70 143 74 40 144 91 72 145 90 73 146 71 74 147 86 75 148 70 76 149 81 50 150 96 77 151 80 78 152 77 38 153 92 79 154 76 80 155 72 81 156 89 82 157 88 52 158 68 42 159 85 83 160 84 43 161 82 49 162 99 84 163 98 85 164 79 86 165 94 87 166 78 88 167 40 51 168 73 89 169 12 12 170 20 19 171 76 80 172 18 17 173 49 64 174 82 49 175 98 85 176 35 41 177 85 83 178 36 54 179 36 54 180 69 90 181 4 4 182 42 32 183 75 91 184 16 15 185 22 21 186 94 87 187 45 59 188 2 1 189 69 90 190 68 42 191 14 13 192 90 73 193 41 71 194 37 53 195 87 92 196 38 45 197 50 93 198 83 48 199 32 30 200 40 51 201 88 52 202 89 82 203 24 23 204 78 88 205 22 21 206 42 32 207 90 73 208 91 72 209 8 8 210 87 92 211 71 74 212 8 8 213 70 76 214 6 6 215 6 6 216 86 75 217 37 53 218 43 39 219 93 94 220 44 37 221 47 35 222 80 78 223 96 77 224 46 36 225 79 86 226 24 23 227 46 36 228 94 87 229 95 95 230 26 25 231 81 50 232 80 78 233 47 35 234 97 96 235 48 47 236 18 17 237 92 79 238 43 39 239 10 10 240 73 89 241 72 81 242 49 64 243 99 84 244 50 93 245 100 97 246 1 0 247 0 2 248 102 98 249 101 99 250 100 97 251 104 100 252 103 101 253 102 98 254 106 102 255 105 103 256 104 100 257 106 102 258 109 104 259 107 105 260 108 106 261 111 107 262 109 104 263 112 108 264 111 107 265 110 109 266 114 110 267 113 111 268 112 108 269 116 112 270 115 113 271 114 110 272 118 114 273 117 115 274 116 112 275 120 116 276 119 117 277 118 114 278 122 118 279 121 119 280 120 116 281 124 120 282 123 121 283 122 118 284 124 120 285 127 122 286 125 123 287 128 124 288 127 122 289 126 125 290 32 30 291 129 126 292 128 124 293 121 119 294 125 123 295 101 99 296 137 127 297 153 128 298 138 129 299 122 118 300 142 130 301 124 120 302 169 131 303 139 132 304 118 114 305 114 110 306 138 129 307 116 112 308 166 133 309 114 110 310 112 108 311 130 134 312 160 135 313 100 97 314 106 102 315 134 136 316 108 106 317 0 2 318 130 134 319 100 97 320 143 137 321 128 124 322 126 125 323 128 124 324 83 48 325 32 30 326 173 138 327 143 137 328 126 125 329 139 132 330 120 116 331 118 114 332 135 139 333 112 108 334 110 109 335 179 140 336 108 106 337 134 136 338 102 98 339 132 141 340 104 100 341 145 142 342 159 143 343 151 144 344 138 129 345 154 145 346 139 132 347 139 132 348 155 146 349 140 147 350 140 147 351 156 148 352 141 149 353 141 149 354 157 150 355 142 130 356 142 130 357 158 151 358 143 137 359 51 55 360 130 134 361 34 46 362 143 137 363 159 143 364 144 152 365 145 142 366 131 153 367 130 134 368 144 152 369 67 2 370 50 93 371 146 154 372 132 141 373 131 153 374 132 141 375 148 155 376 133 156 377 133 156 378 149 157 379 134 136 380 134 136 381 150 158 382 135 139 383 135 139 384 151 144 385 136 159 386 136 159 387 152 160 388 137 127 389 166 133 390 182 161 391 167 162 392 177 163 393 163 164 394 162 165 395 187 166 396 173 138 397 172 167 398 183 168 399 169 131 400 168 169 401 164 170 402 180 171 403 165 172 404 160 135 405 176 173 406 161 174 407 174 175 408 99 84 409 83 48 410 185 176 411 171 177 412 170 178 413 165 172 414 135 139 415 110 109 416 168 169 417 118 114 418 116 112 419 144 152 420 174 175 421 128 124 422 176 173 423 130 134 424 131 153 425 161 174 426 131 153 427 102 98 428 167 162 429 137 127 430 114 110 431 185 176 432 120 116 433 140 147 434 100 97 435 161 174 436 102 98 437 181 179 438 112 108 439 136 159 440 178 180 441 132 141 442 133 156 443 135 139 444 179 140 445 134 136 446 170 178 447 122 118 448 120 116 449 137 127 450 181 179 451 136 159 452 106 102 453 178 180 454 133 156 455 162 165 456 106 102 457 104 100 458 177 163 459 104 100 460 132 141 461 184 181 462 138 129 463 139 132 464 142 130 465 172 167 466 124 120 467 171 177 468 141 149 469 122 118 470 141 149 471 185 176 472 140 147 473 124 120 474 173 138 475 126 125 476 188 182 477 142 130 478 143 137 479 183 168 480 116 112 481 138 129 482 108 106 483 165 172 484 110 109 485 99 84 486 144 152 487 50 93 488 1 0 489 3 3 490 2 1 491 3 3 492 5 5 493 4 4 494 5 5 495 7 7 496 6 6 497 7 7 498 9 183 499 8 8 500 8 8 501 9 183 502 11 9 503 10 10 504 11 9 505 13 11 506 13 11 507 15 14 508 14 13 509 15 14 510 17 16 511 16 15 512 17 16 513 19 18 514 18 17 515 19 18 516 21 20 517 20 19 518 21 20 519 23 22 520 22 21 521 23 22 522 25 24 523 24 23 524 25 24 525 27 184 526 26 25 527 26 25 528 27 184 529 29 26 530 29 26 531 31 29 532 30 28 533 31 29 534 33 31 535 32 30 536 3 3 537 1 0 538 33 31 539 33 31 540 31 29 541 29 26 542 29 26 543 27 184 544 25 24 545 25 24 546 23 22 547 17 16 548 23 22 549 21 20 550 17 16 551 21 20 552 19 18 553 17 16 554 17 16 555 15 14 556 9 183 557 15 14 558 13 11 559 9 183 560 13 11 561 11 9 562 9 183 563 9 183 564 7 7 565 5 5 566 5 5 567 3 3 568 33 31 569 33 31 570 29 26 571 17 16 572 29 26 573 25 24 574 17 16 575 9 183 576 5 5 577 17 16 578 42 32 579 43 39 580 60 33 581 24 23 582 26 25 583 47 35 584 44 37 585 93 94 586 77 38 587 16 15 588 18 17 589 43 39 590 16 15 591 75 91 592 74 40 593 35 41 594 2 1 595 68 42 596 8 8 597 10 10 598 39 44 599 0 2 600 2 1 601 35 41 602 30 28 603 49 64 604 48 47 605 30 28 606 32 30 607 83 48 608 48 47 609 97 96 610 81 50 611 22 21 612 45 59 613 44 37 614 14 13 615 41 71 616 40 51 617 10 10 618 72 81 619 88 52 620 4 4 621 6 6 622 37 53 623 66 62 624 67 2 625 51 55 626 51 55 627 52 63 628 55 66 629 52 63 630 53 65 631 55 66 632 53 65 633 54 67 634 55 66 635 55 66 636 56 68 637 57 69 638 57 69 639 58 70 640 55 66 641 58 70 642 59 34 643 55 66 644 59 34 645 60 33 646 63 56 647 60 33 648 61 57 649 63 56 650 61 57 651 62 58 652 63 56 653 63 56 654 64 60 655 65 61 656 65 61 657 66 62 658 63 56 659 66 62 660 51 55 661 63 56 662 51 55 663 55 66 664 59 34 665 43 39 666 44 37 667 61 57 668 44 37 669 45 59 670 62 58 671 45 59 672 46 36 673 63 56 674 46 36 675 47 35 676 64 60 677 47 35 678 48 47 679 65 61 680 35 41 681 52 63 682 51 55 683 48 47 684 49 64 685 66 62 686 36 54 687 53 65 688 52 63 689 49 64 690 50 93 691 67 2 692 37 53 693 54 67 694 53 65 695 37 53 696 38 45 697 55 66 698 38 45 699 39 44 700 56 68 701 39 44 702 40 51 703 57 69 704 40 51 705 41 71 706 58 70 707 41 71 708 42 32 709 59 34 710 74 40 711 75 91 712 91 72 713 71 74 714 87 92 715 86 75 716 81 50 717 97 96 718 96 77 719 77 38 720 93 94 721 92 79 722 72 81 723 73 89 724 89 82 725 68 42 726 69 90 727 85 83 728 82 49 729 83 48 730 99 84 731 79 86 732 95 95 733 94 87 734 40 51 735 89 82 736 73 89 737 20 19 738 77 38 739 76 80 740 49 64 741 30 28 742 82 49 743 35 41 744 84 43 745 85 83 746 36 54 747 85 83 748 69 90 749 42 32 750 91 72 751 75 91 752 22 21 753 78 88 754 94 87 755 2 1 756 4 4 757 69 90 758 14 13 759 74 40 760 90 73 761 37 53 762 86 75 763 87 92 764 50 93 765 99 84 766 83 48 767 40 51 768 39 44 769 88 52 770 24 23 771 79 86 772 78 88 773 42 32 774 41 71 775 90 73 776 8 8 777 38 45 778 87 92 779 8 8 780 71 74 781 70 76 782 6 6 783 70 76 784 86 75 785 43 39 786 92 79 787 93 94 788 47 35 789 26 25 790 80 78 791 46 36 792 95 95 793 79 86 794 46 36 795 45 59 796 94 87 797 26 25 798 28 27 799 81 50 800 47 35 801 96 77 802 97 96 803 18 17 804 76 80 805 92 79 806 10 10 807 12 12 808 73 89 809 49 64 810 98 85 811 99 84 812 100 97 813 101 99 814 1 0 815 102 98 816 103 101 817 101 99 818 104 100 819 105 103 820 103 101 821 106 102 822 107 105 823 105 103 824 106 102 825 108 106 826 109 104 827 108 106 828 110 109 829 111 107 830 112 108 831 113 111 832 111 107 833 114 110 834 115 113 835 113 111 836 116 112 837 117 115 838 115 113 839 118 114 840 119 117 841 117 115 842 120 116 843 121 119 844 119 117 845 122 118 846 123 121 847 121 119 848 124 120 849 125 123 850 123 121 851 124 120 852 126 125 853 127 122 854 128 124 855 129 126 856 127 122 857 32 30 858 33 31 859 129 126 860 33 31 861 1 0 862 101 99 863 101 99 864 103 101 865 105 103 866 105 103 867 107 105 868 101 99 869 107 105 870 109 104 871 101 99 872 109 104 873 111 107 874 113 111 875 113 111 876 115 113 877 117 115 878 117 115 879 119 117 880 121 119 881 121 119 882 123 121 883 125 123 884 125 123 885 127 122 886 101 99 887 127 122 888 129 126 889 101 99 890 129 126 891 33 31 892 101 99 893 109 104 894 113 111 895 101 99 896 113 111 897 117 115 898 101 99 899 117 115 900 121 119 901 101 99 902 137 127 903 152 160 904 153 128 905 122 118 906 141 149 907 142 130 908 169 131 909 184 181 910 139 132 911 114 110 912 137 127 913 138 129 914 166 133 915 167 162 916 114 110 917 130 134 918 175 185 919 160 135 920 106 102 921 133 156 922 134 136 923 0 2 924 34 46 925 130 134 926 143 137 927 144 152 928 128 124 929 128 124 930 174 175 931 83 48 932 173 138 933 188 182 934 143 137 935 139 132 936 140 147 937 120 116 938 135 139 939 136 159 940 112 108 941 179 140 942 164 170 943 108 106 944 102 98 945 131 153 946 132 141 947 51 55 948 67 2 949 159 143 950 159 143 951 158 151 952 157 150 953 157 150 954 156 148 955 159 143 956 156 148 957 155 146 958 159 143 959 155 146 960 154 145 961 153 128 962 153 128 963 152 160 964 151 144 965 151 144 966 150 158 967 149 157 968 149 157 969 148 155 970 147 186 971 147 186 972 146 154 973 145 142 974 145 142 975 51 55 976 159 143 977 155 146 978 153 128 979 159 143 980 153 128 981 151 144 982 159 143 983 151 144 984 149 157 985 147 186 986 147 186 987 145 142 988 151 144 989 138 129 990 153 128 991 154 145 992 139 132 993 154 145 994 155 146 995 140 147 996 155 146 997 156 148 998 141 149 999 156 148 1000 157 150 1001 142 130 1002 157 150 1003 158 151 1004 51 55 1005 145 142 1006 130 134 1007 143 137 1008 158 151 1009 159 143 1010 145 142 1011 146 154 1012 131 153 1013 144 152 1014 159 143 1015 67 2 1016 146 154 1017 147 186 1018 132 141 1019 132 141 1020 147 186 1021 148 155 1022 133 156 1023 148 155 1024 149 157 1025 134 136 1026 149 157 1027 150 158 1028 135 139 1029 150 158 1030 151 144 1031 136 159 1032 151 144 1033 152 160 1034 166 133 1035 181 179 1036 182 161 1037 177 163 1038 178 180 1039 163 164 1040 187 166 1041 188 182 1042 173 138 1043 183 168 1044 184 181 1045 169 131 1046 164 170 1047 179 140 1048 180 171 1049 160 135 1050 175 185 1051 176 173 1052 174 175 1053 189 187 1054 99 84 1055 185 176 1056 186 188 1057 171 177 1058 165 172 1059 180 171 1060 135 139 1061 168 169 1062 169 131 1063 118 114 1064 144 152 1065 189 187 1066 174 175 1067 176 173 1068 175 185 1069 130 134 1070 161 174 1071 176 173 1072 131 153 1073 167 162 1074 182 161 1075 137 127 1076 185 176 1077 170 178 1078 120 116 1079 100 97 1080 160 135 1081 161 174 1082 181 179 1083 166 133 1084 112 108 1085 178 180 1086 177 163 1087 132 141 1088 135 139 1089 180 171 1090 179 140 1091 170 178 1092 171 177 1093 122 118 1094 137 127 1095 182 161 1096 181 179 1097 106 102 1098 163 164 1099 178 180 1100 162 165 1101 163 164 1102 106 102 1103 177 163 1104 162 165 1105 104 100 1106 184 181 1107 183 168 1108 138 129 1109 142 130 1110 187 166 1111 172 167 1112 171 177 1113 186 188 1114 141 149 1115 141 149 1116 186 188 1117 185 176 1118 124 120 1119 172 167 1120 173 138 1121 188 182 1122 187 166 1123 142 130 1124 183 168 1125 168 169 1126 116 112 1127 108 106 1128 164 170 1129 165 172 1130 99 84 1131 189 187 1132 144 152 1133</p>
        </triangles>
      </mesh>
    </geometry>
  </library_geometries>
  <library_visual_scenes>
    <visual_scene id="Scene" name="Scene">
      <node id="DoorLeft" name="DoorLeft" type="NODE">
        <matrix sid="transform">-3.49691e-8 -0.7999996 8.50653e-4 0.1852545 0.8 -3.49691e-8 3.71832e-11 0.3026248 0 8.50653e-4 0.7999996 22.7049 0 0 0 1</matrix>
        <instance_geometry url="#Cylinder_048-mesh" name="DoorLeft">
          <bind_material>
            <technique_common>
              <instance_material symbol="Material_001-material" target="#Material_001-material">
                <bind_vertex_input semantic="UVMap" input_semantic="TEXCOORD" input_set="0"/>
              </instance_material>
            </technique_common>
          </bind_material>
        </instance_geometry>
      </node>
      <node id="DoorRight" name="DoorRight" type="NODE">
        <matrix sid="transform">-3.49691e-8 -0.7999996 -8.50653e-4 0.1852545 0.8 -3.49691e-8 -3.71832e-11 0.3026248 0 -8.50653e-4 0.7999996 22.7049 0 0 0 1</matrix>
        <instance_geometry url="#Cylinder_050-mesh" name="DoorRight">
          <bind_material>
            <technique_common>
              <instance_material symbol="Material_001-material" target="#Material_001-material">
                <bind_vertex_input semantic="UVMap" input_semantic="TEXCOORD" input_set="0"/>
              </instance_material>
            </technique_common>
          </bind_material>
        </instance_geometry>
      </node>
      <node id="Core" name="Core" type="NODE">
        <matrix sid="transform">6.03983e-8 -0.8 0 0.1852545 6.03983e-8 4.55995e-15 0.8 0.3026248 -0.8 -6.03983e-8 6.03983e-8 22.7049 0 0 0 1</matrix>
        <instance_geometry url="#Cylinder_001-mesh" name="Core">
          <bind_material>
            <technique_common>
              <instance_material symbol="Material_001-material" target="#Material_001-material">
                <bind_vertex_input semantic="UVMap" input_semantic="TEXCOORD" input_set="0"/>
              </instance_material>
            </technique_common>
          </bind_material>
        </instance_geometry>
      </node>
      <node id="TrackLeft" name="TrackLeft" type="NODE">
        <matrix sid="transform">6.03983e-8 -0.8 0 23.35053 6.03983e-8 4.55995e-15 0.8 0.2576157 -0.8 -6.03983e-8 6.03983e-8 9.671964 0 0 0 1</matrix>
        <instance_geometry url="#Cylinder_042-mesh" name="TrackLeft">
          <bind_material>
            <technique_common>
              <instance_material symbol="Material_001-material" target="#Material_001-material">
                <bind_vertex_input semantic="UVMap" input_semantic="TEXCOORD" input_set="0"/>
              </instance_material>
            </technique_common>
          </bind_material>
        </instance_geometry>
        <node id="WheelLR1" name="WheelLR1" type="NODE">
          <matrix sid="transform">3.17865e-8 -1 0 5.47085 5.69993e-15 0 -1 -5.06245 1 3.17865e-8 5.69993e-15 24.46728 0 0 0 1</matrix>
          <instance_geometry url="#Cylinder_034-mesh" name="WheelLR1">
            <bind_material>
              <technique_common>
                <instance_material symbol="Material_001-material" target="#Material_001-material">
                  <bind_vertex_input semantic="UVMap" input_semantic="TEXCOORD" input_set="0"/>
                </instance_material>
              </technique_common>
            </bind_material>
          </instance_geometry>
        </node>
        <node id="WheelLR2" name="WheelLR2" type="NODE">
          <matrix sid="transform">3.17865e-8 -1 0 0.8641732 5.69993e-15 0 -1 -5.06245 1 3.17865e-8 5.69993e-15 32.58529 0 0 0 1</matrix>
          <instance_geometry url="#Cylinder_033-mesh" name="WheelLR2">
            <bind_material>
              <technique_common>
                <instance_material symbol="Material_001-material" target="#Material_001-material">
                  <bind_vertex_input semantic="UVMap" input_semantic="TEXCOORD" input_set="0"/>
                </instance_material>
              </technique_common>
            </bind_material>
          </instance_geometry>
        </node>
        <node id="WheelLF2" name="WheelLF2" type="NODE">
          <matrix sid="transform">3.17865e-8 -1 0 -4.551384 5.69993e-15 0 -1 -5.062452 1 3.17865e-8 5.69993e-15 -27.30138 0 0 0 1</matrix>
          <instance_geometry url="#Cylinder_032-mesh" name="WheelLF2">
            <bind_material>
              <technique_common>
                <instance_material symbol="Material_001-material" target="#Material_001-material">
                  <bind_vertex_input semantic="UVMap" input_semantic="TEXCOORD" input_set="0"/>
                </instance_material>
              </technique_common>
            </bind_material>
          </instance_geometry>
        </node>
        <node id="WheelLF4" name="WheelLF4" type="NODE">
          <matrix sid="transform">3.17865e-8 -1 0 6.473317 5.69993e-15 0 -1 -5.06245 1 3.17865e-8 5.69993e-15 -19.35354 0 0 0 1</matrix>
          <instance_geometry url="#Cylinder_031-mesh" name="WheelLF4">
            <bind_material>
              <technique_common>
                <instance_material symbol="Material_001-material" target="#Material_001-material">
                  <bind_vertex_input semantic="UVMap" input_semantic="TEXCOORD" input_set="0"/>
                </instance_material>
              </technique_common>
            </bind_material>
          </instance_geometry>
        </node>
        <node id="WheelLF3" name="WheelLF3" type="NODE">
          <matrix sid="transform">3.17865e-8 -1 0 5.113523 5.69993e-15 0 -1 -5.06245 1 3.17865e-8 5.69993e-15 -25.21831 0 0 0 1</matrix>
          <instance_geometry url="#Cylinder_030-mesh" name="WheelLF3">
            <bind_material>
              <technique_common>
                <instance_material symbol="Material_001-material" target="#Material_001-material">
                  <bind_vertex_input semantic="UVMap" input_semantic="TEXCOORD" input_set="0"/>
                </instance_material>
              </technique_common>
            </bind_material>
          </instance_geometry>
        </node>
        <node id="WheelLF1" name="WheelLF1" type="NODE">
          <matrix sid="transform">3.17865e-8 -1 0 0.8641683 5.69993e-15 0 -1 -5.06245 1 3.17865e-8 5.69993e-15 -32.26702 0 0 0 1</matrix>
          <instance_geometry url="#Cylinder_023-mesh" name="WheelLF1">
            <bind_material>
              <technique_common>
                <instance_material symbol="Material_001-material" target="#Material_001-material">
                  <bind_vertex_input semantic="UVMap" input_semantic="TEXCOORD" input_set="0"/>
                </instance_material>
              </technique_common>
            </bind_material>
          </instance_geometry>
        </node>
        <node id="TreadL21" name="TreadL21" type="NODE">
          <matrix sid="transform">0.9808325 -1.563e-6 -0.1948533 -8.715798 1.38081e-6 1 -1.07083e-6 0.4057636 0.1948533 7.81246e-7 0.9808325 -28.8678 0 0 0 1</matrix>
          <instance_geometry url="#Cylinder_020-mesh" name="TreadL21">
            <bind_material>
              <technique_common>
                <instance_material symbol="Material_001-material" target="#Material_001-material">
                  <bind_vertex_input semantic="UVMap" input_semantic="TEXCOORD" input_set="0"/>
                </instance_material>
              </technique_common>
            </bind_material>
          </instance_geometry>
        </node>
        <node id="TreadL20" name="TreadL20" type="NODE">
          <matrix sid="transform">0.6780112 -7.56817e-7 -0.7350516 -4.448446 5.36748e-7 1 -5.34515e-7 0.4057636 0.7350516 -3.21301e-8 0.6780112 -35.98005 0 0 0 1</matrix>
          <instance_geometry url="#Cylinder_019-mesh" name="TreadL20">
            <bind_material>
              <technique_common>
                <instance_material symbol="Material_001-material" target="#Material_001-material">
                  <bind_vertex_input semantic="UVMap" input_semantic="TEXCOORD" input_set="0"/>
                </instance_material>
              </technique_common>
            </bind_material>
          </instance_geometry>
        </node>
        <node id="TreadL19" name="TreadL19" type="NODE">
          <matrix sid="transform">-0.2345329 -2.40092e-7 -0.9721082 3.172525 -1.50024e-8 1 -2.43361e-7 0.4057636 0.9721082 -4.24922e-8 -0.2345329 -37.96178 0 0 0 1</matrix>
          <instance_geometry url="#Cylinder_018-mesh" name="TreadL19">
            <bind_material>
              <technique_common>
                <instance_material symbol="Material_001-material" target="#Material_001-material">
                  <bind_vertex_input semantic="UVMap" input_semantic="TEXCOORD" input_set="0"/>
                </instance_material>
              </technique_common>
            </bind_material>
          </instance_geometry>
        </node>
        <node id="TreadL18" name="TreadL18" type="NODE">
          <matrix sid="transform">-0.9265089 2.31949e-7 -0.3762729 8.168073 2.88603e-7 1 -9.41974e-8 0.4057636 0.3762729 -1.95868e-7 -0.9265089 -33.38253 0 0 0 1</matrix>
          <instance_geometry url="#Cylinder_017-mesh" name="TreadL18">
            <bind_material>
              <technique_common>
                <instance_material symbol="Material_001-material" target="#Material_001-material">
                  <bind_vertex_input semantic="UVMap" input_semantic="TEXCOORD" input_set="0"/>
                </instance_material>
              </technique_common>
            </bind_material>
          </instance_geometry>
        </node>
        <node id="TreadL17" name="TreadL17" type="NODE">
          <matrix sid="transform">-0.9999833 -1.29619e-5 -0.0057832 9.763682 -1.29619e-5 1 -3.17815e-8 0.4057636 0.0057832 4.31805e-8 -0.9999833 -25.32384 0 0 0 1</matrix>
          <instance_geometry url="#Cylinder_016-mesh" name="TreadL17">
            <bind_material>
              <technique_common>
                <instance_material symbol="Material_001-material" target="#Material_001-material">
                  <bind_vertex_input semantic="UVMap" input_semantic="TEXCOORD" input_set="0"/>
                </instance_material>
              </technique_common>
            </bind_material>
          </instance_geometry>
        </node>
        <node id="TreadL16" name="TreadL16" type="NODE">
          <matrix sid="transform">-0.9999833 -1.29619e-5 -0.0057832 9.763683 -1.29619e-5 1 -3.17815e-8 0.4057636 0.0057832 4.31805e-8 -0.9999833 -16.77024 0 0 0 1</matrix>
          <instance_geometry url="#Cylinder_015-mesh" name="TreadL16">
            <bind_material>
              <technique_common>
                <instance_material symbol="Material_001-material" target="#Material_001-material">
                  <bind_vertex_input semantic="UVMap" input_semantic="TEXCOORD" input_set="0"/>
                </instance_material>
              </technique_common>
            </bind_material>
          </instance_geometry>
        </node>
        <node id="TreadL15" name="TreadL15" type="NODE">
          <matrix sid="transform">-0.9999833 -1.29619e-5 -0.0057832 9.763684 -1.29619e-5 1 -3.17815e-8 0.4057636 0.0057832 4.31805e-8 -0.9999833 -8.216645 0 0 0 1</matrix>
          <instance_geometry url="#Cylinder_014-mesh" name="TreadL15">
            <bind_material>
              <technique_common>
                <instance_material symbol="Material_001-material" target="#Material_001-material">
                  <bind_vertex_input semantic="UVMap" input_semantic="TEXCOORD" input_set="0"/>
                </instance_material>
              </technique_common>
            </bind_material>
          </instance_geometry>
        </node>
        <node id="TreadL14" name="TreadL14" type="NODE">
          <matrix sid="transform">-0.9999833 -1.29619e-5 -0.0057832 9.763684 -1.29619e-5 1 -3.17815e-8 0.4057636 0.0057832 4.31805e-8 -0.9999833 0.3369547 0 0 0 1</matrix>
          <instance_geometry url="#Cylinder_013-mesh" name="TreadL14">
            <bind_material>
              <technique_common>
                <instance_material symbol="Material_001-material" target="#Material_001-material">
                  <bind_vertex_input semantic="UVMap" input_semantic="TEXCOORD" input_set="0"/>
                </instance_material>
              </technique_common>
            </bind_material>
          </instance_geometry>
        </node>
        <node id="TreadL13" name="TreadL13" type="NODE">
          <matrix sid="transform">-0.9999833 -1.29619e-5 -0.0057832 9.763685 -1.29619e-5 1 -3.17815e-8 0.4057636 0.0057832 4.31805e-8 -0.9999833 8.890556 0 0 0 1</matrix>
          <instance_geometry url="#Cylinder_012-mesh" name="TreadL13">
            <bind_material>
              <technique_common>
                <instance_material symbol="Material_001-material" target="#Material_001-material">
                  <bind_vertex_input semantic="UVMap" input_semantic="TEXCOORD" input_set="0"/>
                </instance_material>
              </technique_common>
            </bind_material>
          </instance_geometry>
        </node>
        <node id="TreadL12" name="TreadL12" type="NODE">
          <matrix sid="transform">-0.9999833 -1.29619e-5 -0.0057832 9.763686 -1.29619e-5 1 -3.17815e-8 0.4057636 0.0057832 4.31805e-8 -0.9999833 17.11906 0 0 0 1</matrix>
          <instance_geometry url="#Cylinder_011-mesh" name="TreadL12">
            <bind_material>
              <technique_common>
                <instance_material symbol="Material_001-material" target="#Material_001-material">
                  <bind_vertex_input semantic="UVMap" input_semantic="TEXCOORD" input_set="0"/>
                </instance_material>
              </technique_common>
            </bind_material>
          </instance_geometry>
        </node>
        <node id="TreadL11" name="TreadL11" type="NODE">
          <matrix sid="transform">-0.9999833 -1.29619e-5 -0.0057832 9.763686 -1.29619e-5 1 -3.17815e-8 0.4057636 0.0057832 4.31805e-8 -0.9999833 25.65413 0 0 0 1</matrix>
          <instance_geometry url="#Cylinder_010-mesh" name="TreadL11">
            <bind_material>
              <technique_common>
                <instance_material symbol="Material_001-material" target="#Material_001-material">
                  <bind_vertex_input semantic="UVMap" input_semantic="TEXCOORD" input_set="0"/>
                </instance_material>
              </technique_common>
            </bind_material>
          </instance_geometry>
        </node>
        <node id="TreadL10" name="TreadL10" type="NODE">
          <matrix sid="transform">-0.8958641 -9.52848e-8 0.4443284 7.537689 -7.04569e-8 1 7.23903e-8 0.4057636 -0.4443284 3.35459e-8 -0.8958641 34.06382 0 0 0 1</matrix>
          <instance_geometry url="#Cylinder_009-mesh" name="TreadL10">
            <bind_material>
              <technique_common>
                <instance_material symbol="Material_001-material" target="#Material_001-material">
                  <bind_vertex_input semantic="UVMap" input_semantic="TEXCOORD" input_set="0"/>
                </instance_material>
              </technique_common>
            </bind_material>
          </instance_geometry>
        </node>
        <node id="TreadL9" name="TreadL9" type="NODE">
          <matrix sid="transform">-0.2287747 -1.45649e-7 0.9734794 2.173848 3.82258e-8 1 1.586e-7 0.3857574 -0.9734794 7.34957e-8 -0.2287747 38.84227 0 0 0 1</matrix>
          <instance_geometry url="#Cylinder_008-mesh" name="TreadL9">
            <bind_material>
              <technique_common>
                <instance_material symbol="Material_001-material" target="#Material_001-material">
                  <bind_vertex_input semantic="UVMap" input_semantic="TEXCOORD" input_set="0"/>
                </instance_material>
              </technique_common>
            </bind_material>
          </instance_geometry>
        </node>
        <node id="TreadL8" name="TreadL8" type="NODE">
          <matrix sid="transform">0.5503648 -1.38863e-7 0.8349243 -4.679405 4.59544e-8 1 1.36026e-7 0.3857594 -0.8349243 -3.64957e-8 0.5503648 36.36762 0 0 0 1</matrix>
          <instance_geometry url="#Cylinder_007-mesh" name="TreadL8">
            <bind_material>
              <technique_common>
                <instance_material symbol="Material_001-material" target="#Material_001-material">
                  <bind_vertex_input semantic="UVMap" input_semantic="TEXCOORD" input_set="0"/>
                </instance_material>
              </technique_common>
            </bind_material>
          </instance_geometry>
        </node>
        <node id="TreadL7" name="TreadL7" type="NODE">
          <matrix sid="transform">0.9590117 6.89033e-7 0.2833667 -8.379583 -7.12161e-7 1 -2.13936e-8 0.3857594 -0.2833667 -1.81286e-7 0.9590117 29.85054 0 0 0 1</matrix>
          <instance_geometry url="#Cylinder_006-mesh" name="TreadL7">
            <bind_material>
              <technique_common>
                <instance_material symbol="Material_001-material" target="#Material_001-material">
                  <bind_vertex_input semantic="UVMap" input_semantic="TEXCOORD" input_set="0"/>
                </instance_material>
              </technique_common>
            </bind_material>
          </instance_geometry>
        </node>
        <node id="TreadL6" name="TreadL6" type="NODE">
          <matrix sid="transform">1 0 0 -9.479295 0 1 0 0.3857594 0 0 1 21.07315 0 0 0 1</matrix>
          <instance_geometry url="#Cylinder_005-mesh" name="TreadL6">
            <bind_material>
              <technique_common>
                <instance_material symbol="Material_001-material" target="#Material_001-material">
                  <bind_vertex_input semantic="UVMap" input_semantic="TEXCOORD" input_set="0"/>
                </instance_material>
              </technique_common>
            </bind_material>
          </instance_geometry>
        </node>
        <node id="TreadL5" name="TreadL5" type="NODE">
          <matrix sid="transform">1 0 0 -9.479296 0 1 0 0.3857594 0 0 1 12.62293 0 0 0 1</matrix>
          <instance_geometry url="#Cylinder_004-mesh" name="TreadL5">
            <bind_material>
              <technique_common>
                <instance_material symbol="Material_001-material" target="#Material_001-material">
                  <bind_vertex_input semantic="UVMap" input_semantic="TEXCOORD" input_set="0"/>
                </instance_material>
              </technique_common>
            </bind_material>
          </instance_geometry>
        </node>
        <node id="TreadL4" name="TreadL4" type="NODE">
          <matrix sid="transform">1 0 0 -9.479296 0 1 0 0.4049358 0 0 1 4.496903 0 0 0 1</matrix>
          <instance_geometry url="#Cylinder_003-mesh" name="TreadL4">
            <bind_material>
              <technique_common>
                <instance_material symbol="Material_001-material" target="#Material_001-material">
                  <bind_vertex_input semantic="UVMap" input_semantic="TEXCOORD" input_set="0"/>
                </instance_material>
              </technique_common>
            </bind_material>
          </instance_geometry>
        </node>
        <node id="TredL3" name="TredL3" type="NODE">
          <matrix sid="transform">1 0 0 -9.479297 0 1 0 0.4049358 0 0 1 -4.006798 0 0 0 1</matrix>
          <instance_geometry url="#Cylinder_002-mesh" name="TredL3">
            <bind_material>
              <technique_common>
                <instance_material symbol="Material_001-material" target="#Material_001-material">
                  <bind_vertex_input semantic="UVMap" input_semantic="TEXCOORD" input_set="0"/>
                </instance_material>
              </technique_common>
            </bind_material>
          </instance_geometry>
        </node>
        <node id="TreadL2" name="TreadL2" type="NODE">
          <matrix sid="transform">1 0 0 -9.479298 0 1 0 0.4049358 0 0 1 -12.59839 0 0 0 1</matrix>
          <instance_geometry url="#Cylinder_000-mesh" name="TreadL2">
            <bind_material>
              <technique_common>
                <instance_material symbol="Material_001-material" target="#Material_001-material">
                  <bind_vertex_input semantic="UVMap" input_semantic="TEXCOORD" input_set="0"/>
                </instance_material>
              </technique_common>
            </bind_material>
          </instance_geometry>
        </node>
        <node id="TreadL1" name="TreadL1" type="NODE">
          <matrix sid="transform">1 0 0 -9.479298 0 1 0 0.4049358 0 0 1 -20.69256 0 0 0 1</matrix>
          <instance_geometry url="#Cylinder_047-mesh" name="TreadL1">
            <bind_material>
              <technique_common>
                <instance_material symbol="Material_001-material" target="#Material_001-material">
                  <bind_vertex_input semantic="UVMap" input_semantic="TEXCOORD" input_set="0"/>
                </instance_material>
              </technique_common>
            </bind_material>
          </instance_geometry>
        </node>
      </node>
      <node id="Hull" name="Hull" type="NODE">
        <matrix sid="transform">6.03983e-8 -0.8 0 0.1852545 6.03983e-8 4.55995e-15 0.8 0.3026248 -0.8 -6.03983e-8 6.03983e-8 22.7049 0 0 0 1</matrix>
        <instance_geometry url="#Cylinder_043-mesh" name="Hull">
          <bind_material>
            <technique_common>
              <instance_material symbol="Material_001-material" target="#Material_001-material">
                <bind_vertex_input semantic="UVMap" input_semantic="TEXCOORD" input_set="0"/>
              </instance_material>
            </technique_common>
          </bind_material>
        </instance_geometry>
      </node>
      <node id="Support1" name="Support1" type="NODE">
        <matrix sid="transform">6.03983e-8 -0.8 0 0.1852545 6.03983e-8 4.55995e-15 0.8 0.3026248 -0.8 -6.03983e-8 6.03983e-8 22.7049 0 0 0 1</matrix>
        <instance_geometry url="#Cylinder_044-mesh" name="Support1">
          <bind_material>
            <technique_common>
              <instance_material symbol="Material_001-material" target="#Material_001-material">
                <bind_vertex_input semantic="UVMap" input_semantic="TEXCOORD" input_set="0"/>
              </instance_material>
            </technique_common>
          </bind_material>
        </instance_geometry>
      </node>
      <node id="Support2" name="Support2" type="NODE">
        <matrix sid="transform">6.03983e-8 -0.8 0 0.1852527 6.03983e-8 4.55995e-15 0.8 27.71157 -0.8 -6.03983e-8 6.03983e-8 22.7049 0 0 0 1</matrix>
        <instance_geometry url="#Cylinder_045-mesh" name="Support2">
          <bind_material>
            <technique_common>
              <instance_material symbol="Material_001-material" target="#Material_001-material">
                <bind_vertex_input semantic="UVMap" input_semantic="TEXCOORD" input_set="0"/>
              </instance_material>
            </technique_common>
          </bind_material>
        </instance_geometry>
      </node>
      <node id="Support3" name="Support3" type="NODE">
        <matrix sid="transform">6.03983e-8 -0.8 0 0.1852558 6.03983e-8 4.55995e-15 0.8 -31.7718 -0.8 -6.03983e-8 6.03983e-8 22.7049 0 0 0 1</matrix>
        <instance_geometry url="#Cylinder_046-mesh" name="Support3">
          <bind_material>
            <technique_common>
              <instance_material symbol="Material_001-material" target="#Material_001-material">
                <bind_vertex_input semantic="UVMap" input_semantic="TEXCOORD" input_set="0"/>
              </instance_material>
            </technique_common>
          </bind_material>
        </instance_geometry>
      </node>
      <node id="CoreFront" name="CoreFront" type="NODE">
        <matrix sid="transform">-3.49691e-8 0.8 -2.60673e-7 0.1852542 0.8 3.49691e-8 6.99382e-8 12.91386 6.99382e-8 -2.60673e-7 -0.8 23.82689 0 0 0 1</matrix>
        <instance_geometry url="#Cylinder_051-mesh" name="CoreFront">
          <bind_material>
            <technique_common>
              <instance_material symbol="Material_001-material" target="#Material_001-material">
                <bind_vertex_input semantic="UVMap" input_semantic="TEXCOORD" input_set="0"/>
              </instance_material>
            </technique_common>
          </bind_material>
        </instance_geometry>
      </node>
      <node id="TrackRight" name="TrackRight" type="NODE">
        <matrix sid="transform">6.03983e-8 -0.8 0 -22.9772 6.03983e-8 4.55995e-15 0.8 0.2576141 -0.8 -6.03983e-8 6.03983e-8 9.671964 0 0 0 1</matrix>
        <instance_geometry url="#Cylinder_073-mesh" name="TrackRight">
          <bind_material>
            <technique_common>
              <instance_material symbol="Material_001-material" target="#Material_001-material">
                <bind_vertex_input semantic="UVMap" input_semantic="TEXCOORD" input_set="0"/>
              </instance_material>
            </technique_common>
          </bind_material>
        </instance_geometry>
        <node id="TreadR21" name="TreadR21" type="NODE">
          <matrix sid="transform">-1 -3.17865e-8 -1.50996e-7 -9.4793 -3.17865e-8 1 -1.13999e-14 -0.4049339 1.50996e-7 -6.60024e-15 -1 -20.69255 0 0 0 1</matrix>
          <instance_geometry url="#Cylinder_072-mesh" name="TreadR21">
            <bind_material>
              <technique_common>
                <instance_material symbol="Material_001-material" target="#Material_001-material">
                  <bind_vertex_input semantic="UVMap" input_semantic="TEXCOORD" input_set="0"/>
                </instance_material>
              </technique_common>
            </bind_material>
          </instance_geometry>
        </node>
        <node id="TraedR20" name="TraedR20" type="NODE">
          <matrix sid="transform">-1 -3.17865e-8 -1.50996e-7 -9.479299 -3.17865e-8 1 -1.13999e-14 -0.4049339 1.50996e-7 -6.60024e-15 -1 -12.59839 0 0 0 1</matrix>
          <instance_geometry url="#Cylinder_071-mesh" name="TraedR20">
            <bind_material>
              <technique_common>
                <instance_material symbol="Material_001-material" target="#Material_001-material">
                  <bind_vertex_input semantic="UVMap" input_semantic="TEXCOORD" input_set="0"/>
                </instance_material>
              </technique_common>
            </bind_material>
          </instance_geometry>
        </node>
        <node id="TreadR19" name="TreadR19" type="NODE">
          <matrix sid="transform">-1 -3.17865e-8 -1.50996e-7 -9.479299 -3.17865e-8 1 -1.13999e-14 -0.4049339 1.50996e-7 -6.60024e-15 -1 -4.006799 0 0 0 1</matrix>
          <instance_geometry url="#Cylinder_070-mesh" name="TreadR19">
            <bind_material>
              <technique_common>
                <instance_material symbol="Material_001-material" target="#Material_001-material">
                  <bind_vertex_input semantic="UVMap" input_semantic="TEXCOORD" input_set="0"/>
                </instance_material>
              </technique_common>
            </bind_material>
          </instance_geometry>
        </node>
        <node id="TreadR18" name="TreadR18" type="NODE">
          <matrix sid="transform">-1 -3.17865e-8 -1.50996e-7 -9.479298 -3.17865e-8 1 -1.13999e-14 -0.4049339 1.50996e-7 -6.60024e-15 -1 4.496902 0 0 0 1</matrix>
          <instance_geometry url="#Cylinder_069-mesh" name="TreadR18">
            <bind_material>
              <technique_common>
                <instance_material symbol="Material_001-material" target="#Material_001-material">
                  <bind_vertex_input semantic="UVMap" input_semantic="TEXCOORD" input_set="0"/>
                </instance_material>
              </technique_common>
            </bind_material>
          </instance_geometry>
        </node>
        <node id="TreadR17" name="TreadR17" type="NODE">
          <matrix sid="transform">-1 -3.17865e-8 -1.50996e-7 -9.479297 -3.17865e-8 1 -1.13999e-14 -0.3857555 1.50996e-7 -6.60024e-15 -1 12.62293 0 0 0 1</matrix>
          <instance_geometry url="#Cylinder_068-mesh" name="TreadR17">
            <bind_material>
              <technique_common>
                <instance_material symbol="Material_001-material" target="#Material_001-material">
                  <bind_vertex_input semantic="UVMap" input_semantic="TEXCOORD" input_set="0"/>
                </instance_material>
              </technique_common>
            </bind_material>
          </instance_geometry>
        </node>
        <node id="TreadR16" name="TreadR16" type="NODE">
          <matrix sid="transform">-1 -3.17865e-8 -1.50996e-7 -9.479297 -3.17865e-8 1 -1.13999e-14 -0.3857555 1.50996e-7 -6.60024e-15 -1 21.07315 0 0 0 1</matrix>
          <instance_geometry url="#Cylinder_067-mesh" name="TreadR16">
            <bind_material>
              <technique_common>
                <instance_material symbol="Material_001-material" target="#Material_001-material">
                  <bind_vertex_input semantic="UVMap" input_semantic="TEXCOORD" input_set="0"/>
                </instance_material>
              </technique_common>
            </bind_material>
          </instance_geometry>
        </node>
        <node id="TreadR15" name="TreadR15" type="NODE">
          <matrix sid="transform">-0.9590116 -2.87561e-8 -0.2833669 -8.379585 -3.36396e-8 1 1.23682e-8 -0.3857555 0.2833669 2.13936e-8 -0.9590116 29.85054 0 0 0 1</matrix>
          <instance_geometry url="#Cylinder_066-mesh" name="TreadR15">
            <bind_material>
              <technique_common>
                <instance_material symbol="Material_001-material" target="#Material_001-material">
                  <bind_vertex_input semantic="UVMap" input_semantic="TEXCOORD" input_set="0"/>
                </instance_material>
              </technique_common>
            </bind_material>
          </instance_geometry>
        </node>
        <node id="TreadR14" name="TreadR14" type="NODE">
          <matrix sid="transform">-0.5503653 -4.45217e-8 -0.834924 -4.679407 -7.71326e-8 1 -2.47996e-9 -0.3857555 0.834924 6.3035e-8 -0.5503653 36.36762 0 0 0 1</matrix>
          <instance_geometry url="#Cylinder_065-mesh" name="TreadR14">
            <bind_material>
              <technique_common>
                <instance_material symbol="Material_001-material" target="#Material_001-material">
                  <bind_vertex_input semantic="UVMap" input_semantic="TEXCOORD" input_set="0"/>
                </instance_material>
              </technique_common>
            </bind_material>
          </instance_geometry>
        </node>
        <node id="TreadR13" name="TreadR13" type="NODE">
          <matrix sid="transform">0.2287744 -1.02356e-8 -0.9734795 2.173846 4.37653e-8 1 -2.29328e-10 -0.3857536 0.9734795 -4.25521e-8 0.2287744 38.84227 0 0 0 1</matrix>
          <instance_geometry url="#Cylinder_064-mesh" name="TreadR13">
            <bind_material>
              <technique_common>
                <instance_material symbol="Material_001-material" target="#Material_001-material">
                  <bind_vertex_input semantic="UVMap" input_semantic="TEXCOORD" input_set="0"/>
                </instance_material>
              </technique_common>
            </bind_material>
          </instance_geometry>
        </node>
        <node id="TreadR12" name="TreadR12" type="NODE">
          <matrix sid="transform">0.8958643 -3.28248e-7 -0.444328 7.537689 3.49766e-7 1 -3.35458e-8 -0.4057598 0.444328 -1.25358e-7 0.8958643 34.06382 0 0 0 1</matrix>
          <instance_geometry url="#Cylinder_063-mesh" name="TreadR12">
            <bind_material>
              <technique_common>
                <instance_material symbol="Material_001-material" target="#Material_001-material">
                  <bind_vertex_input semantic="UVMap" input_semantic="TEXCOORD" input_set="0"/>
                </instance_material>
              </technique_common>
            </bind_material>
          </instance_geometry>
        </node>
        <node id="TreadR11" name="TreadR11" type="NODE">
          <matrix sid="transform">0.9999833 1.3232e-5 0.005783319 9.763685 -1.32322e-5 1 -4.36617e-10 -0.4057598 -0.005783319 -7.60896e-8 0.9999833 25.65413 0 0 0 1</matrix>
          <instance_geometry url="#Cylinder_062-mesh" name="TreadR11">
            <bind_material>
              <technique_common>
                <instance_material symbol="Material_001-material" target="#Material_001-material">
                  <bind_vertex_input semantic="UVMap" input_semantic="TEXCOORD" input_set="0"/>
                </instance_material>
              </technique_common>
            </bind_material>
          </instance_geometry>
        </node>
        <node id="TreadR10" name="TreadR10" type="NODE">
          <matrix sid="transform">0.9999833 1.3232e-5 0.005783319 9.763684 -1.32322e-5 1 -4.36617e-10 -0.4057598 -0.005783319 -7.60896e-8 0.9999833 17.11906 0 0 0 1</matrix>
          <instance_geometry url="#Cylinder_061-mesh" name="TreadR10">
            <bind_material>
              <technique_common>
                <instance_material symbol="Material_001-material" target="#Material_001-material">
                  <bind_vertex_input semantic="UVMap" input_semantic="TEXCOORD" input_set="0"/>
                </instance_material>
              </technique_common>
            </bind_material>
          </instance_geometry>
        </node>
        <node id="TreadR9" name="TreadR9" type="NODE">
          <matrix sid="transform">0.9999833 1.3232e-5 0.005783319 9.763683 -1.32322e-5 1 -4.36617e-10 -0.4057598 -0.005783319 -7.60896e-8 0.9999833 8.890556 0 0 0 1</matrix>
          <instance_geometry url="#Cylinder_060-mesh" name="TreadR9">
            <bind_material>
              <technique_common>
                <instance_material symbol="Material_001-material" target="#Material_001-material">
                  <bind_vertex_input semantic="UVMap" input_semantic="TEXCOORD" input_set="0"/>
                </instance_material>
              </technique_common>
            </bind_material>
          </instance_geometry>
        </node>
        <node id="TreadR8" name="TreadR8" type="NODE">
          <matrix sid="transform">0.9999833 1.3232e-5 0.005783319 9.763683 -1.32322e-5 1 -4.36617e-10 -0.4057598 -0.005783319 -7.60896e-8 0.9999833 0.3369547 0 0 0 1</matrix>
          <instance_geometry url="#Cylinder_059-mesh" name="TreadR8">
            <bind_material>
              <technique_common>
                <instance_material symbol="Material_001-material" target="#Material_001-material">
                  <bind_vertex_input semantic="UVMap" input_semantic="TEXCOORD" input_set="0"/>
                </instance_material>
              </technique_common>
            </bind_material>
          </instance_geometry>
        </node>
        <node id="TreadR7" name="TreadR7" type="NODE">
          <matrix sid="transform">0.9999833 1.3232e-5 0.005783319 9.763682 -1.32322e-5 1 -4.36617e-10 -0.4057598 -0.005783319 -7.60896e-8 0.9999833 -8.216644 0 0 0 1</matrix>
          <instance_geometry url="#Cylinder_058-mesh" name="TreadR7">
            <bind_material>
              <technique_common>
                <instance_material symbol="Material_001-material" target="#Material_001-material">
                  <bind_vertex_input semantic="UVMap" input_semantic="TEXCOORD" input_set="0"/>
                </instance_material>
              </technique_common>
            </bind_material>
          </instance_geometry>
        </node>
        <node id="TreadR6" name="TreadR6" type="NODE">
          <matrix sid="transform">0.9999833 1.3232e-5 0.005783319 9.763681 -1.32322e-5 1 -4.36617e-10 -0.4057598 -0.005783319 -7.60896e-8 0.9999833 -16.77024 0 0 0 1</matrix>
          <instance_geometry url="#Cylinder_057-mesh" name="TreadR6">
            <bind_material>
              <technique_common>
                <instance_material symbol="Material_001-material" target="#Material_001-material">
                  <bind_vertex_input semantic="UVMap" input_semantic="TEXCOORD" input_set="0"/>
                </instance_material>
              </technique_common>
            </bind_material>
          </instance_geometry>
        </node>
        <node id="TreadR5" name="TreadR5" type="NODE">
          <matrix sid="transform">0.9999833 1.3232e-5 0.005783319 9.763681 -1.32322e-5 1 -4.36617e-10 -0.4057598 -0.005783319 -7.60896e-8 0.9999833 -25.32384 0 0 0 1</matrix>
          <instance_geometry url="#Cylinder_056-mesh" name="TreadR5">
            <bind_material>
              <technique_common>
                <instance_material symbol="Material_001-material" target="#Material_001-material">
                  <bind_vertex_input semantic="UVMap" input_semantic="TEXCOORD" input_set="0"/>
                </instance_material>
              </technique_common>
            </bind_material>
          </instance_geometry>
        </node>
        <node id="TreadR4" name="TreadR4" type="NODE">
          <matrix sid="transform">0.9265088 -1.39943e-7 0.3762731 8.168071 8.97144e-8 1 1.51013e-7 -0.4057598 -0.3762731 -1.06158e-7 0.9265088 -33.38253 0 0 0 1</matrix>
          <instance_geometry url="#Cylinder_055-mesh" name="TreadR4">
            <bind_material>
              <technique_common>
                <instance_material symbol="Material_001-material" target="#Material_001-material">
                  <bind_vertex_input semantic="UVMap" input_semantic="TEXCOORD" input_set="0"/>
                </instance_material>
              </technique_common>
            </bind_material>
          </instance_geometry>
        </node>
        <node id="TreadR3" name="TreadR3" type="NODE">
          <matrix sid="transform">0.2345327 -1.2471e-7 0.9721082 2.973034 -1.2471e-7 1 1.58377e-7 -0.4057598 -0.9721082 -1.58377e-7 0.2345327 -38.14465 0 0 0 1</matrix>
          <instance_geometry url="#Cylinder_054-mesh" name="TreadR3">
            <bind_material>
              <technique_common>
                <instance_material symbol="Material_001-material" target="#Material_001-material">
                  <bind_vertex_input semantic="UVMap" input_semantic="TEXCOORD" input_set="0"/>
                </instance_material>
              </technique_common>
            </bind_material>
          </instance_geometry>
        </node>
        <node id="TreadR2" name="TreadR2" type="NODE">
          <matrix sid="transform">-0.6780118 -1.16348e-6 0.735051 -4.448447 -8.76882e-7 1 7.74025e-7 -0.4057598 -0.735051 -1.19755e-7 -0.6780118 -35.98005 0 0 0 1</matrix>
          <instance_geometry url="#Cylinder_053-mesh" name="TreadR2">
            <bind_material>
              <technique_common>
                <instance_material symbol="Material_001-material" target="#Material_001-material">
                  <bind_vertex_input semantic="UVMap" input_semantic="TEXCOORD" input_set="0"/>
                </instance_material>
              </technique_common>
            </bind_material>
          </instance_geometry>
        </node>
        <node id="WheelRF1" name="WheelRF1" type="NODE">
          <matrix sid="transform">-5.96046e-7 1 0 0.8641689 -2.98024e-8 -2.13163e-14 -1 5.062454 -1 -5.96046e-7 2.98024e-8 -32.26702 0 0 0 1</matrix>
          <instance_geometry url="#Cylinder_040-mesh" name="WheelRF1">
            <bind_material>
              <technique_common>
                <instance_material symbol="Material_001-material" target="#Material_001-material">
                  <bind_vertex_input semantic="UVMap" input_semantic="TEXCOORD" input_set="0"/>
                </instance_material>
              </technique_common>
            </bind_material>
          </instance_geometry>
        </node>
        <node id="WheelRF3" name="WheelRF3" type="NODE">
          <matrix sid="transform">-5.96046e-7 1 0 5.113522 -2.98024e-8 -2.13163e-14 -1 5.062454 -1 -5.96046e-7 2.98024e-8 -25.21831 0 0 0 1</matrix>
          <instance_geometry url="#Cylinder_039-mesh" name="WheelRF3">
            <bind_material>
              <technique_common>
                <instance_material symbol="Material_001-material" target="#Material_001-material">
                  <bind_vertex_input semantic="UVMap" input_semantic="TEXCOORD" input_set="0"/>
                </instance_material>
              </technique_common>
            </bind_material>
          </instance_geometry>
        </node>
        <node id="WheelRF4" name="WheelRF4" type="NODE">
          <matrix sid="transform">-5.96046e-7 1 0 6.473316 -2.98024e-8 -2.13163e-14 -1 5.062454 -1 -5.96046e-7 2.98024e-8 -19.35354 0 0 0 1</matrix>
          <instance_geometry url="#Cylinder_038-mesh" name="WheelRF4">
            <bind_material>
              <technique_common>
                <instance_material symbol="Material_001-material" target="#Material_001-material">
                  <bind_vertex_input semantic="UVMap" input_semantic="TEXCOORD" input_set="0"/>
                </instance_material>
              </technique_common>
            </bind_material>
          </instance_geometry>
        </node>
        <node id="WheelRF2" name="WheelRF2" type="NODE">
          <matrix sid="transform">-5.96046e-7 1 0 -4.551387 -2.98024e-8 -2.13163e-14 -1 5.062452 -1 -5.96046e-7 2.98024e-8 -27.30138 0 0 0 1</matrix>
          <instance_geometry url="#Cylinder_037-mesh" name="WheelRF2">
            <bind_material>
              <technique_common>
                <instance_material symbol="Material_001-material" target="#Material_001-material">
                  <bind_vertex_input semantic="UVMap" input_semantic="TEXCOORD" input_set="0"/>
                </instance_material>
              </technique_common>
            </bind_material>
          </instance_geometry>
        </node>
        <node id="WheelRR2" name="WheelRR2" type="NODE">
          <matrix sid="transform">-5.96046e-7 1 0 0.8641738 -2.98024e-8 -2.13163e-14 -1 5.062454 -1 -5.96046e-7 2.98024e-8 32.58529 0 0 0 1</matrix>
          <instance_geometry url="#Cylinder_036-mesh" name="WheelRR2">
            <bind_material>
              <technique_common>
                <instance_material symbol="Material_001-material" target="#Material_001-material">
                  <bind_vertex_input semantic="UVMap" input_semantic="TEXCOORD" input_set="0"/>
                </instance_material>
              </technique_common>
            </bind_material>
          </instance_geometry>
        </node>
        <node id="WheelRR1" name="WheelRR1" type="NODE">
          <matrix sid="transform">-5.96046e-7 1 0 5.470849 -2.98024e-8 -2.13163e-14 -1 5.062454 -1 -5.96046e-7 2.98024e-8 24.46728 0 0 0 1</matrix>
          <instance_geometry url="#Cylinder_035-mesh" name="WheelRR1">
            <bind_material>
              <technique_common>
                <instance_material symbol="Material_001-material" target="#Material_001-material">
                  <bind_vertex_input semantic="UVMap" input_semantic="TEXCOORD" input_set="0"/>
                </instance_material>
              </technique_common>
            </bind_material>
          </instance_geometry>
        </node>
        <node id="TreadR21_001" name="TreadR21.001" type="NODE">
          <matrix sid="transform">0.9808325 -1.563e-6 -0.1948533 -8.7158 1.38081e-6 1 -1.07083e-6 -0.3393993 0.1948533 7.81246e-7 0.9808325 -28.8678 0 0 0 1</matrix>
          <instance_geometry url="#Cylinder_021-mesh" name="TreadR21.001">
            <bind_material>
              <technique_common>
                <instance_material symbol="Material_001-material" target="#Material_001-material">
                  <bind_vertex_input semantic="UVMap" input_semantic="TEXCOORD" input_set="0"/>
                </instance_material>
              </technique_common>
            </bind_material>
          </instance_geometry>
        </node>
      </node>
      <node id="CoreRear" name="CoreRear" type="NODE">
        <matrix sid="transform">-3.49691e-8 -0.8 0 0.185255 6.03983e-8 -2.64009e-15 0.8 -10.55754 -0.8 3.49691e-8 6.03983e-8 22.7049 0 0 0 1</matrix>
        <instance_geometry url="#Cylinder_121-mesh" name="CoreRear">
          <bind_material>
            <technique_common>
              <instance_material symbol="Material_001-material" target="#Material_001-material">
                <bind_vertex_input semantic="UVMap" input_semantic="TEXCOORD" input_set="0"/>
              </instance_material>
            </technique_common>
          </bind_material>
        </instance_geometry>
      </node>
    </visual_scene>
  </library_visual_scenes>
  <scene>
    <instance_visual_scene url="#Scene"/>
  </scene>
</COLLADA>